transaction_id,bank,error_code,payment_network,amount_inr,failed_at
68b49d91,HDFC,insufficient_funds,Mastercard,499,2026-08-01T09:00:00
f002f86c,Kotak,timeout,Mastercard,2999,2026-08-01T09:02:00
0740e0e6,ICICI,hard_decline,UPI_AUTOPAY,999,2026-08-01T09:06:00
26bae759,SBI,insufficient_funds,UPI_AUTOPAY,1499,2026-08-01T09:07:00
a0697add,Kotak,insufficient_funds,Mastercard,299,2026-08-01T09:18:00
d9776063,Axis,insufficient_funds,UPI_AUTOPAY,4999,2026-08-01T09:19:00
7395aad1,ICICI,issuer_unavailable,UPI_AUTOPAY,299,2026-08-01T09:21:00
214c6969,Kotak,issuer_unavailable,UPI_AUTOPAY,2999,2026-08-01T09:21:00
abc1b521,HDFC,hard_decline,UPI_AUTOPAY,999,2026-08-01T09:22:00
b4cf90e2,SBI,insufficient_funds,RuPay,999,2026-08-01T09:25:00
f1114ca2,ICICI,timeout,Mastercard,199,2026-08-01T09:27:00
72fe0e94,HDFC,insufficient_funds,Mastercard,1499,2026-08-01T09:32:00
96781c13,SBI,insufficient_funds,UPI_AUTOPAY,199,2026-08-01T09:35:00
97e18f75,Axis,hard_decline,Visa,299,2026-08-01T09:35:00
83453aa4,Kotak,timeout,Visa,999,2026-08-01T09:35:00
780b3321,Axis,hard_decline,UPI_AUTOPAY,199,2026-08-01T09:49:00
455d0703,ICICI,timeout,UPI_AUTOPAY,999,2026-08-01T09:51:00
2feef06c,SBI,insufficient_funds,UPI_AUTOPAY,4999,2026-08-01T09:52:00
b2acd659,Kotak,timeout,UPI_AUTOPAY,999,2026-08-01T09:55:00
8e8f19fb,HDFC,issuer_unavailable,UPI_AUTOPAY,999,2026-08-01T10:03:00
6415df5f,Kotak,issuer_unavailable,UPI_AUTOPAY,2999,2026-08-01T10:06:00
fdcc42d3,ICICI,timeout,Visa,999,2026-08-01T10:08:00
f03893e8,Kotak,issuer_unavailable,UPI_AUTOPAY,4999,2026-08-01T10:08:00
0fd65716,ICICI,timeout,UPI_AUTOPAY,299,2026-08-01T10:13:00
ea8d0e20,Axis,insufficient_funds,UPI_AUTOPAY,1499,2026-08-01T10:19:00
e20bfe24,ICICI,insufficient_funds,RuPay,1499,2026-08-01T10:21:00
de7b2ea7,SBI,timeout,UPI_AUTOPAY,2999,2026-08-01T10:25:00
832b2453,Kotak,issuer_unavailable,RuPay,299,2026-08-01T10:27:00
9b50aded,Axis,insufficient_funds,UPI_AUTOPAY,1499,2026-08-01T10:29:00
b57a795c,SBI,timeout,Visa,999,2026-08-01T10:30:00
9d7b666c,HDFC,timeout,Visa,299,2026-08-01T10:32:00
94e8fdce,Kotak,insufficient_funds,RuPay,2999,2026-08-01T10:33:00
819dd3ae,HDFC,timeout,Visa,299,2026-08-01T10:34:00
0edd3e11,HDFC,hard_decline,Visa,999,2026-08-01T10:47:00
f8f2692a,SBI,hard_decline,UPI_AUTOPAY,499,2026-08-01T10:49:00
e0e9a2e2,Axis,timeout,UPI_AUTOPAY,199,2026-08-01T10:50:00
71b44452,HDFC,insufficient_funds,RuPay,2999,2026-08-01T10:56:00
c600c066,SBI,timeout,UPI_AUTOPAY,499,2026-08-01T11:09:00
ada85de4,SBI,timeout,Mastercard,1499,2026-08-01T11:11:00
df47a51a,Axis,issuer_unavailable,Visa,4999,2026-08-01T11:13:00
69161a71,HDFC,insufficient_funds,Mastercard,2999,2026-08-01T11:20:00
4a4d707b,HDFC,insufficient_funds,UPI_AUTOPAY,999,2026-08-01T11:20:00
6962edd7,Kotak,hard_decline,UPI_AUTOPAY,999,2026-08-01T11:22:00
6c9e6d98,ICICI,insufficient_funds,Visa,499,2026-08-01T11:23:00
e8cc3537,ICICI,timeout,RuPay,499,2026-08-01T11:23:00
c9ed0a76,ICICI,insufficient_funds,Visa,999,2026-08-01T11:27:00
83cf76c3,Axis,hard_decline,Visa,999,2026-08-01T11:33:00
f4b71639,HDFC,issuer_unavailable,Visa,2999,2026-08-01T11:39:00
b9d71fff,HDFC,timeout,UPI_AUTOPAY,1499,2026-08-01T11:42:00
adbd321b,Axis,insufficient_funds,RuPay,4999,2026-08-01T11:42:00
1ed4cc6c,ICICI,insufficient_funds,RuPay,1499,2026-08-01T11:44:00
6ee784bf,SBI,issuer_unavailable,UPI_AUTOPAY,199,2026-08-01T11:48:00
13904a4a,ICICI,hard_decline,RuPay,499,2026-08-01T11:49:00
44d354e1,SBI,issuer_unavailable,RuPay,1499,2026-08-01T11:52:00
2dfb27d3,ICICI,insufficient_funds,UPI_AUTOPAY,199,2026-08-01T12:03:00
fa924e6f,Axis,issuer_unavailable,UPI_AUTOPAY,299,2026-08-01T12:04:00
42f05150,ICICI,hard_decline,UPI_AUTOPAY,299,2026-08-01T12:07:00
6284f13f,HDFC,hard_decline,Mastercard,299,2026-08-01T12:08:00
1a1feafc,ICICI,issuer_unavailable,RuPay,299,2026-08-01T12:09:00
f7dbbbf0,Axis,timeout,UPI_AUTOPAY,999,2026-08-01T12:10:00
0601682d,ICICI,timeout,Visa,299,2026-08-01T12:12:00
d91149ae,HDFC,timeout,UPI_AUTOPAY,299,2026-08-01T12:13:00
791a4072,Kotak,hard_decline,Visa,499,2026-08-01T12:24:00
f172a865,Axis,hard_decline,UPI_AUTOPAY,4999,2026-08-01T12:25:00
044f114d,Axis,hard_decline,Visa,299,2026-08-01T12:26:00
3d6a1c5d,Axis,insufficient_funds,Mastercard,499,2026-08-01T12:28:00
2a19485d,Axis,insufficient_funds,Visa,1499,2026-08-01T12:32:00
a529d1d6,HDFC,hard_decline,Mastercard,499,2026-08-01T12:34:00
a2058c06,SBI,insufficient_funds,UPI_AUTOPAY,4999,2026-08-01T12:35:00
5f8e58b3,ICICI,timeout,UPI_AUTOPAY,299,2026-08-01T12:35:00
47330e5e,SBI,issuer_unavailable,RuPay,1499,2026-08-01T12:37:00
4667a7a5,SBI,hard_decline,RuPay,299,2026-08-01T12:43:00
50e86713,ICICI,insufficient_funds,UPI_AUTOPAY,499,2026-08-01T12:44:00
08daa1c3,SBI,timeout,UPI_AUTOPAY,199,2026-08-01T12:46:00
982d2e10,Axis,issuer_unavailable,UPI_AUTOPAY,299,2026-08-01T12:47:00
0db98fe0,Kotak,insufficient_funds,UPI_AUTOPAY,1499,2026-08-01T12:51:00
2dd4e62f,SBI,timeout,RuPay,199,2026-08-01T12:56:00
da0309de,ICICI,insufficient_funds,Mastercard,499,2026-08-01T12:56:00
3b1a9a80,ICICI,insufficient_funds,Mastercard,199,2026-08-01T12:57:00
101d0922,ICICI,insufficient_funds,UPI_AUTOPAY,2999,2026-08-01T12:57:00
57e968d9,ICICI,timeout,Visa,499,2026-08-01T12:59:00
459bf4a6,ICICI,issuer_unavailable,Visa,1499,2026-08-01T12:59:00
478aa242,SBI,timeout,Visa,2999,2026-08-01T13:04:00
445e72ba,Axis,timeout,UPI_AUTOPAY,1499,2026-08-01T13:14:00
74d9444b,HDFC,insufficient_funds,UPI_AUTOPAY,4999,2026-08-01T13:22:00
6bada389,Axis,timeout,UPI_AUTOPAY,499,2026-08-01T13:24:00
0842bb6a,ICICI,timeout,UPI_AUTOPAY,2999,2026-08-01T13:24:00
3d22cc13,SBI,hard_decline,UPI_AUTOPAY,999,2026-08-01T13:27:00
71f5f102,HDFC,issuer_unavailable,UPI_AUTOPAY,2999,2026-08-01T13:36:00
73c6e1a2,SBI,insufficient_funds,Visa,999,2026-08-01T13:36:00
7cef12dc,Axis,timeout,UPI_AUTOPAY,499,2026-08-01T13:37:00
1c14a04a,Kotak,hard_decline,Visa,2999,2026-08-01T13:39:00
38e036cc,SBI,timeout,Mastercard,1499,2026-08-01T13:40:00
185eed3c,Axis,timeout,Visa,199,2026-08-01T13:42:00
49a18407,HDFC,hard_decline,Mastercard,2999,2026-08-01T13:51:00
0b80887d,ICICI,insufficient_funds,UPI_AUTOPAY,299,2026-08-01T13:52:00
9784ffcd,HDFC,insufficient_funds,RuPay,1499,2026-08-01T13:57:00
3b128499,Axis,timeout,UPI_AUTOPAY,199,2026-08-01T13:57:00
80fe3c1e,SBI,issuer_unavailable,RuPay,999,2026-08-01T14:03:00
35e160bd,ICICI,insufficient_funds,Mastercard,199,2026-08-01T14:05:00
f4ce0ac3,Axis,issuer_unavailable,UPI_AUTOPAY,499,2026-08-01T14:08:00
69cdf1f3,Kotak,timeout,RuPay,1499,2026-08-01T14:14:00
0572f776,ICICI,insufficient_funds,Visa,199,2026-08-01T14:15:00
b08f11a1,HDFC,timeout,Visa,199,2026-08-01T14:16:00
500cc091,Axis,timeout,RuPay,199,2026-08-01T14:16:00
5f007f06,SBI,insufficient_funds,UPI_AUTOPAY,2999,2026-08-01T14:17:00
1390c25f,SBI,timeout,Visa,999,2026-08-01T14:21:00
a0ef0b5a,SBI,hard_decline,UPI_AUTOPAY,4999,2026-08-01T14:21:00
564549c5,ICICI,timeout,Visa,499,2026-08-01T14:23:00
6ebc3f21,ICICI,hard_decline,UPI_AUTOPAY,4999,2026-08-01T14:25:00
3d1b7abd,ICICI,hard_decline,RuPay,4999,2026-08-01T14:25:00
26cfdceb,ICICI,insufficient_funds,Mastercard,4999,2026-08-01T14:27:00
6b80c197,ICICI,insufficient_funds,RuPay,199,2026-08-01T14:38:00
f58cfe61,ICICI,timeout,RuPay,499,2026-08-01T14:38:00
90f4e0af,ICICI,insufficient_funds,UPI_AUTOPAY,499,2026-08-01T14:45:00
65655452,Axis,issuer_unavailable,UPI_AUTOPAY,1499,2026-08-01T14:46:00
a68b3f1f,HDFC,insufficient_funds,Mastercard,999,2026-08-01T14:48:00
a4489d78,Kotak,issuer_unavailable,RuPay,199,2026-08-01T14:49:00
a7afce92,ICICI,insufficient_funds,RuPay,4999,2026-08-01T14:50:00
4ba1aa20,Axis,timeout,UPI_AUTOPAY,999,2026-08-01T15:04:00
678975ee,SBI,timeout,Visa,999,2026-08-01T15:06:00
d39cc1b7,ICICI,timeout,Visa,299,2026-08-01T15:10:00
d77b03ef,SBI,timeout,Visa,2999,2026-08-01T15:11:00
f167f642,HDFC,timeout,Mastercard,1499,2026-08-01T15:12:00
5f188813,Axis,insufficient_funds,UPI_AUTOPAY,999,2026-08-01T15:13:00
525c2a7e,ICICI,hard_decline,Visa,299,2026-08-01T15:20:00
d8cf222b,Axis,insufficient_funds,Visa,499,2026-08-01T15:31:00
788f9ea2,HDFC,insufficient_funds,UPI_AUTOPAY,299,2026-08-01T15:35:00
84660d67,SBI,insufficient_funds,RuPay,2999,2026-08-01T15:39:00
e6469c02,Kotak,timeout,UPI_AUTOPAY,2999,2026-08-01T15:39:00
a41887e2,ICICI,timeout,UPI_AUTOPAY,1499,2026-08-01T15:52:00
d4c89e41,Axis,hard_decline,Visa,1499,2026-08-01T15:53:00
399d6340,SBI,timeout,UPI_AUTOPAY,2999,2026-08-01T15:53:00
9b4b7d98,Axis,timeout,Mastercard,199,2026-08-01T16:00:00
2d42559e,Axis,timeout,RuPay,1499,2026-08-01T16:10:00
3f6b9514,HDFC,insufficient_funds,UPI_AUTOPAY,4999,2026-08-01T16:24:00
9951008b,ICICI,insufficient_funds,RuPay,2999,2026-08-01T16:30:00
1f8f1f3c,Kotak,timeout,RuPay,999,2026-08-01T16:31:00
ceef2277,ICICI,insufficient_funds,UPI_AUTOPAY,999,2026-08-01T16:31:00
d4dd38c4,ICICI,timeout,UPI_AUTOPAY,4999,2026-08-01T16:38:00
91b11ac3,Kotak,insufficient_funds,RuPay,999,2026-08-01T16:46:00
06efd922,Axis,hard_decline,UPI_AUTOPAY,4999,2026-08-01T16:47:00
149cba21,SBI,hard_decline,Mastercard,1499,2026-08-01T16:50:00
02494cd5,HDFC,hard_decline,Mastercard,299,2026-08-01T16:50:00
d328d7ca,SBI,issuer_unavailable,UPI_AUTOPAY,499,2026-08-01T16:52:00
f38147fe,SBI,insufficient_funds,Visa,499,2026-08-01T16:55:00
95de30ff,Axis,issuer_unavailable,Visa,4999,2026-08-01T16:56:00
c555574b,SBI,hard_decline,RuPay,1499,2026-08-01T17:05:00
9f67b0e4,ICICI,timeout,Mastercard,2999,2026-08-01T17:08:00
28f47c1c,SBI,issuer_unavailable,RuPay,999,2026-08-01T17:09:00
db26f56a,HDFC,insufficient_funds,RuPay,499,2026-08-01T17:09:00
da3d44f8,Axis,hard_decline,UPI_AUTOPAY,1499,2026-08-01T17:11:00
c83bbd79,SBI,insufficient_funds,RuPay,499,2026-08-01T17:12:00
03a994ac,ICICI,timeout,RuPay,199,2026-08-01T17:18:00
3dc9f736,HDFC,timeout,UPI_AUTOPAY,199,2026-08-01T17:19:00
0ba0a3f9,HDFC,issuer_unavailable,UPI_AUTOPAY,299,2026-08-01T17:36:00
b758a196,Axis,insufficient_funds,UPI_AUTOPAY,1499,2026-08-01T17:38:00
c9977709,ICICI,issuer_unavailable,Mastercard,2999,2026-08-01T17:40:00
6f61d99f,ICICI,timeout,RuPay,199,2026-08-01T17:41:00
eb1a414c,HDFC,insufficient_funds,Mastercard,999,2026-08-01T17:42:00
956d12f9,SBI,issuer_unavailable,Mastercard,999,2026-08-01T17:45:00
0fb8420e,Axis,timeout,Mastercard,999,2026-08-01T17:46:00
5303e96f,Kotak,timeout,Mastercard,499,2026-08-01T17:50:00
6aefe4aa,HDFC,timeout,Visa,999,2026-08-01T17:53:00
8781b560,ICICI,insufficient_funds,UPI_AUTOPAY,499,2026-08-01T17:53:00
17f80614,ICICI,insufficient_funds,Mastercard,999,2026-08-01T17:55:00
20d8021d,Kotak,issuer_unavailable,Visa,4999,2026-08-01T17:56:00
5539072f,Axis,insufficient_funds,Visa,999,2026-08-01T17:57:00
b6802b6f,HDFC,insufficient_funds,UPI_AUTOPAY,199,2026-08-01T17:57:00
122c7253,HDFC,issuer_unavailable,UPI_AUTOPAY,2999,2026-08-01T17:58:00
3f71bb4c,Axis,timeout,UPI_AUTOPAY,299,2026-08-01T17:58:00
42cf22ce,ICICI,insufficient_funds,Mastercard,299,2026-08-01T18:00:00
1d6dab35,Kotak,insufficient_funds,RuPay,4999,2026-08-01T18:16:00
53b9c3a2,Kotak,insufficient_funds,RuPay,999,2026-08-01T18:16:00
64145f31,Axis,insufficient_funds,UPI_AUTOPAY,1499,2026-08-01T18:23:00
3f72f4e2,SBI,hard_decline,UPI_AUTOPAY,1499,2026-08-01T18:29:00
cc3e380a,Axis,hard_decline,UPI_AUTOPAY,1499,2026-08-01T18:36:00
c8d1cc8d,SBI,insufficient_funds,RuPay,299,2026-08-01T18:41:00
aa8edd32,Axis,timeout,RuPay,199,2026-08-01T18:52:00
109a31f9,HDFC,insufficient_funds,UPI_AUTOPAY,299,2026-08-01T18:55:00
97e10522,Axis,hard_decline,RuPay,1499,2026-08-01T19:05:00
076d036b,HDFC,insufficient_funds,UPI_AUTOPAY,2999,2026-08-01T19:07:00
fbc12e5a,Kotak,issuer_unavailable,UPI_AUTOPAY,1499,2026-08-01T19:13:00
f82c8b18,HDFC,insufficient_funds,UPI_AUTOPAY,199,2026-08-01T19:14:00
e53f5896,Kotak,insufficient_funds,UPI_AUTOPAY,999,2026-08-01T19:18:00
128f3889,Kotak,timeout,Visa,999,2026-08-01T19:20:00
0a464f0b,Kotak,issuer_unavailable,RuPay,2999,2026-08-01T19:21:00
dd33027c,ICICI,hard_decline,RuPay,499,2026-08-01T19:22:00
bdeb4eb0,Kotak,hard_decline,UPI_AUTOPAY,2999,2026-08-01T19:25:00
4d41e8fd,SBI,hard_decline,Mastercard,999,2026-08-01T19:26:00
b00e4dc4,Axis,insufficient_funds,RuPay,2999,2026-08-01T19:29:00
bdd0b8c5,Axis,issuer_unavailable,RuPay,499,2026-08-01T19:37:00
804783b3,HDFC,issuer_unavailable,RuPay,299,2026-08-01T19:49:00
3531740f,Kotak,hard_decline,Visa,4999,2026-08-01T20:00:00
33c857ac,HDFC,issuer_unavailable,Mastercard,499,2026-08-01T20:02:00
753b57c2,HDFC,timeout,UPI_AUTOPAY,999,2026-08-01T20:17:00
70047fb2,Kotak,hard_decline,RuPay,499,2026-08-01T20:22:00
bd8a79c6,ICICI,insufficient_funds,UPI_AUTOPAY,4999,2026-08-01T20:23:00
e6398457,Axis,hard_decline,UPI_AUTOPAY,499,2026-08-01T20:29:00
00e3460f,Axis,timeout,Mastercard,4999,2026-08-01T20:33:00
52d8d8af,Kotak,issuer_unavailable,RuPay,199,2026-08-01T20:34:00
e228b026,Axis,insufficient_funds,RuPay,199,2026-08-01T20:37:00
1b98d302,Axis,timeout,UPI_AUTOPAY,299,2026-08-01T20:37:00
597cb77a,ICICI,issuer_unavailable,UPI_AUTOPAY,299,2026-08-01T20:39:00
4eff8d0b,Kotak,issuer_unavailable,Visa,999,2026-08-01T20:43:00
0181ea03,SBI,insufficient_funds,RuPay,2999,2026-08-01T20:44:00
1cfb5cce,SBI,issuer_unavailable,UPI_AUTOPAY,499,2026-08-01T20:49:00
e1c98e69,SBI,timeout,UPI_AUTOPAY,299,2026-08-01T20:50:00
ae4d3b7b,HDFC,insufficient_funds,UPI_AUTOPAY,2999,2026-08-01T20:50:00
991bac3e,Axis,timeout,UPI_AUTOPAY,4999,2026-08-01T20:51:00
673e89fa,Kotak,timeout,RuPay,999,2026-08-01T20:54:00
622c50dd,ICICI,insufficient_funds,Visa,2999,2026-08-01T20:56:00
093cf911,Axis,timeout,UPI_AUTOPAY,199,2026-08-01T21:05:00
b00d3ef6,Kotak,insufficient_funds,Visa,499,2026-08-01T21:24:00
999abae9,SBI,issuer_unavailable,UPI_AUTOPAY,499,2026-08-01T21:28:00
73bbcee3,HDFC,insufficient_funds,UPI_AUTOPAY,4999,2026-08-01T21:32:00
7e9be755,SBI,hard_decline,UPI_AUTOPAY,1499,2026-08-01T21:34:00
7bda7470,SBI,issuer_unavailable,UPI_AUTOPAY,299,2026-08-01T21:37:00
34fb8a53,HDFC,timeout,UPI_AUTOPAY,199,2026-08-01T21:38:00
8fe6fb96,Axis,insufficient_funds,UPI_AUTOPAY,199,2026-08-01T21:38:00
05af064c,SBI,timeout,Mastercard,2999,2026-08-01T21:42:00
2490fc8a,SBI,insufficient_funds,UPI_AUTOPAY,299,2026-08-01T21:43:00
d8b9cd6c,ICICI,insufficient_funds,UPI_AUTOPAY,4999,2026-08-01T21:47:00
31d4b4c6,ICICI,timeout,UPI_AUTOPAY,1499,2026-08-01T21:48:00
27732541,ICICI,timeout,Visa,1499,2026-08-01T21:49:00
d18f509f,Axis,timeout,Visa,999,2026-08-01T21:50:00
beb79966,Kotak,insufficient_funds,UPI_AUTOPAY,499,2026-08-01T21:54:00
1bf4922d,ICICI,issuer_unavailable,RuPay,4999,2026-08-01T21:56:00
df8782bb,Axis,insufficient_funds,UPI_AUTOPAY,999,2026-08-01T22:00:00
5de38288,HDFC,timeout,UPI_AUTOPAY,999,2026-08-01T22:04:00
f0e6bb0d,Axis,issuer_unavailable,RuPay,499,2026-08-01T22:05:00
77630e23,SBI,insufficient_funds,UPI_AUTOPAY,999,2026-08-01T22:07:00
eb739c67,Axis,insufficient_funds,UPI_AUTOPAY,1499,2026-08-01T22:09:00
df7279f0,Axis,issuer_unavailable,UPI_AUTOPAY,1499,2026-08-01T22:09:00
88e3a784,SBI,timeout,RuPay,1499,2026-08-01T22:13:00
672ca373,HDFC,issuer_unavailable,Visa,2999,2026-08-01T22:13:00
422515fd,Kotak,timeout,Visa,999,2026-08-01T22:13:00
ef2d8902,Kotak,issuer_unavailable,UPI_AUTOPAY,1499,2026-08-01T22:14:00
2f16e038,HDFC,timeout,UPI_AUTOPAY,1499,2026-08-01T22:15:00
eec09435,SBI,issuer_unavailable,Mastercard,199,2026-08-01T22:25:00
a0fc985c,HDFC,insufficient_funds,RuPay,499,2026-08-01T22:29:00
43a2c169,ICICI,insufficient_funds,UPI_AUTOPAY,2999,2026-08-01T22:30:00
db8eddbb,SBI,hard_decline,Visa,999,2026-08-01T22:32:00
7504b477,ICICI,insufficient_funds,Mastercard,2999,2026-08-01T22:32:00
ba20b538,Kotak,timeout,UPI_AUTOPAY,999,2026-08-01T22:36:00
68459c31,SBI,timeout,RuPay,4999,2026-08-01T22:41:00
8e8a875c,ICICI,insufficient_funds,UPI_AUTOPAY,4999,2026-08-01T22:45:00
7f200fdd,HDFC,timeout,UPI_AUTOPAY,499,2026-08-01T22:48:00
c5a3c82b,Kotak,timeout,RuPay,499,2026-08-01T22:52:00
27c84d25,ICICI,timeout,Mastercard,1499,2026-08-01T22:56:00
c17ba5cb,ICICI,timeout,UPI_AUTOPAY,199,2026-08-01T23:02:00
bc8ca545,HDFC,issuer_unavailable,Visa,1499,2026-08-01T23:06:00
bd23128f,HDFC,hard_decline,Visa,199,2026-08-01T23:09:00
3edae34a,Axis,timeout,UPI_AUTOPAY,199,2026-08-01T23:16:00
bf5f62a6,Kotak,insufficient_funds,Visa,2999,2026-08-01T23:25:00
cf356233,HDFC,timeout,UPI_AUTOPAY,999,2026-08-01T23:25:00
ef62201d,HDFC,insufficient_funds,UPI_AUTOPAY,4999,2026-08-01T23:30:00
b3e46667,ICICI,issuer_unavailable,UPI_AUTOPAY,499,2026-08-01T23:41:00
2de6ee83,HDFC,insufficient_funds,UPI_AUTOPAY,4999,2026-08-01T23:45:00
6a46cb68,HDFC,hard_decline,RuPay,2999,2026-08-01T23:48:00
986aa140,SBI,timeout,UPI_AUTOPAY,199,2026-08-01T23:55:00
dd3fd0af,Axis,issuer_unavailable,Mastercard,4999,2026-08-01T23:56:00
f80ee523,ICICI,issuer_unavailable,RuPay,4999,2026-08-01T23:56:00
73447752,Kotak,insufficient_funds,UPI_AUTOPAY,999,2026-08-01T23:58:00
c5264f25,HDFC,insufficient_funds,RuPay,299,2026-08-02T00:01:00
f9a14445,SBI,timeout,UPI_AUTOPAY,2999,2026-08-02T00:02:00
e8e5d627,HDFC,timeout,Visa,1499,2026-08-02T00:02:00
3e134c5b,Axis,issuer_unavailable,Visa,499,2026-08-02T00:04:00
0bc865bf,Axis,hard_decline,RuPay,4999,2026-08-02T00:05:00
a8efe92b,Axis,timeout,UPI_AUTOPAY,999,2026-08-02T00:06:00
6cacfe74,SBI,hard_decline,RuPay,1499,2026-08-02T00:06:00
5db5b41d,Kotak,timeout,Visa,299,2026-08-02T00:10:00
9e0e3a95,ICICI,hard_decline,UPI_AUTOPAY,999,2026-08-02T00:16:00
75c27925,HDFC,insufficient_funds,Visa,299,2026-08-02T00:16:00
32c24484,Axis,insufficient_funds,RuPay,4999,2026-08-02T00:20:00
2f23af03,ICICI,issuer_unavailable,UPI_AUTOPAY,199,2026-08-02T00:22:00
823003d3,Kotak,insufficient_funds,Mastercard,199,2026-08-02T00:27:00
1f3c63be,SBI,insufficient_funds,Visa,299,2026-08-02T00:32:00
09efc87a,SBI,timeout,RuPay,499,2026-08-02T00:36:00
e1cfb550,Axis,insufficient_funds,Visa,499,2026-08-02T00:40:00
b47f93af,SBI,insufficient_funds,UPI_AUTOPAY,299,2026-08-02T00:42:00
33429df4,ICICI,insufficient_funds,Visa,199,2026-08-02T00:45:00
abf0ff93,HDFC,hard_decline,UPI_AUTOPAY,999,2026-08-02T00:47:00
827197d6,Axis,timeout,Mastercard,1499,2026-08-02T00:48:00
c40596fb,ICICI,timeout,RuPay,2999,2026-08-02T00:49:00
8f6f7850,SBI,insufficient_funds,UPI_AUTOPAY,999,2026-08-02T00:51:00
5e26a667,ICICI,timeout,Visa,1499,2026-08-02T00:54:00
55332702,HDFC,timeout,Visa,1499,2026-08-02T00:56:00
882be278,HDFC,issuer_unavailable,Mastercard,199,2026-08-02T00:59:00
2f5cc746,ICICI,hard_decline,RuPay,499,2026-08-02T01:00:00
488cf208,SBI,timeout,UPI_AUTOPAY,4999,2026-08-02T01:03:00
831f2187,HDFC,insufficient_funds,Mastercard,4999,2026-08-02T01:05:00
ea1d73ac,HDFC,timeout,Mastercard,199,2026-08-02T01:05:00
b6a33c36,SBI,timeout,UPI_AUTOPAY,299,2026-08-02T01:06:00
e277347d,Kotak,insufficient_funds,UPI_AUTOPAY,199,2026-08-02T01:07:00
d3b46c4b,SBI,insufficient_funds,UPI_AUTOPAY,499,2026-08-02T01:07:00
64e7d374,Axis,hard_decline,Mastercard,199,2026-08-02T01:08:00
b835181a,Kotak,timeout,UPI_AUTOPAY,199,2026-08-02T01:10:00
ab7eb119,ICICI,insufficient_funds,UPI_AUTOPAY,299,2026-08-02T01:13:00
9c47a0c2,ICICI,hard_decline,UPI_AUTOPAY,4999,2026-08-02T01:18:00
55040747,ICICI,issuer_unavailable,Visa,2999,2026-08-02T01:18:00
2726a86b,SBI,timeout,RuPay,499,2026-08-02T01:18:00
91cba831,SBI,timeout,Mastercard,199,2026-08-02T01:22:00
9de24b0e,SBI,insufficient_funds,Visa,999,2026-08-02T01:34:00
a6d45421,ICICI,insufficient_funds,Mastercard,4999,2026-08-02T01:37:00
7e9e6c38,HDFC,issuer_unavailable,Visa,4999,2026-08-02T01:56:00
cb0fda73,Axis,hard_decline,RuPay,499,2026-08-02T01:57:00
b0217635,ICICI,timeout,Mastercard,299,2026-08-02T01:58:00
ad65e254,SBI,timeout,Visa,299,2026-08-02T01:58:00
829dba1e,HDFC,hard_decline,UPI_AUTOPAY,199,2026-08-02T01:59:00
0440921c,HDFC,hard_decline,Visa,2999,2026-08-02T02:02:00
19514670,HDFC,timeout,UPI_AUTOPAY,2999,2026-08-02T02:03:00
cacff10b,HDFC,timeout,UPI_AUTOPAY,4999,2026-08-02T02:08:00
b0985ef5,Kotak,insufficient_funds,Mastercard,499,2026-08-02T02:08:00
d6a0b260,Kotak,timeout,UPI_AUTOPAY,199,2026-08-02T02:09:00
50661b65,ICICI,issuer_unavailable,RuPay,1499,2026-08-02T02:11:00
d50ac352,HDFC,issuer_unavailable,Mastercard,1499,2026-08-02T02:14:00
201729e7,ICICI,insufficient_funds,UPI_AUTOPAY,4999,2026-08-02T02:16:00
24cb81cd,HDFC,timeout,UPI_AUTOPAY,499,2026-08-02T02:17:00
9f96c906,HDFC,issuer_unavailable,Mastercard,4999,2026-08-02T02:18:00
4491fe60,ICICI,insufficient_funds,RuPay,299,2026-08-02T02:18:00
38066821,Axis,hard_decline,RuPay,4999,2026-08-02T02:19:00
9a020253,ICICI,timeout,UPI_AUTOPAY,2999,2026-08-02T02:24:00
8a5bc401,SBI,timeout,Mastercard,1499,2026-08-02T02:27:00
372e3299,ICICI,insufficient_funds,Mastercard,499,2026-08-02T02:28:00
16bfe3db,Axis,timeout,Visa,199,2026-08-02T02:30:00
f1bc7f56,HDFC,timeout,UPI_AUTOPAY,2999,2026-08-02T02:32:00
d419fd65,Axis,issuer_unavailable,UPI_AUTOPAY,2999,2026-08-02T02:39:00
026459d7,HDFC,timeout,Visa,499,2026-08-02T02:41:00
5faa90f4,HDFC,hard_decline,UPI_AUTOPAY,999,2026-08-02T02:43:00
7bed483f,ICICI,issuer_unavailable,RuPay,2999,2026-08-02T02:43:00
47efd912,Axis,issuer_unavailable,UPI_AUTOPAY,999,2026-08-02T02:50:00
b95d65e1,Axis,issuer_unavailable,RuPay,199,2026-08-02T02:50:00
2844fbc5,HDFC,insufficient_funds,Visa,1499,2026-08-02T02:51:00
1ab98c3d,SBI,hard_decline,UPI_AUTOPAY,299,2026-08-02T02:51:00
30b28467,HDFC,issuer_unavailable,RuPay,499,2026-08-02T02:52:00
f3015941,HDFC,issuer_unavailable,UPI_AUTOPAY,199,2026-08-02T02:55:00
06959145,HDFC,timeout,Visa,499,2026-08-02T02:55:00
3247f486,Axis,insufficient_funds,UPI_AUTOPAY,4999,2026-08-02T03:02:00
a46ad205,SBI,insufficient_funds,Visa,4999,2026-08-02T03:04:00
05942d96,Axis,insufficient_funds,UPI_AUTOPAY,1499,2026-08-02T03:04:00
ed716297,HDFC,timeout,Visa,299,2026-08-02T03:07:00
8c207ddb,Kotak,timeout,RuPay,499,2026-08-02T03:09:00
895867eb,SBI,timeout,Visa,499,2026-08-02T03:12:00
3c33c9ad,Axis,timeout,UPI_AUTOPAY,199,2026-08-02T03:13:00
afcdc1dc,SBI,timeout,UPI_AUTOPAY,4999,2026-08-02T03:14:00
8147133b,Kotak,insufficient_funds,Visa,199,2026-08-02T03:14:00
839df6ae,Axis,insufficient_funds,RuPay,1499,2026-08-02T03:15:00
ad9d6f82,ICICI,issuer_unavailable,Visa,1499,2026-08-02T03:19:00
9a765f59,HDFC,timeout,UPI_AUTOPAY,1499,2026-08-02T03:20:00
be1e1338,HDFC,insufficient_funds,Visa,299,2026-08-02T03:20:00
314c53bf,HDFC,timeout,UPI_AUTOPAY,2999,2026-08-02T03:23:00
9fc10f83,SBI,insufficient_funds,UPI_AUTOPAY,2999,2026-08-02T03:26:00
1600ea14,ICICI,issuer_unavailable,Visa,4999,2026-08-02T03:26:00
317f46c7,SBI,timeout,Visa,4999,2026-08-02T03:29:00
c0fe7830,SBI,hard_decline,UPI_AUTOPAY,2999,2026-08-02T03:37:00
72ac1a4a,HDFC,timeout,UPI_AUTOPAY,999,2026-08-02T03:40:00
d885e36b,Kotak,insufficient_funds,UPI_AUTOPAY,4999,2026-08-02T03:52:00
b6fbe055,Kotak,timeout,UPI_AUTOPAY,1499,2026-08-02T03:53:00
e5a57c23,Kotak,timeout,Visa,199,2026-08-02T04:02:00
f09e269a,SBI,timeout,Visa,199,2026-08-02T04:11:00
8b72dd2c,SBI,timeout,Mastercard,4999,2026-08-02T04:11:00
1b833824,Kotak,timeout,UPI_AUTOPAY,2999,2026-08-02T04:13:00
00149ba1,HDFC,timeout,Visa,199,2026-08-02T04:13:00
f1ae7bde,HDFC,hard_decline,Mastercard,1499,2026-08-02T04:14:00
133adafd,SBI,hard_decline,Visa,199,2026-08-02T04:23:00
b826ce8b,Kotak,issuer_unavailable,UPI_AUTOPAY,1499,2026-08-02T04:29:00
6256d896,Kotak,insufficient_funds,Visa,2999,2026-08-02T04:30:00
d9e1d7c6,Axis,issuer_unavailable,RuPay,1499,2026-08-02T04:31:00
2178713b,ICICI,issuer_unavailable,Mastercard,199,2026-08-02T04:31:00
590962e6,Kotak,insufficient_funds,Mastercard,4999,2026-08-02T04:33:00
d1b41548,Axis,insufficient_funds,UPI_AUTOPAY,1499,2026-08-02T04:39:00
d4e8c77d,Kotak,issuer_unavailable,RuPay,2999,2026-08-02T04:41:00
d8bffd6b,HDFC,hard_decline,RuPay,2999,2026-08-02T04:41:00
7fdb0ebf,Axis,timeout,Visa,199,2026-08-02T04:42:00
c2576d99,Kotak,timeout,RuPay,1499,2026-08-02T04:42:00
c9b98b8c,Axis,insufficient_funds,RuPay,999,2026-08-02T04:50:00
c2c4eb72,HDFC,hard_decline,Mastercard,199,2026-08-02T04:50:00
81509efb,ICICI,timeout,RuPay,199,2026-08-02T04:51:00
0f81b71a,Axis,issuer_unavailable,UPI_AUTOPAY,299,2026-08-02T04:53:00
15368929,ICICI,issuer_unavailable,RuPay,1499,2026-08-02T04:53:00
58ac9f94,SBI,insufficient_funds,Mastercard,499,2026-08-02T04:55:00
4b5f978a,Axis,issuer_unavailable,UPI_AUTOPAY,499,2026-08-02T04:56:00
c6653610,Kotak,insufficient_funds,Visa,299,2026-08-02T05:01:00
da930c1e,Axis,insufficient_funds,Visa,1499,2026-08-02T05:02:00
ee8055e7,SBI,timeout,RuPay,499,2026-08-02T05:05:00
81799f87,Kotak,insufficient_funds,Visa,2999,2026-08-02T05:10:00
218d7800,SBI,timeout,Visa,999,2026-08-02T05:11:00
ce687233,Axis,issuer_unavailable,Mastercard,199,2026-08-02T05:11:00
54790f55,Kotak,hard_decline,RuPay,499,2026-08-02T05:16:00
76495541,Kotak,timeout,Mastercard,499,2026-08-02T05:17:00
f4371bad,ICICI,insufficient_funds,UPI_AUTOPAY,199,2026-08-02T05:19:00
9e1bfd0e,Axis,hard_decline,RuPay,1499,2026-08-02T05:21:00
410d30b2,Axis,insufficient_funds,RuPay,2999,2026-08-02T05:21:00
de74a0b5,Kotak,timeout,Visa,4999,2026-08-02T05:22:00
8deb559f,HDFC,timeout,UPI_AUTOPAY,499,2026-08-02T05:24:00
1834f222,Axis,timeout,UPI_AUTOPAY,299,2026-08-02T05:24:00
9331d7a4,Kotak,hard_decline,Mastercard,999,2026-08-02T05:26:00
dbc2e813,Kotak,hard_decline,Visa,2999,2026-08-02T05:26:00
93ef7086,ICICI,timeout,UPI_AUTOPAY,199,2026-08-02T05:27:00
207b55e3,HDFC,issuer_unavailable,Mastercard,999,2026-08-02T05:29:00
6ab0e094,Axis,timeout,UPI_AUTOPAY,2999,2026-08-02T05:32:00
455aa373,ICICI,timeout,UPI_AUTOPAY,299,2026-08-02T05:33:00
4682002b,HDFC,timeout,UPI_AUTOPAY,2999,2026-08-02T05:35:00
86b60a6c,SBI,hard_decline,UPI_AUTOPAY,1499,2026-08-02T05:46:00
c1312962,ICICI,insufficient_funds,UPI_AUTOPAY,2999,2026-08-02T05:51:00
b34dd9a3,Kotak,issuer_unavailable,UPI_AUTOPAY,999,2026-08-02T06:03:00
f89c9abf,Axis,hard_decline,Mastercard,2999,2026-08-02T06:07:00
1ced2f94,Axis,timeout,Mastercard,4999,2026-08-02T06:08:00
bf8e3f9b,SBI,timeout,RuPay,299,2026-08-02T06:12:00
3cf1e49a,SBI,timeout,Visa,499,2026-08-02T06:15:00
c1599284,Axis,hard_decline,Mastercard,999,2026-08-02T06:15:00
60e6c687,Kotak,timeout,UPI_AUTOPAY,199,2026-08-02T06:18:00
337adbe0,SBI,timeout,Mastercard,199,2026-08-02T06:19:00
9cad9e58,Axis,timeout,RuPay,1499,2026-08-02T06:21:00
4cf85916,SBI,insufficient_funds,UPI_AUTOPAY,299,2026-08-02T06:24:00
faf87878,SBI,insufficient_funds,Mastercard,2999,2026-08-02T06:31:00
88378a52,SBI,timeout,RuPay,4999,2026-08-02T06:32:00
5c2d0e78,ICICI,timeout,Mastercard,199,2026-08-02T06:34:00
ff0b7dc9,Kotak,timeout,Mastercard,2999,2026-08-02T06:41:00
386a829e,Axis,insufficient_funds,Visa,999,2026-08-02T06:42:00
98e51da5,SBI,hard_decline,UPI_AUTOPAY,299,2026-08-02T06:44:00
c75e22f3,HDFC,insufficient_funds,UPI_AUTOPAY,299,2026-08-02T06:45:00
bcc77cab,HDFC,timeout,Visa,1499,2026-08-02T06:45:00
84638a66,Kotak,insufficient_funds,UPI_AUTOPAY,1499,2026-08-02T06:46:00
862c6964,Axis,insufficient_funds,RuPay,199,2026-08-02T06:47:00
304c40bd,ICICI,timeout,RuPay,999,2026-08-02T06:51:00
bdbd09e3,SBI,issuer_unavailable,RuPay,499,2026-08-02T07:04:00
385fdbb7,ICICI,issuer_unavailable,Visa,499,2026-08-02T07:04:00
129f24cd,ICICI,timeout,Mastercard,499,2026-08-02T07:05:00
ff8e44d2,SBI,timeout,UPI_AUTOPAY,999,2026-08-02T07:08:00
adbcd76e,Kotak,hard_decline,UPI_AUTOPAY,2999,2026-08-02T07:11:00
cae2ea38,HDFC,timeout,UPI_AUTOPAY,1499,2026-08-02T07:19:00
527b7b7a,Axis,timeout,Mastercard,299,2026-08-02T07:19:00
1cd4f0f6,HDFC,insufficient_funds,UPI_AUTOPAY,1499,2026-08-02T07:19:00
4f75a382,Axis,hard_decline,UPI_AUTOPAY,299,2026-08-02T07:24:00
00276cf7,Axis,timeout,UPI_AUTOPAY,2999,2026-08-02T07:34:00
7e36a111,HDFC,insufficient_funds,Mastercard,499,2026-08-02T07:41:00
d08a50ff,Axis,timeout,RuPay,1499,2026-08-02T07:42:00
66239f28,Kotak,issuer_unavailable,UPI_AUTOPAY,199,2026-08-02T07:45:00
cb21306d,SBI,timeout,UPI_AUTOPAY,4999,2026-08-02T07:45:00
d22d9bc3,HDFC,timeout,UPI_AUTOPAY,499,2026-08-02T07:48:00
70e6e686,Axis,insufficient_funds,UPI_AUTOPAY,299,2026-08-02T07:51:00
17edee06,HDFC,insufficient_funds,UPI_AUTOPAY,299,2026-08-02T07:51:00
7ddf66ba,Kotak,hard_decline,RuPay,1499,2026-08-02T07:52:00
1a13b98c,ICICI,timeout,UPI_AUTOPAY,999,2026-08-02T07:53:00
9dfd43c0,ICICI,insufficient_funds,Visa,299,2026-08-02T07:54:00
af8dec69,HDFC,timeout,RuPay,1499,2026-08-02T07:55:00
fdcdef25,SBI,issuer_unavailable,Mastercard,499,2026-08-02T07:57:00
efcb6fc5,SBI,issuer_unavailable,UPI_AUTOPAY,1499,2026-08-02T07:57:00
5a14eb89,ICICI,insufficient_funds,Visa,199,2026-08-02T07:59:00
472fd1f6,HDFC,insufficient_funds,UPI_AUTOPAY,999,2026-08-02T08:00:00
f009d09c,ICICI,hard_decline,UPI_AUTOPAY,2999,2026-08-02T08:02:00
a378029c,ICICI,issuer_unavailable,UPI_AUTOPAY,4999,2026-08-02T08:03:00
737a9a03,Axis,insufficient_funds,Visa,1499,2026-08-02T08:04:00
064ba018,Kotak,timeout,UPI_AUTOPAY,499,2026-08-02T08:04:00
6473859e,SBI,hard_decline,Visa,299,2026-08-02T08:06:00
bf950e06,HDFC,insufficient_funds,Visa,999,2026-08-02T08:09:00
acb161bc,SBI,hard_decline,Visa,299,2026-08-02T08:18:00
405b4af2,HDFC,timeout,UPI_AUTOPAY,2999,2026-08-02T08:22:00
081ab920,ICICI,timeout,RuPay,2999,2026-08-02T08:24:00
b501f2d4,Kotak,insufficient_funds,Mastercard,1499,2026-08-02T08:25:00
64d0c91a,Axis,timeout,Visa,999,2026-08-02T08:25:00
01896a0a,SBI,hard_decline,Mastercard,2999,2026-08-02T08:29:00
90e2b066,SBI,insufficient_funds,UPI_AUTOPAY,299,2026-08-02T08:33:00
e603ab4a,Axis,insufficient_funds,Mastercard,499,2026-08-02T08:33:00
c358b9cb,Kotak,timeout,UPI_AUTOPAY,499,2026-08-02T08:38:00
e8aea783,HDFC,insufficient_funds,UPI_AUTOPAY,199,2026-08-02T08:40:00
7b4ce11d,HDFC,insufficient_funds,Mastercard,1499,2026-08-02T08:44:00
d666083e,Kotak,insufficient_funds,UPI_AUTOPAY,999,2026-08-02T08:46:00
622eb927,Kotak,issuer_unavailable,UPI_AUTOPAY,199,2026-08-02T08:48:00
2cac1c49,HDFC,timeout,UPI_AUTOPAY,2999,2026-08-02T08:49:00
9473d414,Kotak,issuer_unavailable,UPI_AUTOPAY,999,2026-08-02T08:51:00
67c5005f,Axis,timeout,UPI_AUTOPAY,199,2026-08-02T08:51:00
2183d862,HDFC,timeout,UPI_AUTOPAY,199,2026-08-02T08:53:00
d98e9160,ICICI,timeout,RuPay,199,2026-08-02T08:54:00
e8d241f9,Axis,hard_decline,UPI_AUTOPAY,299,2026-08-02T08:54:00
0617be61,ICICI,hard_decline,RuPay,299,2026-08-02T08:56:00
cb4249ca,Kotak,insufficient_funds,UPI_AUTOPAY,199,2026-08-02T09:02:00
3e92563b,Axis,insufficient_funds,Visa,499,2026-08-02T09:16:00
72e40519,SBI,issuer_unavailable,UPI_AUTOPAY,2999,2026-08-02T09:17:00
eca4a517,ICICI,timeout,Mastercard,4999,2026-08-02T09:24:00
dc4c0298,Kotak,issuer_unavailable,Visa,1499,2026-08-02T09:25:00
61900e92,Axis,timeout,UPI_AUTOPAY,499,2026-08-02T09:28:00
e8550556,Kotak,issuer_unavailable,RuPay,499,2026-08-02T09:30:00
8146e046,HDFC,hard_decline,Visa,299,2026-08-02T09:31:00
947d0053,HDFC,issuer_unavailable,Visa,299,2026-08-02T09:34:00
770bd867,Kotak,insufficient_funds,UPI_AUTOPAY,1499,2026-08-02T09:34:00
0db5090d,HDFC,timeout,UPI_AUTOPAY,999,2026-08-02T09:35:00
252dc140,SBI,insufficient_funds,UPI_AUTOPAY,4999,2026-08-02T09:35:00
a818c667,ICICI,insufficient_funds,UPI_AUTOPAY,2999,2026-08-02T09:38:00
61826121,ICICI,timeout,UPI_AUTOPAY,999,2026-08-02T09:39:00
60058e9b,ICICI,issuer_unavailable,UPI_AUTOPAY,299,2026-08-02T09:40:00
e1a92379,ICICI,issuer_unavailable,Visa,499,2026-08-02T09:42:00
2f6e41f4,ICICI,insufficient_funds,RuPay,2999,2026-08-02T09:42:00
3662a53f,Kotak,insufficient_funds,UPI_AUTOPAY,199,2026-08-02T09:44:00
ba386b5e,SBI,issuer_unavailable,Mastercard,999,2026-08-02T09:50:00
968ec695,Axis,timeout,UPI_AUTOPAY,999,2026-08-02T09:52:00
ce14355c,Axis,issuer_unavailable,RuPay,1499,2026-08-02T10:00:00
fdd73f56,SBI,issuer_unavailable,UPI_AUTOPAY,499,2026-08-02T10:00:00
6bc5007c,HDFC,timeout,Mastercard,299,2026-08-02T10:06:00
5400bdec,HDFC,insufficient_funds,Visa,199,2026-08-02T10:07:00
5201a63e,Axis,issuer_unavailable,UPI_AUTOPAY,2999,2026-08-02T10:09:00
87a2bcb3,ICICI,timeout,UPI_AUTOPAY,199,2026-08-02T10:14:00
5eb876d9,HDFC,hard_decline,Visa,4999,2026-08-02T10:19:00
dae3f8b8,Kotak,issuer_unavailable,UPI_AUTOPAY,999,2026-08-02T10:21:00
0b4881a1,SBI,hard_decline,Visa,199,2026-08-02T10:26:00
2466ddcc,HDFC,issuer_unavailable,UPI_AUTOPAY,199,2026-08-02T10:27:00
e5a2c885,SBI,insufficient_funds,UPI_AUTOPAY,999,2026-08-02T10:36:00
2372d59a,Kotak,issuer_unavailable,Mastercard,299,2026-08-02T10:38:00
90554205,Kotak,timeout,UPI_AUTOPAY,1499,2026-08-02T10:38:00
c4128869,SBI,timeout,UPI_AUTOPAY,4999,2026-08-02T10:39:00
c9026e94,ICICI,timeout,UPI_AUTOPAY,199,2026-08-02T10:42:00
1ef74b8e,ICICI,hard_decline,RuPay,2999,2026-08-02T10:45:00
1ef7970b,ICICI,insufficient_funds,RuPay,999,2026-08-02T10:47:00
893c11b7,Axis,issuer_unavailable,Visa,2999,2026-08-02T10:49:00
08051d0b,Kotak,timeout,Mastercard,499,2026-08-02T10:49:00
effceb14,Kotak,issuer_unavailable,UPI_AUTOPAY,199,2026-08-02T10:58:00
38481fa6,HDFC,issuer_unavailable,UPI_AUTOPAY,2999,2026-08-02T11:04:00
1c491710,HDFC,timeout,Visa,199,2026-08-02T11:12:00
2b58526f,Axis,insufficient_funds,Visa,4999,2026-08-02T11:13:00
c19268fd,HDFC,issuer_unavailable,Visa,2999,2026-08-02T11:13:00
31d4be30,Axis,insufficient_funds,UPI_AUTOPAY,299,2026-08-02T11:15:00
67871ecb,ICICI,timeout,UPI_AUTOPAY,499,2026-08-02T11:15:00
ed7b96c1,ICICI,timeout,UPI_AUTOPAY,199,2026-08-02T11:17:00
b945f797,Kotak,issuer_unavailable,UPI_AUTOPAY,2999,2026-08-02T11:20:00
ff9ba645,Axis,issuer_unavailable,Mastercard,4999,2026-08-02T11:26:00
e3a5794c,Kotak,insufficient_funds,UPI_AUTOPAY,2999,2026-08-02T11:28:00
60a6de0f,SBI,timeout,Visa,2999,2026-08-02T11:29:00
8f84bf2a,Axis,issuer_unavailable,Mastercard,1499,2026-08-02T11:30:00
34d4594d,Axis,hard_decline,UPI_AUTOPAY,2999,2026-08-02T11:31:00
80c93af5,Kotak,timeout,Visa,299,2026-08-02T11:36:00
d39162d8,Kotak,timeout,UPI_AUTOPAY,1499,2026-08-02T11:39:00
dda8a43a,HDFC,timeout,UPI_AUTOPAY,199,2026-08-02T11:39:00
1d7288f8,Kotak,hard_decline,UPI_AUTOPAY,4999,2026-08-02T11:40:00
160d4b80,Axis,insufficient_funds,UPI_AUTOPAY,2999,2026-08-02T11:40:00
c9a80b2c,Kotak,insufficient_funds,Visa,299,2026-08-02T11:42:00
a2e581aa,SBI,insufficient_funds,Mastercard,999,2026-08-02T11:43:00
0cbe0f76,HDFC,insufficient_funds,Visa,2999,2026-08-02T11:47:00
199b1068,Axis,insufficient_funds,Visa,499,2026-08-02T11:48:00
99ddd071,Kotak,hard_decline,UPI_AUTOPAY,999,2026-08-02T11:51:00
7562db82,SBI,hard_decline,Visa,4999,2026-08-02T11:52:00
3e0d1410,SBI,timeout,RuPay,2999,2026-08-02T11:55:00
39d4ad0f,HDFC,insufficient_funds,RuPay,2999,2026-08-02T11:55:00
c18592e1,Kotak,insufficient_funds,UPI_AUTOPAY,299,2026-08-02T12:06:00
2e715894,Axis,timeout,UPI_AUTOPAY,299,2026-08-02T12:07:00
2e917f79,HDFC,issuer_unavailable,UPI_AUTOPAY,2999,2026-08-02T12:11:00
579c2a2f,HDFC,hard_decline,Mastercard,499,2026-08-02T12:15:00
d34cda62,Kotak,hard_decline,UPI_AUTOPAY,499,2026-08-02T12:19:00
fbd5872a,Kotak,timeout,Mastercard,299,2026-08-02T12:23:00
3754ffea,Axis,insufficient_funds,Visa,199,2026-08-02T12:28:00
555cfb75,HDFC,insufficient_funds,RuPay,2999,2026-08-02T12:29:00
5055a284,SBI,timeout,Visa,299,2026-08-02T12:35:00
69710f70,Kotak,timeout,UPI_AUTOPAY,199,2026-08-02T12:37:00
0b1f5a98,HDFC,insufficient_funds,RuPay,299,2026-08-02T12:43:00
d96001b2,SBI,timeout,Mastercard,1499,2026-08-02T12:46:00
f173bec1,ICICI,issuer_unavailable,RuPay,4999,2026-08-02T12:48:00
c82b394f,SBI,timeout,Mastercard,199,2026-08-02T12:48:00
f463119a,HDFC,hard_decline,RuPay,199,2026-08-02T12:59:00
42e762fb,Kotak,hard_decline,RuPay,299,2026-08-02T13:06:00
7c25a842,SBI,hard_decline,RuPay,199,2026-08-02T13:06:00
a647ba60,HDFC,issuer_unavailable,Visa,1499,2026-08-02T13:10:00
f6291c93,ICICI,timeout,UPI_AUTOPAY,2999,2026-08-02T13:16:00
f37315dd,Kotak,timeout,UPI_AUTOPAY,199,2026-08-02T13:18:00
ab0fab25,Axis,insufficient_funds,UPI_AUTOPAY,4999,2026-08-02T13:18:00
48ad224d,ICICI,insufficient_funds,Visa,199,2026-08-02T13:19:00
28aa3782,SBI,issuer_unavailable,Visa,499,2026-08-02T13:19:00
3165d3ea,Axis,insufficient_funds,UPI_AUTOPAY,1499,2026-08-02T13:23:00
4ebfb98a,Axis,timeout,UPI_AUTOPAY,2999,2026-08-02T13:25:00
40862103,HDFC,insufficient_funds,Visa,4999,2026-08-02T13:26:00
92b9c7e1,SBI,issuer_unavailable,UPI_AUTOPAY,499,2026-08-02T13:29:00
20b82a5c,Axis,timeout,Visa,1499,2026-08-02T13:30:00
f2471357,ICICI,timeout,RuPay,999,2026-08-02T13:34:00
6750209f,Kotak,insufficient_funds,RuPay,299,2026-08-02T13:34:00
d78cafb7,Kotak,hard_decline,UPI_AUTOPAY,999,2026-08-02T13:36:00
c8a98dd4,SBI,insufficient_funds,UPI_AUTOPAY,499,2026-08-02T13:37:00
fc50afeb,HDFC,timeout,Mastercard,299,2026-08-02T13:39:00
a1521215,ICICI,timeout,Visa,4999,2026-08-02T13:41:00
774e07e1,SBI,insufficient_funds,Mastercard,499,2026-08-02T13:44:00
ccc49137,Axis,timeout,Mastercard,4999,2026-08-02T13:46:00
3504e6c3,HDFC,issuer_unavailable,Visa,199,2026-08-02T13:57:00
c9e0d0cb,HDFC,issuer_unavailable,RuPay,2999,2026-08-02T13:59:00
b5954f64,Axis,issuer_unavailable,Visa,2999,2026-08-02T14:03:00
57ed7daf,SBI,issuer_unavailable,Visa,499,2026-08-02T14:07:00
e56903cf,Axis,timeout,RuPay,999,2026-08-02T14:09:00
617cec0d,ICICI,hard_decline,RuPay,1499,2026-08-02T14:10:00
c70f5da2,Axis,timeout,Visa,299,2026-08-02T14:12:00
883a5a51,Axis,timeout,RuPay,2999,2026-08-02T14:15:00
c877d134,Axis,timeout,UPI_AUTOPAY,499,2026-08-02T14:18:00
ee3c9e9b,HDFC,insufficient_funds,UPI_AUTOPAY,999,2026-08-02T14:22:00
aa942643,Axis,insufficient_funds,UPI_AUTOPAY,199,2026-08-02T14:30:00
7686f25e,ICICI,timeout,RuPay,4999,2026-08-02T14:32:00
7c2b1970,HDFC,issuer_unavailable,RuPay,999,2026-08-02T14:36:00
975a3f81,SBI,timeout,UPI_AUTOPAY,4999,2026-08-02T14:45:00
f5a16c08,ICICI,insufficient_funds,UPI_AUTOPAY,1499,2026-08-02T14:47:00
93846597,Axis,timeout,Visa,1499,2026-08-02T14:48:00
019eb8e3,Axis,insufficient_funds,UPI_AUTOPAY,199,2026-08-02T14:53:00
e5c03d2d,HDFC,insufficient_funds,RuPay,2999,2026-08-02T14:56:00
5c3783fb,Kotak,issuer_unavailable,UPI_AUTOPAY,999,2026-08-02T14:59:00
bc398235,Kotak,insufficient_funds,Mastercard,199,2026-08-02T15:07:00
c06c7a56,HDFC,timeout,RuPay,299,2026-08-02T15:14:00
870f8f11,Axis,insufficient_funds,Visa,2999,2026-08-02T15:17:00
5f5ff065,Kotak,hard_decline,Visa,2999,2026-08-02T15:18:00
12074770,ICICI,hard_decline,Visa,499,2026-08-02T15:25:00
7cbeb33a,ICICI,hard_decline,Visa,1499,2026-08-02T15:28:00
cf10b63d,ICICI,hard_decline,UPI_AUTOPAY,4999,2026-08-02T15:29:00
eba55317,SBI,timeout,RuPay,299,2026-08-02T15:30:00
fe1e232e,ICICI,insufficient_funds,RuPay,1499,2026-08-02T15:30:00
5505f45d,SBI,timeout,Visa,2999,2026-08-02T15:32:00
83a75490,Axis,insufficient_funds,Visa,199,2026-08-02T15:32:00
2d7e8924,ICICI,insufficient_funds,Visa,1499,2026-08-02T15:33:00
484f52b1,HDFC,timeout,UPI_AUTOPAY,1499,2026-08-02T15:34:00
b202e663,ICICI,timeout,Visa,299,2026-08-02T15:36:00
a0ef5c01,HDFC,insufficient_funds,UPI_AUTOPAY,999,2026-08-02T15:38:00
c77fb099,ICICI,issuer_unavailable,UPI_AUTOPAY,199,2026-08-02T15:40:00
c9c6e0ed,Axis,issuer_unavailable,Mastercard,4999,2026-08-02T15:41:00
66639466,HDFC,timeout,RuPay,999,2026-08-02T15:50:00
53f8b5a1,HDFC,timeout,UPI_AUTOPAY,199,2026-08-02T15:54:00
d32c1ac8,Kotak,timeout,UPI_AUTOPAY,499,2026-08-02T15:55:00
7cf3ebaf,SBI,timeout,Visa,1499,2026-08-02T15:55:00
cfce8c4a,Axis,issuer_unavailable,Mastercard,999,2026-08-02T15:56:00
9563de56,ICICI,timeout,Visa,4999,2026-08-02T15:58:00
c08c376e,ICICI,timeout,RuPay,299,2026-08-02T16:00:00
6ed725f3,ICICI,timeout,Visa,2999,2026-08-02T16:08:00
4f6a1e08,SBI,timeout,Mastercard,999,2026-08-02T16:13:00
f62b08f2,Kotak,timeout,Visa,199,2026-08-02T16:14:00
355c5fe4,ICICI,timeout,UPI_AUTOPAY,299,2026-08-02T16:21:00
14ba671d,SBI,timeout,RuPay,999,2026-08-02T16:22:00
5877510c,ICICI,insufficient_funds,UPI_AUTOPAY,4999,2026-08-02T16:22:00
14e5f384,SBI,issuer_unavailable,RuPay,199,2026-08-02T16:26:00
4cce4598,ICICI,issuer_unavailable,UPI_AUTOPAY,999,2026-08-02T16:26:00
80230bc1,ICICI,hard_decline,UPI_AUTOPAY,999,2026-08-02T16:28:00
edb83314,SBI,timeout,Visa,4999,2026-08-02T16:28:00
4f62fef6,Kotak,timeout,RuPay,999,2026-08-02T16:29:00
17616bfe,Kotak,issuer_unavailable,Visa,1499,2026-08-02T16:30:00
24436b2a,Kotak,hard_decline,Visa,299,2026-08-02T16:38:00
b71f1860,ICICI,insufficient_funds,UPI_AUTOPAY,2999,2026-08-02T16:40:00
0243a6f9,Axis,insufficient_funds,UPI_AUTOPAY,299,2026-08-02T16:46:00
58848f0b,ICICI,insufficient_funds,UPI_AUTOPAY,1499,2026-08-02T16:46:00
af4150bd,SBI,timeout,UPI_AUTOPAY,299,2026-08-02T16:55:00
58d56524,Kotak,hard_decline,UPI_AUTOPAY,2999,2026-08-02T16:56:00
76e1a862,Kotak,timeout,UPI_AUTOPAY,1499,2026-08-02T16:57:00
11da4e70,Kotak,timeout,RuPay,1499,2026-08-02T16:59:00
576e2adc,Axis,timeout,UPI_AUTOPAY,499,2026-08-02T17:00:00
03f2262a,Kotak,timeout,UPI_AUTOPAY,299,2026-08-02T17:03:00
6aca481f,Axis,issuer_unavailable,UPI_AUTOPAY,499,2026-08-02T17:04:00
7754bd71,Kotak,insufficient_funds,Visa,2999,2026-08-02T17:06:00
7fa673fe,SBI,insufficient_funds,Visa,999,2026-08-02T17:07:00
838cfd74,Kotak,timeout,UPI_AUTOPAY,199,2026-08-02T17:08:00
6183b175,Kotak,timeout,UPI_AUTOPAY,2999,2026-08-02T17:09:00
244547a9,SBI,timeout,UPI_AUTOPAY,299,2026-08-02T17:10:00
0c5b6403,Kotak,issuer_unavailable,RuPay,299,2026-08-02T17:11:00
c500685a,Axis,issuer_unavailable,RuPay,999,2026-08-02T17:11:00
26993a39,ICICI,issuer_unavailable,UPI_AUTOPAY,4999,2026-08-02T17:14:00
eabc5ddf,HDFC,hard_decline,UPI_AUTOPAY,1499,2026-08-02T17:18:00
59d38186,Axis,insufficient_funds,UPI_AUTOPAY,1499,2026-08-02T17:20:00
7938d226,HDFC,timeout,Visa,999,2026-08-02T17:22:00
e7d097b1,ICICI,hard_decline,UPI_AUTOPAY,999,2026-08-02T17:23:00
ea412157,SBI,timeout,UPI_AUTOPAY,299,2026-08-02T17:23:00
4b4a5548,Axis,insufficient_funds,UPI_AUTOPAY,1499,2026-08-02T17:26:00
6f7a9a12,Axis,issuer_unavailable,Visa,299,2026-08-02T17:26:00
abc72534,ICICI,timeout,UPI_AUTOPAY,2999,2026-08-02T17:27:00
de62653f,ICICI,hard_decline,RuPay,999,2026-08-02T17:29:00
b083bcc9,Kotak,issuer_unavailable,RuPay,299,2026-08-02T17:31:00
5f32e16c,ICICI,hard_decline,Visa,999,2026-08-02T17:35:00
d01ffa0b,SBI,timeout,Visa,499,2026-08-02T17:35:00
24efbcb4,SBI,hard_decline,RuPay,199,2026-08-02T17:40:00
1339ee2f,Axis,timeout,Mastercard,1499,2026-08-02T17:42:00
66d81023,Kotak,timeout,UPI_AUTOPAY,299,2026-08-02T17:47:00
f66fc2da,SBI,insufficient_funds,UPI_AUTOPAY,299,2026-08-02T17:48:00
597f9302,ICICI,timeout,UPI_AUTOPAY,999,2026-08-02T17:49:00
d32bf33c,HDFC,insufficient_funds,Visa,1499,2026-08-02T17:54:00
1bc250d7,SBI,issuer_unavailable,UPI_AUTOPAY,999,2026-08-02T17:54:00
602b5109,Kotak,insufficient_funds,UPI_AUTOPAY,499,2026-08-02T18:00:00
9fc299bf,ICICI,hard_decline,UPI_AUTOPAY,1499,2026-08-02T18:01:00
1b3d3947,HDFC,issuer_unavailable,Mastercard,199,2026-08-02T18:06:00
81ebdff3,Axis,insufficient_funds,UPI_AUTOPAY,1499,2026-08-02T18:11:00
303c338f,SBI,hard_decline,RuPay,999,2026-08-02T18:11:00
58d558a3,Kotak,timeout,RuPay,199,2026-08-02T18:13:00
c898f3d3,SBI,hard_decline,RuPay,1499,2026-08-02T18:17:00
66104e34,Axis,insufficient_funds,Visa,2999,2026-08-02T18:24:00
62e7ea6e,Kotak,insufficient_funds,RuPay,2999,2026-08-02T18:25:00
b8005d99,ICICI,timeout,UPI_AUTOPAY,499,2026-08-02T18:33:00
0fa78cc4,HDFC,issuer_unavailable,Visa,999,2026-08-02T18:34:00
be430230,Axis,timeout,UPI_AUTOPAY,1499,2026-08-02T18:35:00
48839aff,Axis,insufficient_funds,UPI_AUTOPAY,199,2026-08-02T18:40:00
3a33e85d,Kotak,insufficient_funds,Visa,199,2026-08-02T18:41:00
42c511a0,Axis,insufficient_funds,RuPay,999,2026-08-02T19:00:00
3d6df379,Kotak,timeout,Mastercard,999,2026-08-02T19:00:00
8d67f4a8,ICICI,timeout,UPI_AUTOPAY,199,2026-08-02T19:17:00
fba7578f,HDFC,insufficient_funds,RuPay,4999,2026-08-02T19:17:00
31d7c2be,Kotak,insufficient_funds,RuPay,499,2026-08-02T19:22:00
b1486e17,Kotak,issuer_unavailable,Visa,199,2026-08-02T19:23:00
c883f3b8,Kotak,timeout,RuPay,999,2026-08-02T19:28:00
42649613,HDFC,insufficient_funds,UPI_AUTOPAY,299,2026-08-02T19:31:00
44d85692,HDFC,insufficient_funds,RuPay,1499,2026-08-02T19:32:00
a4361f39,Axis,hard_decline,RuPay,299,2026-08-02T19:34:00
1e680669,ICICI,issuer_unavailable,UPI_AUTOPAY,2999,2026-08-02T19:35:00
3de18456,ICICI,insufficient_funds,UPI_AUTOPAY,199,2026-08-02T19:36:00
405f6ce7,SBI,issuer_unavailable,RuPay,2999,2026-08-02T19:42:00
ea887bfe,Kotak,timeout,Mastercard,1499,2026-08-02T19:44:00
4d5c47f6,ICICI,timeout,UPI_AUTOPAY,4999,2026-08-02T19:46:00
0d7a1683,SBI,timeout,Visa,299,2026-08-02T19:48:00
6cb519e1,SBI,insufficient_funds,UPI_AUTOPAY,299,2026-08-02T20:04:00
18e25927,Axis,hard_decline,Mastercard,4999,2026-08-02T20:04:00
d44ac3f2,Kotak,hard_decline,Visa,299,2026-08-02T20:04:00
46b122db,Kotak,issuer_unavailable,UPI_AUTOPAY,499,2026-08-02T20:17:00
a9cc7d21,Kotak,issuer_unavailable,Visa,1499,2026-08-02T20:19:00
00405ba3,SBI,insufficient_funds,UPI_AUTOPAY,1499,2026-08-02T20:23:00
408b5dcf,HDFC,timeout,Mastercard,2999,2026-08-02T20:23:00
72e7d1f6,HDFC,issuer_unavailable,Visa,1499,2026-08-02T20:25:00
55ece312,HDFC,issuer_unavailable,RuPay,2999,2026-08-02T20:34:00
3de812cf,Kotak,timeout,Visa,199,2026-08-02T20:38:00
0f9f7b3e,HDFC,insufficient_funds,RuPay,299,2026-08-02T20:39:00
6286bca9,HDFC,insufficient_funds,Visa,2999,2026-08-02T20:40:00
72838729,Kotak,issuer_unavailable,RuPay,299,2026-08-02T20:41:00
72258f3d,Axis,timeout,UPI_AUTOPAY,299,2026-08-02T20:48:00
1cc8e29d,HDFC,hard_decline,RuPay,299,2026-08-02T20:57:00
ff18d6ec,SBI,issuer_unavailable,Mastercard,2999,2026-08-02T21:01:00
3bcbea67,HDFC,hard_decline,UPI_AUTOPAY,299,2026-08-02T21:02:00
c84cc26d,ICICI,timeout,UPI_AUTOPAY,299,2026-08-02T21:03:00
36367967,Kotak,issuer_unavailable,UPI_AUTOPAY,1499,2026-08-02T21:07:00
19b75b93,Kotak,issuer_unavailable,Mastercard,1499,2026-08-02T21:10:00
79f2b6ec,Axis,insufficient_funds,Visa,2999,2026-08-02T21:21:00
2007b1e5,Kotak,timeout,RuPay,199,2026-08-02T21:22:00
b8c7e1d4,ICICI,hard_decline,RuPay,2999,2026-08-02T21:27:00
6d88e437,ICICI,timeout,UPI_AUTOPAY,1499,2026-08-02T21:34:00
7b7593aa,SBI,timeout,UPI_AUTOPAY,299,2026-08-02T21:34:00
22d9b225,ICICI,insufficient_funds,RuPay,2999,2026-08-02T21:35:00
fd1965ba,Axis,insufficient_funds,Visa,4999,2026-08-02T21:40:00
ac046924,Axis,timeout,RuPay,2999,2026-08-02T21:46:00
5d74208d,ICICI,insufficient_funds,RuPay,999,2026-08-02T21:47:00
67c5c006,Axis,timeout,Visa,4999,2026-08-02T21:48:00
54a7270f,Kotak,insufficient_funds,Visa,999,2026-08-02T21:48:00
24de7265,HDFC,insufficient_funds,Visa,999,2026-08-02T21:53:00
f1cb6ffa,HDFC,issuer_unavailable,UPI_AUTOPAY,199,2026-08-02T21:57:00
d939055c,SBI,timeout,Visa,2999,2026-08-02T21:59:00
0ab2e373,Axis,timeout,UPI_AUTOPAY,2999,2026-08-02T22:01:00
90309533,Kotak,insufficient_funds,RuPay,1499,2026-08-02T22:01:00
9b02701e,Axis,insufficient_funds,UPI_AUTOPAY,1499,2026-08-02T22:01:00
ff3b525f,SBI,insufficient_funds,UPI_AUTOPAY,2999,2026-08-02T22:08:00
00ee701b,Axis,insufficient_funds,Visa,2999,2026-08-02T22:13:00
9be02129,ICICI,issuer_unavailable,RuPay,999,2026-08-02T22:15:00
2201fbc7,ICICI,issuer_unavailable,Visa,999,2026-08-02T22:15:00
a6a77a15,ICICI,insufficient_funds,UPI_AUTOPAY,4999,2026-08-02T22:20:00
b4ed57bd,Kotak,timeout,Mastercard,199,2026-08-02T22:27:00
14c03842,Kotak,timeout,UPI_AUTOPAY,2999,2026-08-02T22:28:00
e663d47d,Kotak,insufficient_funds,Visa,299,2026-08-02T22:29:00
62652c4c,ICICI,issuer_unavailable,Visa,999,2026-08-02T22:29:00
3f7d9b0a,Kotak,timeout,UPI_AUTOPAY,499,2026-08-02T22:34:00
7233e6d9,HDFC,timeout,UPI_AUTOPAY,499,2026-08-02T22:39:00
48bd70e1,Axis,timeout,Mastercard,299,2026-08-02T22:45:00
b014e037,SBI,insufficient_funds,UPI_AUTOPAY,2999,2026-08-02T22:52:00
ca1cf63b,HDFC,insufficient_funds,UPI_AUTOPAY,1499,2026-08-02T22:57:00
f9e54a06,SBI,hard_decline,Visa,999,2026-08-02T23:05:00
22367340,Kotak,insufficient_funds,Mastercard,4999,2026-08-02T23:07:00
bc9a55ff,Axis,insufficient_funds,UPI_AUTOPAY,999,2026-08-02T23:13:00
d006e040,Axis,timeout,RuPay,1499,2026-08-02T23:14:00
8bcbffaf,HDFC,insufficient_funds,RuPay,2999,2026-08-02T23:16:00
140f46fc,SBI,insufficient_funds,UPI_AUTOPAY,499,2026-08-02T23:16:00
eb458969,Axis,issuer_unavailable,Visa,2999,2026-08-02T23:18:00
fce606cb,Axis,issuer_unavailable,UPI_AUTOPAY,199,2026-08-02T23:24:00
e5fef6c5,HDFC,timeout,Visa,1499,2026-08-02T23:28:00
e35be31a,SBI,timeout,UPI_AUTOPAY,4999,2026-08-02T23:31:00
a174b2d0,ICICI,hard_decline,Mastercard,199,2026-08-02T23:33:00
239e96aa,HDFC,timeout,RuPay,499,2026-08-02T23:40:00
dc866d47,SBI,timeout,UPI_AUTOPAY,499,2026-08-02T23:41:00
c3e37a6a,SBI,issuer_unavailable,RuPay,199,2026-08-02T23:41:00
5411fa96,Axis,timeout,RuPay,1499,2026-08-02T23:46:00
a54525c3,Kotak,insufficient_funds,UPI_AUTOPAY,4999,2026-08-02T23:47:00
796d343c,ICICI,insufficient_funds,Mastercard,999,2026-08-02T23:48:00
1bf639b9,ICICI,issuer_unavailable,Visa,999,2026-08-02T23:52:00
dc46b388,Kotak,insufficient_funds,Visa,999,2026-08-02T23:59:00
22d41ad1,Axis,timeout,UPI_AUTOPAY,299,2026-08-03T00:06:00
97392ffa,SBI,timeout,Mastercard,199,2026-08-03T00:06:00
504e9412,ICICI,insufficient_funds,UPI_AUTOPAY,2999,2026-08-03T00:11:00
d0f23f2f,ICICI,timeout,UPI_AUTOPAY,4999,2026-08-03T00:11:00
524727e6,Axis,hard_decline,Visa,999,2026-08-03T00:13:00
a741f89e,ICICI,insufficient_funds,Mastercard,1499,2026-08-03T00:20:00
d6b29b16,SBI,insufficient_funds,Visa,1499,2026-08-03T00:26:00
9e8377fd,SBI,timeout,RuPay,299,2026-08-03T00:27:00
c7fc70ca,ICICI,insufficient_funds,RuPay,299,2026-08-03T00:31:00
0f270ce7,Kotak,timeout,UPI_AUTOPAY,999,2026-08-03T00:41:00
f311cc1f,Axis,hard_decline,Visa,999,2026-08-03T00:42:00
c98dc3c3,Kotak,hard_decline,RuPay,499,2026-08-03T00:43:00
c523b80d,Kotak,insufficient_funds,Visa,4999,2026-08-03T00:44:00
2b426051,SBI,hard_decline,RuPay,4999,2026-08-03T00:46:00
1634eebc,HDFC,issuer_unavailable,RuPay,299,2026-08-03T00:49:00
c4e9f7f7,ICICI,timeout,RuPay,4999,2026-08-03T00:49:00
36874f0b,Kotak,issuer_unavailable,Visa,4999,2026-08-03T00:51:00
885bdc16,ICICI,issuer_unavailable,Visa,1499,2026-08-03T00:53:00
8733cbd7,Axis,timeout,Visa,299,2026-08-03T00:59:00
f0dca74f,Axis,insufficient_funds,RuPay,199,2026-08-03T01:00:00
b0ea2f99,Axis,insufficient_funds,UPI_AUTOPAY,299,2026-08-03T01:01:00
27f2b203,SBI,hard_decline,RuPay,999,2026-08-03T01:01:00
ee015500,SBI,hard_decline,UPI_AUTOPAY,4999,2026-08-03T01:04:00
5363650a,HDFC,hard_decline,UPI_AUTOPAY,2999,2026-08-03T01:06:00
e5cd9b24,Kotak,hard_decline,UPI_AUTOPAY,1499,2026-08-03T01:14:00
b45d41db,ICICI,timeout,UPI_AUTOPAY,2999,2026-08-03T01:24:00
d3492960,ICICI,insufficient_funds,UPI_AUTOPAY,2999,2026-08-03T01:30:00
42f9064b,ICICI,timeout,UPI_AUTOPAY,199,2026-08-03T01:31:00
89e0b87d,SBI,timeout,RuPay,4999,2026-08-03T01:33:00
67f221ba,ICICI,timeout,Visa,999,2026-08-03T01:36:00
2f611a02,Kotak,timeout,Visa,199,2026-08-03T01:37:00
3ca7d8df,SBI,timeout,UPI_AUTOPAY,2999,2026-08-03T01:40:00
06885955,SBI,issuer_unavailable,RuPay,499,2026-08-03T01:43:00
4360776f,Axis,timeout,RuPay,4999,2026-08-03T01:45:00
efb0ed4f,Axis,issuer_unavailable,Visa,1499,2026-08-03T01:46:00
782d55ec,SBI,hard_decline,Visa,2999,2026-08-03T01:47:00
f4c2a002,SBI,timeout,UPI_AUTOPAY,199,2026-08-03T01:53:00
d6e5fa5f,ICICI,timeout,Mastercard,199,2026-08-03T01:53:00
7bc67f42,HDFC,insufficient_funds,UPI_AUTOPAY,4999,2026-08-03T01:57:00
587b393c,ICICI,timeout,UPI_AUTOPAY,2999,2026-08-03T01:57:00
5af380fb,Axis,timeout,Mastercard,1499,2026-08-03T01:57:00
e41959a9,Axis,timeout,Mastercard,199,2026-08-03T01:58:00
fa8d7404,Axis,hard_decline,Mastercard,499,2026-08-03T02:01:00
5e3598fe,Axis,issuer_unavailable,UPI_AUTOPAY,299,2026-08-03T02:03:00
b4ef1cdd,Kotak,issuer_unavailable,RuPay,199,2026-08-03T02:05:00
79c889fb,Axis,issuer_unavailable,Visa,1499,2026-08-03T02:09:00
42adf236,Axis,issuer_unavailable,Mastercard,2999,2026-08-03T02:09:00
352f9a82,ICICI,insufficient_funds,UPI_AUTOPAY,1499,2026-08-03T02:09:00
db49cbeb,Kotak,issuer_unavailable,Visa,4999,2026-08-03T02:11:00
2ccaee6e,Axis,insufficient_funds,Visa,4999,2026-08-03T02:12:00
22acb1df,HDFC,insufficient_funds,UPI_AUTOPAY,1499,2026-08-03T02:14:00
65c3c511,Kotak,hard_decline,UPI_AUTOPAY,499,2026-08-03T02:15:00
cdee7a4c,Axis,insufficient_funds,Visa,999,2026-08-03T02:16:00
5793c278,HDFC,timeout,RuPay,499,2026-08-03T02:23:00
c834bb0f,Axis,timeout,Mastercard,499,2026-08-03T02:28:00
25b9e5e0,HDFC,insufficient_funds,UPI_AUTOPAY,999,2026-08-03T02:30:00
fbed3a76,Kotak,issuer_unavailable,UPI_AUTOPAY,299,2026-08-03T02:31:00
6318cd4c,Kotak,hard_decline,UPI_AUTOPAY,4999,2026-08-03T02:33:00
1be1c7b0,Kotak,issuer_unavailable,UPI_AUTOPAY,199,2026-08-03T02:38:00
63608b3c,HDFC,timeout,RuPay,2999,2026-08-03T02:45:00
3ec8e2cf,SBI,timeout,RuPay,4999,2026-08-03T02:47:00
98cb1398,Axis,hard_decline,Mastercard,499,2026-08-03T02:49:00
f969505b,Kotak,insufficient_funds,RuPay,4999,2026-08-03T02:50:00
844a48eb,ICICI,insufficient_funds,UPI_AUTOPAY,999,2026-08-03T02:50:00
03cb168d,Kotak,insufficient_funds,UPI_AUTOPAY,4999,2026-08-03T02:52:00
21017832,Axis,hard_decline,UPI_AUTOPAY,4999,2026-08-03T02:59:00
ffa2bf8c,Axis,hard_decline,Visa,299,2026-08-03T02:59:00
dd0b1fb2,ICICI,issuer_unavailable,RuPay,499,2026-08-03T03:07:00
c970129d,Axis,timeout,Mastercard,299,2026-08-03T03:08:00
2051c78a,HDFC,issuer_unavailable,UPI_AUTOPAY,2999,2026-08-03T03:10:00
b775ee65,SBI,timeout,Mastercard,199,2026-08-03T03:15:00
9490bb02,SBI,insufficient_funds,RuPay,1499,2026-08-03T03:18:00
666f04b6,Axis,insufficient_funds,Mastercard,299,2026-08-03T03:20:00
4c9b1fba,Kotak,insufficient_funds,UPI_AUTOPAY,4999,2026-08-03T03:20:00
b47bbadc,Kotak,timeout,RuPay,2999,2026-08-03T03:21:00
a8b52777,HDFC,insufficient_funds,UPI_AUTOPAY,1499,2026-08-03T03:24:00
d9c75f10,SBI,insufficient_funds,UPI_AUTOPAY,4999,2026-08-03T03:27:00
a78b0e0c,SBI,insufficient_funds,UPI_AUTOPAY,1499,2026-08-03T03:29:00
99bb600c,Kotak,timeout,UPI_AUTOPAY,499,2026-08-03T03:33:00
3710e0f8,SBI,insufficient_funds,Visa,2999,2026-08-03T03:38:00
a8081b2c,HDFC,insufficient_funds,RuPay,499,2026-08-03T03:39:00
6804ba69,Kotak,insufficient_funds,UPI_AUTOPAY,499,2026-08-03T03:40:00
5780c829,Axis,timeout,RuPay,499,2026-08-03T03:41:00
16171428,Kotak,insufficient_funds,UPI_AUTOPAY,2999,2026-08-03T03:43:00
69b603cd,Kotak,insufficient_funds,Visa,199,2026-08-03T03:51:00
49b65df0,ICICI,timeout,UPI_AUTOPAY,499,2026-08-03T03:52:00
313f5ac8,ICICI,insufficient_funds,Visa,1499,2026-08-03T03:55:00
ce12fa61,ICICI,hard_decline,UPI_AUTOPAY,199,2026-08-03T03:58:00
a22b39ca,ICICI,timeout,UPI_AUTOPAY,1499,2026-08-03T04:00:00
2804615c,SBI,insufficient_funds,UPI_AUTOPAY,4999,2026-08-03T04:00:00
30f52b3d,Kotak,insufficient_funds,UPI_AUTOPAY,299,2026-08-03T04:03:00
2f971537,Kotak,timeout,UPI_AUTOPAY,999,2026-08-03T04:06:00
5373615d,Axis,issuer_unavailable,Visa,199,2026-08-03T04:06:00
41f324c6,ICICI,issuer_unavailable,Visa,999,2026-08-03T04:09:00
53badcd4,Axis,timeout,UPI_AUTOPAY,2999,2026-08-03T04:10:00
fa5938ab,ICICI,insufficient_funds,UPI_AUTOPAY,199,2026-08-03T04:10:00
7b63b55c,HDFC,insufficient_funds,Mastercard,299,2026-08-03T04:11:00
c8823b6d,Kotak,insufficient_funds,Visa,199,2026-08-03T04:12:00
6f4cd5bb,Axis,hard_decline,UPI_AUTOPAY,4999,2026-08-03T04:13:00
e76df880,HDFC,insufficient_funds,RuPay,499,2026-08-03T04:17:00
1ef5e13b,SBI,insufficient_funds,UPI_AUTOPAY,2999,2026-08-03T04:18:00
53806437,ICICI,issuer_unavailable,RuPay,299,2026-08-03T04:20:00
7b169657,SBI,issuer_unavailable,Visa,1499,2026-08-03T04:21:00
dfd6a8e9,ICICI,hard_decline,UPI_AUTOPAY,199,2026-08-03T04:21:00
724f9d69,SBI,issuer_unavailable,Visa,199,2026-08-03T04:24:00
c78b1640,ICICI,issuer_unavailable,RuPay,299,2026-08-03T04:26:00
cbc3ad65,Axis,issuer_unavailable,Mastercard,499,2026-08-03T04:31:00
311b93d7,SBI,insufficient_funds,UPI_AUTOPAY,4999,2026-08-03T04:31:00
30f41c20,HDFC,timeout,Mastercard,199,2026-08-03T04:47:00
6e9954f5,Kotak,issuer_unavailable,RuPay,199,2026-08-03T04:47:00
861ec9c4,Kotak,insufficient_funds,UPI_AUTOPAY,1499,2026-08-03T04:51:00
7f0f209d,Kotak,hard_decline,Mastercard,1499,2026-08-03T05:07:00
202da04f,ICICI,insufficient_funds,UPI_AUTOPAY,999,2026-08-03T05:12:00
f54a84f4,ICICI,issuer_unavailable,UPI_AUTOPAY,4999,2026-08-03T05:24:00
ddfa8fca,ICICI,timeout,Visa,299,2026-08-03T05:27:00
ef229326,HDFC,timeout,UPI_AUTOPAY,1499,2026-08-03T05:31:00
efcf2443,SBI,issuer_unavailable,RuPay,199,2026-08-03T05:43:00
ba566fa6,ICICI,hard_decline,UPI_AUTOPAY,199,2026-08-03T05:46:00
2353b514,HDFC,timeout,UPI_AUTOPAY,999,2026-08-03T05:48:00
cfd6da3c,ICICI,timeout,UPI_AUTOPAY,2999,2026-08-03T05:48:00
67d415a6,Axis,issuer_unavailable,Mastercard,499,2026-08-03T05:49:00
178f3d7a,ICICI,insufficient_funds,Mastercard,199,2026-08-03T05:50:00
58d612f6,SBI,timeout,Mastercard,499,2026-08-03T05:52:00
166201fe,ICICI,hard_decline,UPI_AUTOPAY,1499,2026-08-03T05:53:00
fb4d5adf,ICICI,issuer_unavailable,RuPay,199,2026-08-03T05:55:00
46a87b27,Kotak,issuer_unavailable,UPI_AUTOPAY,999,2026-08-03T06:00:00
2c848dd9,HDFC,hard_decline,UPI_AUTOPAY,4999,2026-08-03T06:02:00
ebfa39be,HDFC,insufficient_funds,UPI_AUTOPAY,999,2026-08-03T06:07:00
3fce9641,Axis,timeout,UPI_AUTOPAY,1499,2026-08-03T06:08:00
a4fd97f0,Axis,issuer_unavailable,Visa,499,2026-08-03T06:18:00
eeb2aa45,Kotak,timeout,Mastercard,199,2026-08-03T06:19:00
534cd288,ICICI,timeout,RuPay,999,2026-08-03T06:22:00
e9bf9dcf,Axis,timeout,Mastercard,199,2026-08-03T06:25:00
9e64a7dd,HDFC,timeout,UPI_AUTOPAY,4999,2026-08-03T06:27:00
b9284661,ICICI,insufficient_funds,RuPay,499,2026-08-03T06:29:00
44b124df,SBI,issuer_unavailable,UPI_AUTOPAY,2999,2026-08-03T06:29:00
274b82a2,Kotak,hard_decline,UPI_AUTOPAY,1499,2026-08-03T06:38:00
4db7e0bc,Axis,insufficient_funds,Visa,999,2026-08-03T06:39:00
cd6f8cd3,Kotak,insufficient_funds,UPI_AUTOPAY,999,2026-08-03T06:45:00
fbf743fb,SBI,insufficient_funds,RuPay,2999,2026-08-03T06:46:00
ddfc085a,ICICI,issuer_unavailable,Mastercard,1499,2026-08-03T06:51:00
b35b6c29,Kotak,timeout,RuPay,199,2026-08-03T06:52:00
fa559f61,Kotak,insufficient_funds,Visa,2999,2026-08-03T06:53:00
e0224e6f,ICICI,timeout,Mastercard,299,2026-08-03T06:54:00
63241c7b,HDFC,insufficient_funds,Visa,299,2026-08-03T06:56:00
30baa234,HDFC,issuer_unavailable,Visa,2999,2026-08-03T07:03:00
14b0b35d,Kotak,issuer_unavailable,Visa,299,2026-08-03T07:05:00
7d9dc1d7,SBI,insufficient_funds,UPI_AUTOPAY,4999,2026-08-03T07:05:00
c5f2b8b8,Kotak,insufficient_funds,RuPay,4999,2026-08-03T07:08:00
4c750f34,SBI,hard_decline,UPI_AUTOPAY,199,2026-08-03T07:11:00
a2b96a30,Kotak,insufficient_funds,UPI_AUTOPAY,4999,2026-08-03T07:11:00
81572809,SBI,issuer_unavailable,Mastercard,2999,2026-08-03T07:13:00
66adc9ab,Axis,timeout,UPI_AUTOPAY,4999,2026-08-03T07:15:00
bcd1b1c4,ICICI,timeout,UPI_AUTOPAY,199,2026-08-03T07:16:00
3ffe3ab1,SBI,hard_decline,UPI_AUTOPAY,1499,2026-08-03T07:17:00
cb80a06c,Axis,timeout,Visa,999,2026-08-03T07:18:00
65c8cf49,Axis,issuer_unavailable,RuPay,4999,2026-08-03T07:20:00
6e552796,Axis,issuer_unavailable,UPI_AUTOPAY,2999,2026-08-03T07:22:00
92aaf3cb,Kotak,issuer_unavailable,UPI_AUTOPAY,2999,2026-08-03T07:24:00
12b795df,HDFC,issuer_unavailable,RuPay,999,2026-08-03T07:26:00
e012383f,Kotak,timeout,RuPay,999,2026-08-03T07:30:00
420ce9e4,HDFC,timeout,Visa,499,2026-08-03T07:31:00
511441c3,ICICI,insufficient_funds,UPI_AUTOPAY,199,2026-08-03T07:31:00
83f08f91,SBI,issuer_unavailable,UPI_AUTOPAY,999,2026-08-03T07:34:00
21ac8d8e,SBI,timeout,RuPay,2999,2026-08-03T07:36:00
7f41012d,HDFC,timeout,Visa,499,2026-08-03T07:42:00
72508786,Kotak,hard_decline,Mastercard,299,2026-08-03T07:42:00
144a7784,Kotak,insufficient_funds,UPI_AUTOPAY,499,2026-08-03T07:46:00
07e16dd4,Kotak,insufficient_funds,Visa,2999,2026-08-03T07:51:00
e90ea3b5,Axis,issuer_unavailable,RuPay,4999,2026-08-03T07:53:00
eaa6c590,HDFC,timeout,Mastercard,499,2026-08-03T07:55:00
e18aea8e,HDFC,issuer_unavailable,UPI_AUTOPAY,199,2026-08-03T07:56:00
a1769515,ICICI,insufficient_funds,UPI_AUTOPAY,199,2026-08-03T07:58:00
6fcf708b,HDFC,timeout,Visa,1499,2026-08-03T08:08:00
919c1e45,Kotak,timeout,Mastercard,499,2026-08-03T08:08:00
9b27c1e6,HDFC,timeout,UPI_AUTOPAY,2999,2026-08-03T08:11:00
cfd95f8d,HDFC,timeout,Visa,1499,2026-08-03T08:14:00
b53e0b5d,HDFC,issuer_unavailable,UPI_AUTOPAY,299,2026-08-03T08:14:00
ef97ceac,ICICI,timeout,UPI_AUTOPAY,299,2026-08-03T08:25:00
d45cd957,HDFC,insufficient_funds,UPI_AUTOPAY,499,2026-08-03T08:26:00
09f8637b,Axis,insufficient_funds,Mastercard,299,2026-08-03T08:26:00
3f5388e7,SBI,insufficient_funds,UPI_AUTOPAY,199,2026-08-03T08:28:00
d0950cb4,SBI,timeout,RuPay,199,2026-08-03T08:29:00
23f97078,HDFC,insufficient_funds,UPI_AUTOPAY,4999,2026-08-03T08:30:00
d23e0ea3,Kotak,insufficient_funds,Mastercard,299,2026-08-03T08:34:00
3e79cb0d,SBI,hard_decline,UPI_AUTOPAY,999,2026-08-03T08:36:00
651d9bb9,SBI,timeout,Visa,499,2026-08-03T08:42:00
3c40995a,SBI,timeout,Visa,199,2026-08-03T08:47:00
642c3835,ICICI,issuer_unavailable,Visa,999,2026-08-03T08:49:00
c897408b,SBI,insufficient_funds,RuPay,1499,2026-08-03T09:03:00
8e977a1f,Kotak,insufficient_funds,Visa,499,2026-08-03T09:07:00
8901074b,HDFC,hard_decline,UPI_AUTOPAY,999,2026-08-03T09:07:00
c374686e,Kotak,timeout,Visa,2999,2026-08-03T09:10:00
3fe13283,ICICI,insufficient_funds,RuPay,4999,2026-08-03T09:12:00
3385a131,SBI,issuer_unavailable,UPI_AUTOPAY,299,2026-08-03T09:12:00
f85ebc47,Axis,hard_decline,UPI_AUTOPAY,499,2026-08-03T09:15:00
31606d06,ICICI,timeout,UPI_AUTOPAY,4999,2026-08-03T09:17:00
622c899f,Axis,insufficient_funds,RuPay,1499,2026-08-03T09:18:00
9ec535f7,Kotak,insufficient_funds,Mastercard,199,2026-08-03T09:18:00
49d307fe,Axis,issuer_unavailable,UPI_AUTOPAY,199,2026-08-03T09:22:00
2ff9412c,SBI,issuer_unavailable,UPI_AUTOPAY,499,2026-08-03T09:25:00
f752fe61,SBI,insufficient_funds,RuPay,199,2026-08-03T09:25:00
e146382a,SBI,timeout,UPI_AUTOPAY,999,2026-08-03T09:29:00
b08ce966,Axis,timeout,UPI_AUTOPAY,2999,2026-08-03T09:36:00
429e0281,Kotak,timeout,RuPay,2999,2026-08-03T09:36:00
36ed2d97,SBI,timeout,RuPay,499,2026-08-03T09:43:00
8771f22e,ICICI,timeout,UPI_AUTOPAY,2999,2026-08-03T09:45:00
5b1f3f16,Axis,timeout,UPI_AUTOPAY,299,2026-08-03T09:47:00
859d102c,SBI,timeout,UPI_AUTOPAY,4999,2026-08-03T09:56:00
c081cd77,Axis,insufficient_funds,UPI_AUTOPAY,499,2026-08-03T10:02:00
207aa887,Kotak,timeout,UPI_AUTOPAY,199,2026-08-03T10:04:00
dc4a695f,SBI,timeout,UPI_AUTOPAY,4999,2026-08-03T10:08:00
092f5c13,Kotak,insufficient_funds,Visa,1499,2026-08-03T10:08:00
614f47ad,HDFC,issuer_unavailable,Visa,299,2026-08-03T10:11:00
d1e4142e,Axis,timeout,Visa,2999,2026-08-03T10:12:00
e47c3190,SBI,issuer_unavailable,Visa,299,2026-08-03T10:15:00
98df4cfe,Axis,insufficient_funds,RuPay,999,2026-08-03T10:16:00
1d85cfe9,Axis,insufficient_funds,UPI_AUTOPAY,199,2026-08-03T10:17:00
b5854014,ICICI,timeout,Mastercard,4999,2026-08-03T10:18:00
d21273dc,Axis,insufficient_funds,Visa,4999,2026-08-03T10:18:00
55ac0bb7,Axis,hard_decline,Visa,499,2026-08-03T10:19:00
c2d1a612,SBI,issuer_unavailable,Visa,199,2026-08-03T10:22:00
17f8360f,SBI,hard_decline,RuPay,999,2026-08-03T10:23:00
13d4e8b3,Kotak,issuer_unavailable,RuPay,199,2026-08-03T10:24:00
9b15d815,Axis,timeout,RuPay,499,2026-08-03T10:26:00
f35da487,HDFC,insufficient_funds,Mastercard,4999,2026-08-03T10:29:00
6b8bb011,ICICI,insufficient_funds,RuPay,2999,2026-08-03T10:30:00
4ca64a74,Kotak,timeout,UPI_AUTOPAY,2999,2026-08-03T10:37:00
bd90cff0,SBI,timeout,UPI_AUTOPAY,4999,2026-08-03T10:43:00
b67469ab,Axis,insufficient_funds,Mastercard,499,2026-08-03T10:46:00
aa17ffe4,HDFC,timeout,UPI_AUTOPAY,1499,2026-08-03T10:51:00
8ed363e3,Axis,issuer_unavailable,RuPay,199,2026-08-03T10:52:00
890f9267,ICICI,insufficient_funds,UPI_AUTOPAY,2999,2026-08-03T10:52:00
091e4243,SBI,issuer_unavailable,UPI_AUTOPAY,199,2026-08-03T10:58:00
02302d89,Kotak,issuer_unavailable,UPI_AUTOPAY,1499,2026-08-03T11:00:00
616d7bec,HDFC,issuer_unavailable,Visa,1499,2026-08-03T11:01:00
c646b89a,Axis,timeout,UPI_AUTOPAY,199,2026-08-03T11:01:00
63af5f89,SBI,issuer_unavailable,UPI_AUTOPAY,299,2026-08-03T11:02:00
9cb851e1,SBI,timeout,Visa,1499,2026-08-03T11:04:00
98fa8926,Axis,timeout,Visa,199,2026-08-03T11:06:00
130e1a24,HDFC,insufficient_funds,Mastercard,299,2026-08-03T11:10:00
131465cf,HDFC,timeout,RuPay,499,2026-08-03T11:17:00
7c6e3239,ICICI,issuer_unavailable,RuPay,1499,2026-08-03T11:19:00
49b9fb9d,Kotak,insufficient_funds,RuPay,199,2026-08-03T11:22:00
fb35f3c0,ICICI,timeout,UPI_AUTOPAY,4999,2026-08-03T11:23:00
ac0d4862,SBI,insufficient_funds,Mastercard,199,2026-08-03T11:23:00
d7cad94c,Kotak,insufficient_funds,UPI_AUTOPAY,299,2026-08-03T11:27:00
d8b42afd,HDFC,timeout,Mastercard,4999,2026-08-03T11:31:00
54f743ca,ICICI,issuer_unavailable,RuPay,199,2026-08-03T11:33:00
831a79e6,Kotak,insufficient_funds,Visa,499,2026-08-03T11:34:00
35d97188,SBI,issuer_unavailable,RuPay,199,2026-08-03T11:42:00
0b1b3e3b,ICICI,timeout,Visa,299,2026-08-03T11:53:00
9a4e5ab1,SBI,timeout,RuPay,2999,2026-08-03T11:56:00
93100848,Kotak,timeout,UPI_AUTOPAY,199,2026-08-03T11:56:00
c85a1569,ICICI,timeout,Mastercard,499,2026-08-03T11:58:00
fb5d587c,HDFC,timeout,Mastercard,2999,2026-08-03T12:03:00
ead935a4,ICICI,insufficient_funds,Mastercard,299,2026-08-03T12:03:00
4403964d,SBI,timeout,RuPay,299,2026-08-03T12:07:00
cbea4946,HDFC,timeout,UPI_AUTOPAY,1499,2026-08-03T12:13:00
5cbcd89b,ICICI,insufficient_funds,UPI_AUTOPAY,199,2026-08-03T12:15:00
5004cc86,Kotak,insufficient_funds,Visa,4999,2026-08-03T12:17:00
4c1c080c,SBI,hard_decline,UPI_AUTOPAY,499,2026-08-03T12:23:00
08fad8b2,ICICI,issuer_unavailable,UPI_AUTOPAY,199,2026-08-03T12:28:00
37f340ad,ICICI,timeout,UPI_AUTOPAY,299,2026-08-03T12:28:00
0c1dedd2,SBI,issuer_unavailable,Visa,299,2026-08-03T12:30:00
f01db1ac,SBI,insufficient_funds,RuPay,499,2026-08-03T12:32:00
8c3daad0,Kotak,insufficient_funds,UPI_AUTOPAY,1499,2026-08-03T12:33:00
f5511cd4,Axis,timeout,UPI_AUTOPAY,4999,2026-08-03T12:37:00
aaa1671f,HDFC,insufficient_funds,RuPay,4999,2026-08-03T12:38:00
0aa4f7c9,Kotak,insufficient_funds,RuPay,299,2026-08-03T12:41:00
1d1e0256,HDFC,timeout,UPI_AUTOPAY,1499,2026-08-03T12:43:00
704782f4,Axis,insufficient_funds,UPI_AUTOPAY,499,2026-08-03T12:44:00
22e34c09,Axis,insufficient_funds,UPI_AUTOPAY,499,2026-08-03T12:45:00
f97c1151,SBI,timeout,Mastercard,299,2026-08-03T12:47:00
81ede7c8,HDFC,hard_decline,UPI_AUTOPAY,1499,2026-08-03T12:49:00
a7f5b955,SBI,issuer_unavailable,RuPay,199,2026-08-03T12:56:00
f0068e02,ICICI,insufficient_funds,Visa,1499,2026-08-03T13:00:00
d79ddbfc,ICICI,timeout,UPI_AUTOPAY,999,2026-08-03T13:00:00
402b5436,SBI,issuer_unavailable,UPI_AUTOPAY,4999,2026-08-03T13:01:00
29885587,Axis,insufficient_funds,UPI_AUTOPAY,2999,2026-08-03T13:05:00
fe1f2e07,ICICI,timeout,Visa,199,2026-08-03T13:05:00
9daff4d5,Kotak,issuer_unavailable,Visa,4999,2026-08-03T13:07:00
ce4a6dba,ICICI,timeout,Visa,4999,2026-08-03T13:08:00
c36e03dd,SBI,issuer_unavailable,Visa,499,2026-08-03T13:08:00
284f11fd,Axis,hard_decline,UPI_AUTOPAY,1499,2026-08-03T13:10:00
757aa353,HDFC,timeout,Visa,1499,2026-08-03T13:10:00
8f4647fa,Axis,insufficient_funds,UPI_AUTOPAY,199,2026-08-03T13:18:00
d61948a0,ICICI,timeout,Visa,499,2026-08-03T13:20:00
7d145dd4,ICICI,insufficient_funds,Mastercard,999,2026-08-03T13:21:00
bf092988,HDFC,issuer_unavailable,UPI_AUTOPAY,1499,2026-08-03T13:21:00
c2ffce9a,Kotak,timeout,UPI_AUTOPAY,299,2026-08-03T13:22:00
d5cbafdc,SBI,insufficient_funds,RuPay,499,2026-08-03T13:22:00
96b435ef,Axis,insufficient_funds,UPI_AUTOPAY,1499,2026-08-03T13:24:00
4dd58566,SBI,insufficient_funds,Mastercard,999,2026-08-03T13:27:00
799953a7,Axis,timeout,UPI_AUTOPAY,1499,2026-08-03T13:29:00
450ca26a,SBI,timeout,UPI_AUTOPAY,1499,2026-08-03T13:34:00
36c9f72b,SBI,issuer_unavailable,RuPay,2999,2026-08-03T13:35:00
045d491a,Axis,insufficient_funds,RuPay,499,2026-08-03T13:43:00
7aa48d01,Kotak,issuer_unavailable,RuPay,999,2026-08-03T13:49:00
aef766b1,SBI,timeout,UPI_AUTOPAY,499,2026-08-03T13:53:00
09776205,SBI,insufficient_funds,RuPay,4999,2026-08-03T13:55:00
eedeb016,Kotak,insufficient_funds,RuPay,499,2026-08-03T13:57:00
7a79b7f5,Axis,insufficient_funds,Mastercard,499,2026-08-03T14:03:00
bc9cec0c,ICICI,insufficient_funds,Visa,299,2026-08-03T14:06:00
b67bd254,Axis,insufficient_funds,Visa,1499,2026-08-03T14:10:00
c20637bd,ICICI,insufficient_funds,UPI_AUTOPAY,1499,2026-08-03T14:10:00
02b4c84d,SBI,insufficient_funds,RuPay,1499,2026-08-03T14:13:00
2cec3394,SBI,timeout,UPI_AUTOPAY,199,2026-08-03T14:13:00
5c016695,HDFC,insufficient_funds,RuPay,1499,2026-08-03T14:19:00
204e532c,HDFC,insufficient_funds,Mastercard,199,2026-08-03T14:20:00
9d162722,Axis,timeout,Visa,4999,2026-08-03T14:20:00
c140396d,Kotak,timeout,Visa,499,2026-08-03T14:37:00
08613df9,Kotak,issuer_unavailable,UPI_AUTOPAY,1499,2026-08-03T14:40:00
dd8a4eea,ICICI,hard_decline,Visa,999,2026-08-03T14:45:00
db87d1e5,HDFC,insufficient_funds,UPI_AUTOPAY,199,2026-08-03T14:48:00
34a585fe,SBI,timeout,Visa,4999,2026-08-03T14:49:00
eb2a2cf7,SBI,hard_decline,UPI_AUTOPAY,299,2026-08-03T14:50:00
06234aff,ICICI,hard_decline,UPI_AUTOPAY,199,2026-08-03T14:51:00
b266e1db,ICICI,issuer_unavailable,UPI_AUTOPAY,299,2026-08-03T14:52:00
1f0ff4f7,Kotak,timeout,Visa,499,2026-08-03T15:00:00
3bf89dd7,Axis,timeout,UPI_AUTOPAY,199,2026-08-03T15:02:00
b110d1fd,SBI,issuer_unavailable,RuPay,299,2026-08-03T15:05:00
8f70eeb6,ICICI,issuer_unavailable,Mastercard,4999,2026-08-03T15:11:00
72763495,Axis,issuer_unavailable,RuPay,4999,2026-08-03T15:13:00
e301c01e,SBI,issuer_unavailable,RuPay,999,2026-08-03T15:18:00
a8360153,SBI,hard_decline,RuPay,2999,2026-08-03T15:23:00
afe2479e,HDFC,insufficient_funds,Mastercard,1499,2026-08-03T15:26:00
42757710,Axis,issuer_unavailable,Visa,499,2026-08-03T15:27:00
687eed5a,ICICI,timeout,UPI_AUTOPAY,2999,2026-08-03T15:27:00
2d88cb19,Kotak,timeout,UPI_AUTOPAY,199,2026-08-03T15:30:00
64e8375f,Kotak,insufficient_funds,UPI_AUTOPAY,199,2026-08-03T15:30:00
56676826,Axis,timeout,Mastercard,999,2026-08-03T15:33:00
acd56476,ICICI,issuer_unavailable,Mastercard,999,2026-08-03T15:35:00
a5560b64,Axis,issuer_unavailable,UPI_AUTOPAY,4999,2026-08-03T15:38:00
43af60f5,HDFC,issuer_unavailable,Mastercard,999,2026-08-03T15:39:00
61f78c27,HDFC,hard_decline,Mastercard,4999,2026-08-03T15:42:00
6f5d1fa4,SBI,timeout,RuPay,4999,2026-08-03T15:43:00
f2e33b3c,SBI,insufficient_funds,RuPay,1499,2026-08-03T15:45:00
342f6f41,Kotak,issuer_unavailable,UPI_AUTOPAY,299,2026-08-03T15:48:00
50b756d7,SBI,hard_decline,UPI_AUTOPAY,4999,2026-08-03T15:49:00
3bde363b,HDFC,issuer_unavailable,UPI_AUTOPAY,299,2026-08-03T15:52:00
1c0a0b20,ICICI,timeout,Visa,2999,2026-08-03T15:55:00
a3859080,ICICI,insufficient_funds,UPI_AUTOPAY,2999,2026-08-03T15:57:00
db982815,Axis,timeout,RuPay,999,2026-08-03T16:02:00
ed8d172e,Kotak,timeout,UPI_AUTOPAY,299,2026-08-03T16:03:00
b43bbb77,HDFC,timeout,Mastercard,1499,2026-08-03T16:09:00
eab74224,ICICI,insufficient_funds,UPI_AUTOPAY,199,2026-08-03T16:12:00
5eb1ced1,SBI,insufficient_funds,UPI_AUTOPAY,199,2026-08-03T16:18:00
40eec643,HDFC,issuer_unavailable,UPI_AUTOPAY,2999,2026-08-03T16:18:00
2e84d488,Axis,hard_decline,UPI_AUTOPAY,999,2026-08-03T16:23:00
1ac30e4d,ICICI,hard_decline,RuPay,199,2026-08-03T16:23:00
05b2b21d,Kotak,issuer_unavailable,UPI_AUTOPAY,299,2026-08-03T16:23:00
9f34433b,ICICI,timeout,Mastercard,2999,2026-08-03T16:23:00
ac89b9c2,Axis,timeout,UPI_AUTOPAY,499,2026-08-03T16:25:00
bcfbbf10,SBI,hard_decline,RuPay,199,2026-08-03T16:26:00
a2fa038d,Axis,issuer_unavailable,Mastercard,199,2026-08-03T16:27:00
0945b633,ICICI,issuer_unavailable,Visa,1499,2026-08-03T16:33:00
e650b0fe,ICICI,insufficient_funds,UPI_AUTOPAY,999,2026-08-03T16:34:00
2a0e621a,Axis,insufficient_funds,Visa,1499,2026-08-03T16:35:00
6f67ceb3,Kotak,insufficient_funds,Visa,4999,2026-08-03T16:40:00
f0027367,Axis,insufficient_funds,RuPay,499,2026-08-03T16:44:00
726ad994,Axis,issuer_unavailable,RuPay,4999,2026-08-03T16:45:00
c2dfe979,Axis,issuer_unavailable,Visa,4999,2026-08-03T16:48:00
cfc23693,ICICI,timeout,Mastercard,499,2026-08-03T16:49:00
5f82b4e5,SBI,issuer_unavailable,Mastercard,1499,2026-08-03T16:56:00
1110439b,Axis,timeout,Mastercard,4999,2026-08-03T16:57:00
262a81a9,ICICI,issuer_unavailable,Mastercard,999,2026-08-03T17:02:00
e6b3154e,Kotak,timeout,UPI_AUTOPAY,4999,2026-08-03T17:11:00
797e0c9c,Axis,timeout,UPI_AUTOPAY,299,2026-08-03T17:12:00
1c1f2bac,Kotak,insufficient_funds,Visa,199,2026-08-03T17:13:00
89bc2c63,Kotak,insufficient_funds,UPI_AUTOPAY,499,2026-08-03T17:14:00
c6a79328,Kotak,hard_decline,UPI_AUTOPAY,199,2026-08-03T17:18:00
203b4bd6,SBI,hard_decline,UPI_AUTOPAY,1499,2026-08-03T17:18:00
596c6311,SBI,timeout,UPI_AUTOPAY,199,2026-08-03T17:18:00
1dcdfc18,HDFC,timeout,RuPay,199,2026-08-03T17:18:00
0d34e0ef,SBI,timeout,RuPay,999,2026-08-03T17:24:00
cb20fd99,Axis,issuer_unavailable,RuPay,499,2026-08-03T17:24:00
f711f1a9,ICICI,hard_decline,RuPay,999,2026-08-03T17:33:00
2f803f3a,HDFC,issuer_unavailable,RuPay,2999,2026-08-03T17:34:00
ed843acc,HDFC,timeout,Visa,2999,2026-08-03T17:36:00
67ae7e31,ICICI,timeout,Visa,1499,2026-08-03T17:36:00
c4eb68df,Kotak,insufficient_funds,UPI_AUTOPAY,199,2026-08-03T17:47:00
ffd0472c,Axis,hard_decline,RuPay,999,2026-08-03T17:50:00
05c61c5f,Axis,hard_decline,Mastercard,4999,2026-08-03T17:50:00
79d7d79d,ICICI,issuer_unavailable,UPI_AUTOPAY,199,2026-08-03T18:07:00
65846d09,HDFC,insufficient_funds,UPI_AUTOPAY,4999,2026-08-03T18:07:00
545d07e4,ICICI,insufficient_funds,UPI_AUTOPAY,299,2026-08-03T18:15:00
0ede1238,ICICI,timeout,UPI_AUTOPAY,999,2026-08-03T18:17:00
dfda064a,HDFC,insufficient_funds,Mastercard,999,2026-08-03T18:20:00
55c7583b,SBI,timeout,Visa,2999,2026-08-03T18:26:00
8952ed98,Axis,insufficient_funds,Mastercard,199,2026-08-03T18:26:00
02e21dbf,ICICI,issuer_unavailable,UPI_AUTOPAY,299,2026-08-03T18:28:00
6063f622,HDFC,insufficient_funds,UPI_AUTOPAY,499,2026-08-03T18:28:00
d90323dc,Axis,timeout,Mastercard,199,2026-08-03T18:29:00
ef7303eb,Kotak,timeout,Visa,2999,2026-08-03T18:41:00
74a2d967,SBI,issuer_unavailable,RuPay,299,2026-08-03T18:42:00
87ac5469,ICICI,timeout,UPI_AUTOPAY,499,2026-08-03T18:45:00
b1fe9416,HDFC,timeout,UPI_AUTOPAY,999,2026-08-03T18:45:00
07549621,Axis,issuer_unavailable,Visa,499,2026-08-03T18:54:00
7ee864f6,Axis,timeout,UPI_AUTOPAY,2999,2026-08-03T18:57:00
dda3e65f,Kotak,insufficient_funds,UPI_AUTOPAY,4999,2026-08-03T18:58:00
b7854833,Kotak,timeout,UPI_AUTOPAY,1499,2026-08-03T18:59:00
25a793ff,HDFC,timeout,Mastercard,1499,2026-08-03T19:00:00
8838c1ce,Axis,timeout,UPI_AUTOPAY,999,2026-08-03T19:00:00
28467525,Kotak,timeout,Mastercard,4999,2026-08-03T19:04:00
27921544,ICICI,timeout,UPI_AUTOPAY,1499,2026-08-03T19:08:00
3388f74e,HDFC,insufficient_funds,UPI_AUTOPAY,499,2026-08-03T19:10:00
ae8d427b,HDFC,insufficient_funds,UPI_AUTOPAY,1499,2026-08-03T19:11:00
36e88df9,SBI,issuer_unavailable,UPI_AUTOPAY,499,2026-08-03T19:12:00
10066970,Axis,insufficient_funds,UPI_AUTOPAY,999,2026-08-03T19:13:00
5574dcc3,ICICI,timeout,UPI_AUTOPAY,999,2026-08-03T19:14:00
862158ef,ICICI,insufficient_funds,UPI_AUTOPAY,299,2026-08-03T19:14:00
82ac7f01,SBI,insufficient_funds,UPI_AUTOPAY,499,2026-08-03T19:20:00
7a63f143,Axis,timeout,UPI_AUTOPAY,2999,2026-08-03T19:21:00
4d9f94be,SBI,issuer_unavailable,Visa,999,2026-08-03T19:24:00
51ccc9c5,Kotak,timeout,Visa,4999,2026-08-03T19:25:00
5787ba74,HDFC,timeout,Mastercard,199,2026-08-03T19:28:00
9ca824e0,Kotak,hard_decline,RuPay,499,2026-08-03T19:32:00
226a16a9,Axis,timeout,Visa,299,2026-08-03T19:33:00
75219755,Kotak,timeout,UPI_AUTOPAY,299,2026-08-03T19:36:00
413fca65,Kotak,timeout,RuPay,4999,2026-08-03T19:38:00
6c1b665d,ICICI,issuer_unavailable,RuPay,299,2026-08-03T19:38:00
e6af78ea,SBI,issuer_unavailable,UPI_AUTOPAY,1499,2026-08-03T19:48:00
27c20dbb,ICICI,timeout,UPI_AUTOPAY,2999,2026-08-03T19:51:00
242f3727,HDFC,insufficient_funds,UPI_AUTOPAY,299,2026-08-03T19:59:00
0e1661f0,HDFC,issuer_unavailable,Visa,199,2026-08-03T20:01:00
544f1baa,HDFC,issuer_unavailable,UPI_AUTOPAY,499,2026-08-03T20:02:00
59590602,Kotak,timeout,Mastercard,2999,2026-08-03T20:02:00
6f2d8f39,SBI,issuer_unavailable,UPI_AUTOPAY,999,2026-08-03T20:02:00
9ab6b342,HDFC,hard_decline,Visa,1499,2026-08-03T20:02:00
7ee8de02,HDFC,timeout,UPI_AUTOPAY,2999,2026-08-03T20:04:00
0a27ccc5,HDFC,insufficient_funds,Visa,999,2026-08-03T20:07:00
1d0f7f5d,Axis,hard_decline,Visa,2999,2026-08-03T20:08:00
adb696a7,ICICI,insufficient_funds,Visa,499,2026-08-03T20:10:00
c1a558bb,Kotak,timeout,UPI_AUTOPAY,299,2026-08-03T20:17:00
b4effa6f,ICICI,hard_decline,RuPay,499,2026-08-03T20:26:00
715dc912,Axis,insufficient_funds,UPI_AUTOPAY,1499,2026-08-03T20:33:00
63be0c1b,Axis,timeout,UPI_AUTOPAY,499,2026-08-03T20:37:00
acab0e98,Axis,hard_decline,UPI_AUTOPAY,199,2026-08-03T20:43:00
3c766a6e,Axis,insufficient_funds,Visa,499,2026-08-03T20:51:00
05e23647,SBI,hard_decline,Mastercard,2999,2026-08-03T20:54:00
8fa2ca32,Kotak,issuer_unavailable,UPI_AUTOPAY,2999,2026-08-03T20:59:00
ed690f84,Kotak,timeout,RuPay,199,2026-08-03T21:01:00
006f1158,HDFC,issuer_unavailable,Mastercard,1499,2026-08-03T21:03:00
cf7f1529,Axis,issuer_unavailable,UPI_AUTOPAY,499,2026-08-03T21:08:00
72834c63,HDFC,insufficient_funds,RuPay,299,2026-08-03T21:09:00
13197a46,Axis,insufficient_funds,RuPay,1499,2026-08-03T21:10:00
aac42858,HDFC,timeout,Mastercard,2999,2026-08-03T21:11:00
d706bf27,ICICI,hard_decline,UPI_AUTOPAY,1499,2026-08-03T21:12:00
36093872,Kotak,hard_decline,UPI_AUTOPAY,999,2026-08-03T21:14:00
8d6b8ba9,SBI,issuer_unavailable,Visa,999,2026-08-03T21:26:00
148482b4,HDFC,insufficient_funds,RuPay,999,2026-08-03T21:29:00
b2aef2d8,HDFC,timeout,Visa,999,2026-08-03T21:35:00
368e628d,SBI,insufficient_funds,Visa,299,2026-08-03T21:36:00
ae064f75,Axis,hard_decline,Visa,499,2026-08-03T21:37:00
87f8ee17,SBI,timeout,Mastercard,4999,2026-08-03T21:41:00
850a16d7,HDFC,hard_decline,RuPay,1499,2026-08-03T21:43:00
5ac99e01,SBI,timeout,UPI_AUTOPAY,199,2026-08-03T21:49:00
2ce154e6,SBI,hard_decline,Visa,199,2026-08-03T21:50:00
19a39183,ICICI,hard_decline,UPI_AUTOPAY,499,2026-08-03T21:54:00
88ef0381,ICICI,timeout,UPI_AUTOPAY,2999,2026-08-03T21:55:00
c894942b,ICICI,timeout,UPI_AUTOPAY,299,2026-08-03T22:07:00
091adca1,Kotak,timeout,UPI_AUTOPAY,999,2026-08-03T22:07:00
a6b18219,Kotak,issuer_unavailable,Visa,999,2026-08-03T22:08:00
b3acac1c,ICICI,insufficient_funds,UPI_AUTOPAY,4999,2026-08-03T22:12:00
e666fee0,Kotak,issuer_unavailable,Mastercard,499,2026-08-03T22:14:00
3ce1f715,ICICI,timeout,Visa,199,2026-08-03T22:22:00
2469beea,Axis,issuer_unavailable,Mastercard,2999,2026-08-03T22:26:00
05b5a465,ICICI,issuer_unavailable,UPI_AUTOPAY,4999,2026-08-03T22:28:00
01e8d9d6,HDFC,timeout,UPI_AUTOPAY,999,2026-08-03T22:30:00
2ee1c1b6,HDFC,insufficient_funds,UPI_AUTOPAY,2999,2026-08-03T22:31:00
0d87854c,HDFC,insufficient_funds,UPI_AUTOPAY,299,2026-08-03T22:32:00
6529abe9,Kotak,issuer_unavailable,Visa,199,2026-08-03T22:33:00
5d535d69,SBI,timeout,Visa,299,2026-08-03T22:33:00
04685f31,Axis,hard_decline,RuPay,999,2026-08-03T22:36:00
bb890e2f,Axis,insufficient_funds,Visa,299,2026-08-03T22:37:00
e443f0aa,Kotak,timeout,RuPay,2999,2026-08-03T22:41:00
62bb9115,HDFC,timeout,UPI_AUTOPAY,4999,2026-08-03T22:41:00
ff13eed3,SBI,insufficient_funds,RuPay,199,2026-08-03T22:44:00
df55c161,Kotak,timeout,UPI_AUTOPAY,2999,2026-08-03T22:52:00
2b31ba2b,Kotak,insufficient_funds,Mastercard,499,2026-08-03T22:55:00
24e4a652,HDFC,insufficient_funds,UPI_AUTOPAY,4999,2026-08-03T22:57:00
44d5f889,Kotak,hard_decline,UPI_AUTOPAY,199,2026-08-03T23:09:00
06fefe53,ICICI,insufficient_funds,UPI_AUTOPAY,199,2026-08-03T23:10:00
09fab7cb,HDFC,insufficient_funds,RuPay,4999,2026-08-03T23:10:00
01f154d2,HDFC,insufficient_funds,RuPay,499,2026-08-03T23:15:00
7829dc28,HDFC,hard_decline,Mastercard,999,2026-08-03T23:20:00
136529a9,Kotak,insufficient_funds,Visa,999,2026-08-03T23:26:00
bfe967ce,Kotak,insufficient_funds,UPI_AUTOPAY,2999,2026-08-03T23:29:00
42fdc3b1,HDFC,timeout,Mastercard,999,2026-08-03T23:29:00
9373dc98,HDFC,timeout,UPI_AUTOPAY,199,2026-08-03T23:29:00
8e83f59b,SBI,timeout,RuPay,999,2026-08-03T23:31:00
9b3dd14d,Axis,hard_decline,UPI_AUTOPAY,499,2026-08-03T23:31:00
913d63be,Axis,timeout,RuPay,199,2026-08-03T23:35:00
996fc600,Kotak,issuer_unavailable,Mastercard,199,2026-08-03T23:39:00
b9b6438a,SBI,timeout,Visa,299,2026-08-03T23:39:00
495952e9,Kotak,insufficient_funds,UPI_AUTOPAY,4999,2026-08-03T23:44:00
bad3b789,Axis,timeout,Mastercard,1499,2026-08-03T23:45:00
a455fcba,HDFC,issuer_unavailable,RuPay,999,2026-08-03T23:47:00
113b59f9,Kotak,timeout,UPI_AUTOPAY,499,2026-08-03T23:47:00
61992b1f,ICICI,insufficient_funds,UPI_AUTOPAY,2999,2026-08-03T23:52:00
5494fa1d,SBI,hard_decline,UPI_AUTOPAY,2999,2026-08-03T23:53:00
5204df9c,Axis,insufficient_funds,Visa,199,2026-08-03T23:53:00
9f79aed2,HDFC,insufficient_funds,Mastercard,299,2026-08-03T23:54:00
705c408d,HDFC,insufficient_funds,UPI_AUTOPAY,499,2026-08-04T00:05:00
4460a853,ICICI,hard_decline,UPI_AUTOPAY,199,2026-08-04T00:06:00
c473f8b4,SBI,insufficient_funds,UPI_AUTOPAY,299,2026-08-04T00:07:00
8a8a3993,Kotak,hard_decline,RuPay,999,2026-08-04T00:10:00
149ae1c0,SBI,insufficient_funds,Visa,4999,2026-08-04T00:12:00
18e6d43b,SBI,insufficient_funds,RuPay,4999,2026-08-04T00:16:00
1e8e4f3c,Kotak,timeout,RuPay,1499,2026-08-04T00:18:00
8cf9542e,SBI,issuer_unavailable,Visa,199,2026-08-04T00:18:00
2665b5a5,SBI,insufficient_funds,UPI_AUTOPAY,299,2026-08-04T00:20:00
1e3737e1,HDFC,timeout,Mastercard,199,2026-08-04T00:23:00
23258007,ICICI,insufficient_funds,Visa,999,2026-08-04T00:23:00
a84d2586,Kotak,insufficient_funds,Mastercard,499,2026-08-04T00:28:00
c0e84390,Axis,issuer_unavailable,UPI_AUTOPAY,199,2026-08-04T00:35:00
83b2fc7d,ICICI,hard_decline,Mastercard,999,2026-08-04T00:36:00
a91ce5c1,Axis,issuer_unavailable,Mastercard,1499,2026-08-04T00:39:00
bedb172a,HDFC,insufficient_funds,UPI_AUTOPAY,999,2026-08-04T00:43:00
f43726c7,Kotak,hard_decline,Visa,199,2026-08-04T00:45:00
22af53e3,SBI,timeout,UPI_AUTOPAY,499,2026-08-04T00:45:00
7ddf76e9,SBI,insufficient_funds,Mastercard,4999,2026-08-04T00:51:00
4aa16639,HDFC,issuer_unavailable,UPI_AUTOPAY,499,2026-08-04T01:01:00
0d6427dc,HDFC,timeout,UPI_AUTOPAY,2999,2026-08-04T01:04:00
4eda3ea7,HDFC,issuer_unavailable,UPI_AUTOPAY,2999,2026-08-04T01:04:00
d22f9958,ICICI,issuer_unavailable,Visa,999,2026-08-04T01:07:00
47a71b04,SBI,insufficient_funds,UPI_AUTOPAY,4999,2026-08-04T01:09:00
228e7ced,Kotak,hard_decline,UPI_AUTOPAY,2999,2026-08-04T01:09:00
20381898,ICICI,insufficient_funds,UPI_AUTOPAY,2999,2026-08-04T01:11:00
8c83a891,HDFC,hard_decline,Mastercard,2999,2026-08-04T01:20:00
2b31e3a7,Kotak,insufficient_funds,Visa,499,2026-08-04T01:22:00
973e9d31,SBI,issuer_unavailable,Mastercard,4999,2026-08-04T01:22:00
a6a86028,ICICI,insufficient_funds,UPI_AUTOPAY,199,2026-08-04T01:22:00
8faa0d16,HDFC,timeout,RuPay,4999,2026-08-04T01:24:00
9d0a374f,Kotak,timeout,UPI_AUTOPAY,2999,2026-08-04T01:28:00
b5571ca9,SBI,hard_decline,RuPay,999,2026-08-04T01:32:00
5bf48b49,Axis,hard_decline,UPI_AUTOPAY,499,2026-08-04T01:34:00
f17ed9d1,Axis,issuer_unavailable,RuPay,499,2026-08-04T01:37:00
635ce615,SBI,issuer_unavailable,RuPay,299,2026-08-04T01:41:00
a09760d5,SBI,issuer_unavailable,RuPay,199,2026-08-04T01:44:00
a51f4dde,HDFC,issuer_unavailable,UPI_AUTOPAY,999,2026-08-04T01:47:00
a7edc9bd,SBI,issuer_unavailable,RuPay,999,2026-08-04T01:49:00
61660753,SBI,insufficient_funds,UPI_AUTOPAY,199,2026-08-04T01:52:00
51284a5e,ICICI,issuer_unavailable,RuPay,1499,2026-08-04T01:53:00
4b8a48b8,Axis,issuer_unavailable,UPI_AUTOPAY,999,2026-08-04T02:00:00
5b038fc3,ICICI,timeout,UPI_AUTOPAY,2999,2026-08-04T02:00:00
8dc7079a,Axis,insufficient_funds,Visa,199,2026-08-04T02:06:00
08120342,Axis,insufficient_funds,Mastercard,999,2026-08-04T02:07:00
de8405d8,Axis,issuer_unavailable,UPI_AUTOPAY,999,2026-08-04T02:07:00
b817f19d,SBI,issuer_unavailable,UPI_AUTOPAY,2999,2026-08-04T02:09:00
7aa8e89a,SBI,insufficient_funds,Mastercard,299,2026-08-04T02:10:00
e0369fd7,Kotak,timeout,UPI_AUTOPAY,499,2026-08-04T02:13:00
a79d7038,HDFC,issuer_unavailable,Visa,499,2026-08-04T02:16:00
66bf0d2a,HDFC,timeout,Visa,499,2026-08-04T02:16:00
0ede5b57,SBI,issuer_unavailable,UPI_AUTOPAY,499,2026-08-04T02:21:00
fb1c98b3,Kotak,timeout,Visa,499,2026-08-04T02:22:00
d943e19d,Kotak,hard_decline,Visa,499,2026-08-04T02:24:00
6bf243a4,ICICI,issuer_unavailable,UPI_AUTOPAY,999,2026-08-04T02:29:00
e4554204,SBI,hard_decline,RuPay,2999,2026-08-04T02:31:00
5e73be7b,ICICI,insufficient_funds,UPI_AUTOPAY,199,2026-08-04T02:32:00
95bd5a8a,Kotak,timeout,UPI_AUTOPAY,1499,2026-08-04T02:33:00
3029528e,Kotak,timeout,RuPay,4999,2026-08-04T02:41:00
81ca7282,HDFC,timeout,Mastercard,999,2026-08-04T02:41:00
21bf4551,HDFC,timeout,RuPay,2999,2026-08-04T02:41:00
08cf2190,Axis,hard_decline,Visa,999,2026-08-04T02:44:00
d547a147,Axis,insufficient_funds,RuPay,299,2026-08-04T02:48:00
d0f9f850,Axis,timeout,Visa,4999,2026-08-04T02:51:00
677091ad,HDFC,timeout,UPI_AUTOPAY,299,2026-08-04T02:54:00
3cf10d60,Kotak,timeout,RuPay,4999,2026-08-04T02:58:00
e6d1e5df,Axis,hard_decline,UPI_AUTOPAY,499,2026-08-04T03:02:00
3dc2417d,Axis,hard_decline,RuPay,1499,2026-08-04T03:04:00
f56f24b4,Axis,hard_decline,UPI_AUTOPAY,999,2026-08-04T03:13:00
c4563e92,Axis,timeout,UPI_AUTOPAY,4999,2026-08-04T03:16:00
0c51ee87,Axis,insufficient_funds,UPI_AUTOPAY,499,2026-08-04T03:20:00
e5efa356,SBI,issuer_unavailable,UPI_AUTOPAY,2999,2026-08-04T03:20:00
5191aba8,SBI,issuer_unavailable,UPI_AUTOPAY,199,2026-08-04T03:21:00
3d9395cb,Axis,insufficient_funds,RuPay,199,2026-08-04T03:22:00
137cff4d,HDFC,hard_decline,Visa,1499,2026-08-04T03:23:00
d81bb047,SBI,insufficient_funds,RuPay,1499,2026-08-04T03:27:00
897819ee,Axis,timeout,RuPay,199,2026-08-04T03:28:00
809ea463,Axis,issuer_unavailable,Visa,199,2026-08-04T03:29:00
96f3e65c,HDFC,timeout,UPI_AUTOPAY,299,2026-08-04T03:36:00
e83900ca,ICICI,timeout,UPI_AUTOPAY,1499,2026-08-04T03:38:00
091037c9,Kotak,timeout,Visa,199,2026-08-04T03:43:00
009b67da,Kotak,timeout,UPI_AUTOPAY,2999,2026-08-04T03:43:00
8cdeaaaf,Axis,timeout,Visa,299,2026-08-04T03:43:00
1f593aaa,SBI,timeout,UPI_AUTOPAY,299,2026-08-04T03:45:00
e11b003e,Axis,timeout,Visa,999,2026-08-04T03:54:00
5afa4cb8,ICICI,insufficient_funds,Visa,199,2026-08-04T03:59:00
4922921f,Kotak,hard_decline,Visa,299,2026-08-04T03:59:00
b8f55085,Kotak,timeout,Visa,299,2026-08-04T04:02:00
1553033c,SBI,issuer_unavailable,UPI_AUTOPAY,499,2026-08-04T04:06:00
e8cced57,SBI,insufficient_funds,UPI_AUTOPAY,299,2026-08-04T04:09:00
bd4ff378,Kotak,issuer_unavailable,Mastercard,2999,2026-08-04T04:11:00
4e3af7af,Axis,insufficient_funds,UPI_AUTOPAY,999,2026-08-04T04:12:00
29c50332,HDFC,hard_decline,Visa,199,2026-08-04T04:12:00
f4ab7ab1,ICICI,issuer_unavailable,Mastercard,2999,2026-08-04T04:13:00
b8a2418b,ICICI,timeout,Mastercard,999,2026-08-04T04:14:00
7d6d1d29,SBI,timeout,RuPay,2999,2026-08-04T04:21:00
db49312e,ICICI,insufficient_funds,UPI_AUTOPAY,299,2026-08-04T04:24:00
394b2742,HDFC,insufficient_funds,UPI_AUTOPAY,2999,2026-08-04T04:25:00
804dba7e,Kotak,timeout,RuPay,4999,2026-08-04T04:26:00
f0f92a51,SBI,timeout,UPI_AUTOPAY,2999,2026-08-04T04:33:00
75f0606a,HDFC,hard_decline,Visa,499,2026-08-04T04:34:00
17f3d99b,HDFC,insufficient_funds,Mastercard,999,2026-08-04T04:38:00
078160b2,ICICI,insufficient_funds,UPI_AUTOPAY,1499,2026-08-04T04:41:00
504bbc57,ICICI,issuer_unavailable,UPI_AUTOPAY,299,2026-08-04T04:42:00
b8534d85,ICICI,timeout,Mastercard,299,2026-08-04T04:42:00
1f4cb2a7,HDFC,hard_decline,UPI_AUTOPAY,1499,2026-08-04T04:51:00
5c3233e3,SBI,hard_decline,UPI_AUTOPAY,999,2026-08-04T04:51:00
525f475f,ICICI,hard_decline,UPI_AUTOPAY,199,2026-08-04T04:54:00
4138e3e3,Kotak,timeout,UPI_AUTOPAY,999,2026-08-04T04:55:00
0a40ebb0,Kotak,hard_decline,UPI_AUTOPAY,999,2026-08-04T05:01:00
ba0d986a,Axis,insufficient_funds,UPI_AUTOPAY,999,2026-08-04T05:02:00
98bf1d52,Axis,issuer_unavailable,UPI_AUTOPAY,4999,2026-08-04T05:06:00
6c7747da,Kotak,insufficient_funds,UPI_AUTOPAY,2999,2026-08-04T05:07:00
a38078e7,HDFC,hard_decline,Mastercard,499,2026-08-04T05:09:00
a0442d43,Kotak,timeout,Visa,199,2026-08-04T05:09:00
195b48e7,ICICI,issuer_unavailable,Visa,1499,2026-08-04T05:10:00
6d2c0e38,SBI,insufficient_funds,Visa,999,2026-08-04T05:11:00
f9e068f4,Axis,insufficient_funds,Visa,199,2026-08-04T05:16:00
28a68b1e,Kotak,hard_decline,UPI_AUTOPAY,299,2026-08-04T05:16:00
c4a8cd02,Axis,insufficient_funds,UPI_AUTOPAY,1499,2026-08-04T05:28:00
0b2dc546,ICICI,hard_decline,Mastercard,2999,2026-08-04T05:28:00
9de58565,HDFC,insufficient_funds,RuPay,199,2026-08-04T05:30:00
430b2111,SBI,timeout,Mastercard,299,2026-08-04T05:34:00
1b4ffa17,ICICI,timeout,UPI_AUTOPAY,999,2026-08-04T05:38:00
8532d6f6,Axis,hard_decline,UPI_AUTOPAY,499,2026-08-04T05:39:00
75b8467c,Kotak,timeout,Visa,2999,2026-08-04T05:48:00
044f1bf8,SBI,hard_decline,RuPay,299,2026-08-04T05:50:00
e6f7f88a,HDFC,issuer_unavailable,UPI_AUTOPAY,299,2026-08-04T05:51:00
48da041a,SBI,timeout,UPI_AUTOPAY,1499,2026-08-04T05:57:00
f3711470,HDFC,hard_decline,Mastercard,1499,2026-08-04T06:05:00
c84f7098,Kotak,issuer_unavailable,Visa,2999,2026-08-04T06:06:00
452b69c5,HDFC,issuer_unavailable,Visa,299,2026-08-04T06:06:00
94130ae5,ICICI,timeout,UPI_AUTOPAY,2999,2026-08-04T06:07:00
2ab5820d,Axis,timeout,RuPay,4999,2026-08-04T06:07:00
35ddc8e4,Kotak,hard_decline,UPI_AUTOPAY,299,2026-08-04T06:15:00
005482ba,ICICI,insufficient_funds,Mastercard,499,2026-08-04T06:20:00
fd03a87a,ICICI,insufficient_funds,UPI_AUTOPAY,1499,2026-08-04T06:29:00
c8a0f6b5,Kotak,insufficient_funds,Visa,999,2026-08-04T06:30:00
7a711af3,SBI,timeout,UPI_AUTOPAY,1499,2026-08-04T06:34:00
6c9dfe60,HDFC,insufficient_funds,RuPay,4999,2026-08-04T06:39:00
c2f127e0,ICICI,hard_decline,Visa,4999,2026-08-04T06:39:00
ab654c2e,Kotak,timeout,Visa,999,2026-08-04T06:45:00
d8f4b321,Kotak,insufficient_funds,Visa,4999,2026-08-04T06:47:00
354d8eba,ICICI,insufficient_funds,UPI_AUTOPAY,199,2026-08-04T06:47:00
9db80f77,ICICI,insufficient_funds,UPI_AUTOPAY,299,2026-08-04T06:52:00
64b44069,Axis,insufficient_funds,Visa,2999,2026-08-04T07:00:00
a05efd34,HDFC,insufficient_funds,UPI_AUTOPAY,4999,2026-08-04T07:02:00
5599cd02,Kotak,timeout,RuPay,299,2026-08-04T07:03:00
ba0caafd,Axis,issuer_unavailable,UPI_AUTOPAY,499,2026-08-04T07:18:00
0821435f,SBI,timeout,Visa,299,2026-08-04T07:18:00
697c262a,Kotak,insufficient_funds,UPI_AUTOPAY,199,2026-08-04T07:19:00
8bdbf550,HDFC,insufficient_funds,UPI_AUTOPAY,2999,2026-08-04T07:20:00
5febd82d,Axis,insufficient_funds,UPI_AUTOPAY,499,2026-08-04T07:22:00
8e7c5da8,Kotak,issuer_unavailable,UPI_AUTOPAY,499,2026-08-04T07:22:00
c438d6de,SBI,timeout,Mastercard,499,2026-08-04T07:24:00
fba93f89,HDFC,issuer_unavailable,Mastercard,999,2026-08-04T07:24:00
c62007a8,ICICI,issuer_unavailable,UPI_AUTOPAY,999,2026-08-04T07:30:00
ffff6ea8,HDFC,timeout,Visa,299,2026-08-04T07:33:00
74458c1b,HDFC,hard_decline,RuPay,499,2026-08-04T07:34:00
99202cb9,HDFC,hard_decline,Mastercard,1499,2026-08-04T07:36:00
e8a8ed70,Kotak,hard_decline,Mastercard,999,2026-08-04T07:42:00
5242d329,Axis,issuer_unavailable,UPI_AUTOPAY,4999,2026-08-04T07:43:00
9426bdc6,SBI,timeout,Mastercard,1499,2026-08-04T07:47:00
6054fb40,SBI,timeout,RuPay,1499,2026-08-04T07:49:00
a635eed2,Kotak,insufficient_funds,Visa,1499,2026-08-04T07:52:00
13934652,SBI,issuer_unavailable,UPI_AUTOPAY,499,2026-08-04T07:52:00
537ad2fd,ICICI,insufficient_funds,Visa,199,2026-08-04T07:56:00
7bf064a8,Axis,timeout,Mastercard,999,2026-08-04T07:58:00
262b63cd,Axis,issuer_unavailable,Visa,199,2026-08-04T08:01:00
4617454c,SBI,hard_decline,Visa,199,2026-08-04T08:01:00
7df3107b,HDFC,hard_decline,RuPay,299,2026-08-04T08:03:00
feaeb386,Axis,issuer_unavailable,Mastercard,199,2026-08-04T08:05:00
5fbfef3e,ICICI,insufficient_funds,UPI_AUTOPAY,4999,2026-08-04T08:10:00
2823b324,ICICI,issuer_unavailable,UPI_AUTOPAY,2999,2026-08-04T08:14:00
e7897ddb,HDFC,timeout,Visa,299,2026-08-04T08:14:00
850f5e9a,HDFC,timeout,RuPay,4999,2026-08-04T08:15:00
1fcc3e59,SBI,insufficient_funds,UPI_AUTOPAY,199,2026-08-04T08:15:00
fb1c5d56,HDFC,insufficient_funds,UPI_AUTOPAY,2999,2026-08-04T08:23:00
cd743222,Axis,timeout,RuPay,1499,2026-08-04T08:23:00
d89f52b9,Axis,timeout,Visa,4999,2026-08-04T08:27:00
41f7a1e6,SBI,insufficient_funds,UPI_AUTOPAY,499,2026-08-04T08:27:00
74c9304f,Axis,issuer_unavailable,UPI_AUTOPAY,1499,2026-08-04T08:33:00
096184ea,Kotak,hard_decline,Mastercard,499,2026-08-04T08:34:00
dd6a45d7,Kotak,hard_decline,UPI_AUTOPAY,4999,2026-08-04T08:39:00
6678966c,Kotak,insufficient_funds,UPI_AUTOPAY,199,2026-08-04T08:46:00
4836345e,HDFC,hard_decline,UPI_AUTOPAY,999,2026-08-04T08:52:00
272ab68d,SBI,timeout,UPI_AUTOPAY,4999,2026-08-04T08:59:00
b1bd3aa9,Axis,insufficient_funds,Mastercard,299,2026-08-04T09:01:00
20c9d6f8,Axis,insufficient_funds,RuPay,1499,2026-08-04T09:02:00
23610387,SBI,timeout,UPI_AUTOPAY,999,2026-08-04T09:07:00
1a08708f,SBI,issuer_unavailable,UPI_AUTOPAY,999,2026-08-04T09:10:00
7692c763,Kotak,insufficient_funds,UPI_AUTOPAY,199,2026-08-04T09:15:00
1cc2e63f,Axis,insufficient_funds,UPI_AUTOPAY,2999,2026-08-04T09:15:00
e81037b8,ICICI,hard_decline,UPI_AUTOPAY,4999,2026-08-04T09:28:00
048435d5,HDFC,issuer_unavailable,UPI_AUTOPAY,299,2026-08-04T09:28:00
dc3e217c,Axis,insufficient_funds,Visa,1499,2026-08-04T09:31:00
ab1944ef,Axis,issuer_unavailable,Mastercard,999,2026-08-04T09:34:00
eb669a06,Axis,issuer_unavailable,Mastercard,2999,2026-08-04T09:35:00
ec968b18,SBI,timeout,RuPay,499,2026-08-04T09:37:00
98c8ad7a,SBI,issuer_unavailable,RuPay,999,2026-08-04T09:39:00
9e294781,Kotak,timeout,RuPay,2999,2026-08-04T09:41:00
74b33eda,ICICI,issuer_unavailable,UPI_AUTOPAY,999,2026-08-04T09:45:00
7201f9f6,SBI,insufficient_funds,Mastercard,199,2026-08-04T09:50:00
6415b4d0,Axis,timeout,UPI_AUTOPAY,499,2026-08-04T09:50:00
d03da0a2,Axis,timeout,RuPay,999,2026-08-04T09:54:00
3da0378f,HDFC,hard_decline,Mastercard,299,2026-08-04T09:55:00
70e6f785,Kotak,timeout,Mastercard,199,2026-08-04T09:55:00
ddf1efeb,HDFC,insufficient_funds,Mastercard,4999,2026-08-04T09:56:00
cb3877bc,ICICI,insufficient_funds,Visa,1499,2026-08-04T09:57:00
a9706ea5,Axis,hard_decline,UPI_AUTOPAY,2999,2026-08-04T10:01:00
38bbc0ad,Kotak,insufficient_funds,UPI_AUTOPAY,2999,2026-08-04T10:04:00
f9a3b2b1,ICICI,timeout,Mastercard,299,2026-08-04T10:06:00
0cd15c0b,ICICI,insufficient_funds,Visa,999,2026-08-04T10:08:00
4e22c26e,HDFC,issuer_unavailable,UPI_AUTOPAY,999,2026-08-04T10:09:00
207ca19b,Kotak,insufficient_funds,UPI_AUTOPAY,499,2026-08-04T10:10:00
170b6b42,Kotak,insufficient_funds,UPI_AUTOPAY,1499,2026-08-04T10:13:00
b5d6ba42,HDFC,insufficient_funds,Visa,999,2026-08-04T10:13:00
33f7bee5,HDFC,timeout,Visa,999,2026-08-04T10:15:00
a911900d,Axis,issuer_unavailable,RuPay,999,2026-08-04T10:21:00
479dc9c0,ICICI,hard_decline,UPI_AUTOPAY,999,2026-08-04T10:26:00
e8904e3c,Axis,hard_decline,UPI_AUTOPAY,2999,2026-08-04T10:29:00
81ea1733,Axis,insufficient_funds,UPI_AUTOPAY,4999,2026-08-04T10:31:00
b03cf581,ICICI,timeout,UPI_AUTOPAY,199,2026-08-04T10:34:00
64fd6574,HDFC,insufficient_funds,Mastercard,999,2026-08-04T10:42:00
63352e74,HDFC,hard_decline,RuPay,1499,2026-08-04T10:46:00
867c2fa6,Kotak,issuer_unavailable,UPI_AUTOPAY,999,2026-08-04T10:49:00
8e7bd0de,SBI,timeout,Visa,1499,2026-08-04T10:51:00
3de6d4ea,HDFC,insufficient_funds,Visa,199,2026-08-04T11:14:00
6305ed94,Axis,issuer_unavailable,Mastercard,1499,2026-08-04T11:20:00
d1855ca9,Axis,timeout,RuPay,499,2026-08-04T11:23:00
eefcea91,SBI,timeout,Visa,2999,2026-08-04T11:25:00
0a4a470b,SBI,insufficient_funds,RuPay,999,2026-08-04T11:29:00
bd38f656,HDFC,timeout,UPI_AUTOPAY,499,2026-08-04T11:30:00
c685ae23,Axis,insufficient_funds,UPI_AUTOPAY,499,2026-08-04T11:31:00
89ada6ce,SBI,timeout,RuPay,499,2026-08-04T11:32:00
b3b2e8cd,Axis,timeout,UPI_AUTOPAY,2999,2026-08-04T11:32:00
3072d5f0,SBI,timeout,Mastercard,499,2026-08-04T11:39:00
ffae084b,Kotak,issuer_unavailable,UPI_AUTOPAY,199,2026-08-04T11:39:00
01af5fcf,SBI,issuer_unavailable,UPI_AUTOPAY,199,2026-08-04T11:40:00
ebea5ec4,HDFC,hard_decline,RuPay,299,2026-08-04T11:45:00
b3a8c7a3,SBI,insufficient_funds,Visa,4999,2026-08-04T11:46:00
1ac208c6,Kotak,insufficient_funds,Visa,199,2026-08-04T11:47:00
e3badc0b,HDFC,insufficient_funds,Mastercard,1499,2026-08-04T11:47:00
5ab6a281,Kotak,insufficient_funds,UPI_AUTOPAY,199,2026-08-04T11:50:00
b4d83af7,ICICI,insufficient_funds,UPI_AUTOPAY,4999,2026-08-04T11:51:00
e68e28be,SBI,timeout,RuPay,199,2026-08-04T11:55:00
c2fe5945,ICICI,hard_decline,UPI_AUTOPAY,2999,2026-08-04T11:57:00
d62c7e8a,Kotak,timeout,RuPay,499,2026-08-04T11:58:00
48f651a0,ICICI,timeout,Visa,4999,2026-08-04T12:03:00
705d7c0f,ICICI,issuer_unavailable,UPI_AUTOPAY,4999,2026-08-04T12:04:00
582f4a7e,HDFC,timeout,Mastercard,2999,2026-08-04T12:11:00
a94c48cd,ICICI,issuer_unavailable,UPI_AUTOPAY,499,2026-08-04T12:12:00
d6d8518a,Axis,timeout,UPI_AUTOPAY,2999,2026-08-04T12:20:00
b49e7d8d,HDFC,issuer_unavailable,RuPay,1499,2026-08-04T12:23:00
0f77fe97,ICICI,hard_decline,RuPay,299,2026-08-04T12:27:00
de00c33d,HDFC,issuer_unavailable,UPI_AUTOPAY,4999,2026-08-04T12:29:00
56f7ce0c,SBI,insufficient_funds,Mastercard,499,2026-08-04T12:31:00
ba0220b2,SBI,timeout,RuPay,299,2026-08-04T12:35:00
277ac550,Axis,issuer_unavailable,Mastercard,4999,2026-08-04T12:35:00
33886918,SBI,timeout,Mastercard,499,2026-08-04T12:35:00
f4c84ce7,Axis,issuer_unavailable,UPI_AUTOPAY,999,2026-08-04T12:38:00
3ad54304,Kotak,hard_decline,Visa,1499,2026-08-04T12:39:00
09c6de16,Kotak,timeout,Mastercard,2999,2026-08-04T12:39:00
4c3da3a1,HDFC,timeout,UPI_AUTOPAY,999,2026-08-04T12:42:00
e39f3296,Kotak,timeout,Visa,999,2026-08-04T12:46:00
1484c7d5,SBI,timeout,UPI_AUTOPAY,299,2026-08-04T12:49:00
022f1da9,SBI,hard_decline,UPI_AUTOPAY,299,2026-08-04T12:50:00
def24087,Axis,issuer_unavailable,Mastercard,199,2026-08-04T12:52:00
45190d1c,HDFC,timeout,UPI_AUTOPAY,199,2026-08-04T13:03:00
1085491a,HDFC,timeout,RuPay,4999,2026-08-04T13:04:00
563e9ce5,ICICI,issuer_unavailable,Visa,199,2026-08-04T13:08:00
ad165bc3,Kotak,insufficient_funds,Mastercard,499,2026-08-04T13:11:00
9102cdac,HDFC,timeout,UPI_AUTOPAY,299,2026-08-04T13:12:00
57599679,Kotak,timeout,Mastercard,4999,2026-08-04T13:12:00
58a47982,SBI,hard_decline,Visa,2999,2026-08-04T13:13:00
dba92d6e,Axis,insufficient_funds,RuPay,2999,2026-08-04T13:16:00
7773b6db,Kotak,insufficient_funds,UPI_AUTOPAY,999,2026-08-04T13:22:00
43031152,Kotak,issuer_unavailable,Visa,499,2026-08-04T13:24:00
48419c88,HDFC,hard_decline,UPI_AUTOPAY,299,2026-08-04T13:25:00
0146cd2c,Kotak,insufficient_funds,UPI_AUTOPAY,499,2026-08-04T13:25:00
d8fc964f,Axis,hard_decline,UPI_AUTOPAY,199,2026-08-04T13:27:00
3407a860,Kotak,timeout,Visa,4999,2026-08-04T13:28:00
5a2b8f50,HDFC,timeout,Visa,499,2026-08-04T13:34:00
7e0f2083,HDFC,insufficient_funds,UPI_AUTOPAY,999,2026-08-04T13:35:00
38f62ea3,Axis,timeout,UPI_AUTOPAY,4999,2026-08-04T13:40:00
3ac6e221,HDFC,insufficient_funds,Visa,4999,2026-08-04T13:45:00
6d75549f,ICICI,hard_decline,UPI_AUTOPAY,199,2026-08-04T13:47:00
05e61caf,SBI,insufficient_funds,UPI_AUTOPAY,999,2026-08-04T13:48:00
4806990a,HDFC,timeout,RuPay,1499,2026-08-04T13:50:00
8fb5d25d,SBI,hard_decline,Visa,2999,2026-08-04T13:55:00
b7ddd001,ICICI,issuer_unavailable,UPI_AUTOPAY,2999,2026-08-04T13:55:00
712ccec5,SBI,hard_decline,Visa,199,2026-08-04T13:59:00
293b73b2,HDFC,hard_decline,Visa,1499,2026-08-04T14:08:00
2f776f68,HDFC,issuer_unavailable,Visa,2999,2026-08-04T14:08:00
c8b5a5db,Axis,insufficient_funds,UPI_AUTOPAY,999,2026-08-04T14:11:00
e415821f,SBI,timeout,UPI_AUTOPAY,2999,2026-08-04T14:12:00
5a7b5435,Kotak,timeout,UPI_AUTOPAY,199,2026-08-04T14:14:00
1cbcb8f8,Kotak,timeout,UPI_AUTOPAY,1499,2026-08-04T14:18:00
87a437ce,Kotak,timeout,UPI_AUTOPAY,2999,2026-08-04T14:19:00
8742baac,ICICI,timeout,RuPay,199,2026-08-04T14:20:00
78280ac3,ICICI,timeout,UPI_AUTOPAY,2999,2026-08-04T14:21:00
88513b45,Kotak,hard_decline,RuPay,499,2026-08-04T14:21:00
8b7f0bf6,ICICI,hard_decline,UPI_AUTOPAY,299,2026-08-04T14:22:00
ee4478b2,Axis,timeout,RuPay,199,2026-08-04T14:24:00
929d8118,ICICI,timeout,Mastercard,999,2026-08-04T14:25:00
ee9b75f4,ICICI,hard_decline,UPI_AUTOPAY,999,2026-08-04T14:25:00
a10cd6ec,HDFC,timeout,UPI_AUTOPAY,999,2026-08-04T14:27:00
8b031063,HDFC,insufficient_funds,Mastercard,199,2026-08-04T14:35:00
4ffd7b33,Kotak,timeout,UPI_AUTOPAY,1499,2026-08-04T14:39:00
6410162b,Axis,timeout,Mastercard,499,2026-08-04T14:44:00
cac5583b,HDFC,timeout,UPI_AUTOPAY,199,2026-08-04T14:46:00
ea1e0cf3,Kotak,hard_decline,UPI_AUTOPAY,999,2026-08-04T14:46:00
79474c0c,SBI,hard_decline,Visa,499,2026-08-04T14:48:00
61fe3eb0,SBI,timeout,RuPay,4999,2026-08-04T14:52:00
b9291c24,HDFC,timeout,Visa,499,2026-08-04T14:53:00
520473e8,Kotak,timeout,UPI_AUTOPAY,499,2026-08-04T14:54:00
d1558903,Kotak,insufficient_funds,Mastercard,199,2026-08-04T14:54:00
3db8c948,Axis,timeout,Visa,1499,2026-08-04T14:56:00
daf66303,Kotak,timeout,UPI_AUTOPAY,999,2026-08-04T14:56:00
701d31b5,SBI,insufficient_funds,UPI_AUTOPAY,2999,2026-08-04T14:57:00
99e7068b,ICICI,timeout,RuPay,2999,2026-08-04T15:01:00
d49973a1,Kotak,issuer_unavailable,RuPay,1499,2026-08-04T15:09:00
b0bdd4db,HDFC,timeout,UPI_AUTOPAY,499,2026-08-04T15:11:00
115d98b9,ICICI,insufficient_funds,RuPay,999,2026-08-04T15:13:00
95a02ffc,Kotak,issuer_unavailable,UPI_AUTOPAY,4999,2026-08-04T15:13:00
ceb36499,Axis,timeout,UPI_AUTOPAY,299,2026-08-04T15:14:00
89ae1f7f,ICICI,timeout,Mastercard,499,2026-08-04T15:19:00
4ef14b3b,HDFC,insufficient_funds,UPI_AUTOPAY,1499,2026-08-04T15:26:00
9d44f5c2,ICICI,issuer_unavailable,Mastercard,4999,2026-08-04T15:29:00
551c9c36,HDFC,timeout,Mastercard,499,2026-08-04T15:35:00
b385e6d2,Axis,insufficient_funds,Mastercard,999,2026-08-04T15:40:00
6ce0329b,Kotak,timeout,Mastercard,299,2026-08-04T15:45:00
b5679105,Axis,issuer_unavailable,UPI_AUTOPAY,299,2026-08-04T15:49:00
a0169683,HDFC,hard_decline,UPI_AUTOPAY,4999,2026-08-04T15:49:00
21b63346,SBI,insufficient_funds,Mastercard,299,2026-08-04T15:51:00
4b70106e,SBI,hard_decline,UPI_AUTOPAY,4999,2026-08-04T15:54:00
a6a0ce16,Axis,issuer_unavailable,RuPay,499,2026-08-04T15:55:00
bfc5d1c1,Kotak,insufficient_funds,UPI_AUTOPAY,199,2026-08-04T16:02:00
125774a2,HDFC,timeout,Mastercard,2999,2026-08-04T16:13:00
bceab955,ICICI,timeout,Visa,2999,2026-08-04T16:16:00
89d54d2f,HDFC,issuer_unavailable,Visa,199,2026-08-04T16:19:00
f6cabddf,SBI,timeout,Visa,199,2026-08-04T16:23:00
4e93627a,Axis,hard_decline,Visa,299,2026-08-04T16:23:00
149e8487,HDFC,timeout,UPI_AUTOPAY,1499,2026-08-04T16:24:00
f0dcd420,ICICI,insufficient_funds,RuPay,999,2026-08-04T16:28:00
1fa1e802,ICICI,insufficient_funds,RuPay,499,2026-08-04T16:30:00
9ccf91d7,SBI,timeout,Visa,999,2026-08-04T16:31:00
68c88b04,SBI,insufficient_funds,Visa,499,2026-08-04T16:32:00
f0b236bc,Kotak,issuer_unavailable,Visa,1499,2026-08-04T16:38:00
5e236e08,Axis,insufficient_funds,Visa,2999,2026-08-04T16:41:00
d87c1d37,HDFC,issuer_unavailable,UPI_AUTOPAY,499,2026-08-04T16:41:00
adbe553b,Axis,issuer_unavailable,RuPay,999,2026-08-04T16:44:00
1010494d,HDFC,issuer_unavailable,RuPay,4999,2026-08-04T16:45:00
686947d0,HDFC,issuer_unavailable,Visa,999,2026-08-04T16:51:00
8770f250,Axis,hard_decline,RuPay,999,2026-08-04T16:52:00
8c1c9ffd,Axis,issuer_unavailable,Mastercard,4999,2026-08-04T16:59:00
3dba2c6a,SBI,hard_decline,Visa,499,2026-08-04T17:00:00
2823e1e3,ICICI,timeout,Visa,299,2026-08-04T17:01:00
0312488a,Kotak,insufficient_funds,UPI_AUTOPAY,1499,2026-08-04T17:04:00
d4808008,HDFC,hard_decline,UPI_AUTOPAY,999,2026-08-04T17:06:00
ce85e114,Axis,issuer_unavailable,RuPay,4999,2026-08-04T17:08:00
eb1135d5,HDFC,issuer_unavailable,Mastercard,1499,2026-08-04T17:12:00
75a6da93,Kotak,timeout,UPI_AUTOPAY,1499,2026-08-04T17:12:00
e4fca2c3,ICICI,insufficient_funds,RuPay,299,2026-08-04T17:30:00
2253469b,HDFC,timeout,Visa,1499,2026-08-04T17:33:00
3705a1df,Axis,hard_decline,UPI_AUTOPAY,2999,2026-08-04T17:33:00
8a6b7ce3,Kotak,timeout,Visa,4999,2026-08-04T17:36:00
2276f80c,ICICI,issuer_unavailable,Visa,4999,2026-08-04T17:39:00
5e128525,SBI,timeout,UPI_AUTOPAY,199,2026-08-04T17:39:00
587601a2,Kotak,timeout,Visa,299,2026-08-04T17:43:00
a7080a97,SBI,hard_decline,RuPay,1499,2026-08-04T17:45:00
b95b9d47,HDFC,timeout,UPI_AUTOPAY,999,2026-08-04T17:50:00
ece21caf,Kotak,timeout,UPI_AUTOPAY,999,2026-08-04T17:55:00
daef40e4,Axis,timeout,UPI_AUTOPAY,1499,2026-08-04T18:00:00
353e18a7,Axis,timeout,Visa,2999,2026-08-04T18:00:00
447af65b,Kotak,insufficient_funds,UPI_AUTOPAY,199,2026-08-04T18:02:00
08c02463,Kotak,insufficient_funds,Visa,4999,2026-08-04T18:09:00
7d5032f1,ICICI,issuer_unavailable,UPI_AUTOPAY,999,2026-08-04T18:13:00
e664d8e4,ICICI,timeout,Visa,4999,2026-08-04T18:15:00
ae7e0f12,ICICI,issuer_unavailable,UPI_AUTOPAY,999,2026-08-04T18:17:00
8a47c27c,SBI,hard_decline,UPI_AUTOPAY,4999,2026-08-04T18:19:00
2a51ef0b,Axis,hard_decline,Mastercard,1499,2026-08-04T18:20:00
feb21c81,ICICI,issuer_unavailable,Visa,2999,2026-08-04T18:21:00
04db1ed9,SBI,insufficient_funds,RuPay,2999,2026-08-04T18:22:00
9cb32c7c,SBI,timeout,UPI_AUTOPAY,4999,2026-08-04T18:29:00
0bb26df1,ICICI,hard_decline,Mastercard,4999,2026-08-04T18:30:00
11f345cf,Axis,insufficient_funds,UPI_AUTOPAY,999,2026-08-04T18:31:00
afc2febf,Axis,insufficient_funds,Visa,199,2026-08-04T18:31:00
926e16a7,Axis,timeout,UPI_AUTOPAY,4999,2026-08-04T18:36:00
6e465cbe,SBI,issuer_unavailable,RuPay,4999,2026-08-04T18:37:00
1058bc39,Axis,timeout,Mastercard,299,2026-08-04T18:37:00
38fb61a5,SBI,timeout,UPI_AUTOPAY,499,2026-08-04T18:43:00
db3f6702,HDFC,hard_decline,UPI_AUTOPAY,4999,2026-08-04T18:44:00
75110bd2,HDFC,timeout,Visa,999,2026-08-04T18:45:00
bda83134,HDFC,insufficient_funds,RuPay,1499,2026-08-04T18:53:00
d2986354,Kotak,timeout,UPI_AUTOPAY,2999,2026-08-04T18:53:00
3db73f91,Axis,insufficient_funds,UPI_AUTOPAY,1499,2026-08-04T18:55:00
283dcb95,HDFC,timeout,UPI_AUTOPAY,299,2026-08-04T18:58:00
7e3956bd,HDFC,insufficient_funds,UPI_AUTOPAY,299,2026-08-04T18:59:00
7603719d,SBI,timeout,Visa,999,2026-08-04T19:11:00
9906efd5,ICICI,issuer_unavailable,Mastercard,199,2026-08-04T19:12:00
0a3fdf13,SBI,timeout,RuPay,2999,2026-08-04T19:12:00
03520ef5,SBI,hard_decline,Visa,1499,2026-08-04T19:19:00
3779f67e,ICICI,timeout,RuPay,299,2026-08-04T19:22:00
0ff03be3,ICICI,timeout,UPI_AUTOPAY,299,2026-08-04T19:22:00
a9c46125,HDFC,timeout,UPI_AUTOPAY,4999,2026-08-04T19:40:00
b3220916,HDFC,timeout,UPI_AUTOPAY,999,2026-08-04T19:42:00
c68f235f,Axis,insufficient_funds,Mastercard,199,2026-08-04T19:44:00
62505aa9,SBI,insufficient_funds,Mastercard,299,2026-08-04T19:46:00
defa2c30,HDFC,issuer_unavailable,RuPay,199,2026-08-04T19:46:00
3a6f6c93,HDFC,hard_decline,Visa,499,2026-08-04T19:47:00
4b430a54,HDFC,issuer_unavailable,Visa,199,2026-08-04T19:48:00
7241ae35,HDFC,timeout,RuPay,299,2026-08-04T19:49:00
c8792929,ICICI,insufficient_funds,RuPay,499,2026-08-04T19:49:00
163fc75f,ICICI,hard_decline,Visa,4999,2026-08-04T19:53:00
17208dc7,SBI,insufficient_funds,Mastercard,999,2026-08-04T20:01:00
6c4af22c,Kotak,timeout,Mastercard,2999,2026-08-04T20:02:00
92c2650c,Axis,hard_decline,Visa,2999,2026-08-04T20:04:00
4a38f8be,Axis,timeout,UPI_AUTOPAY,299,2026-08-04T20:05:00
85b094bc,SBI,timeout,RuPay,2999,2026-08-04T20:08:00
5f04de49,HDFC,issuer_unavailable,Visa,4999,2026-08-04T20:13:00
6c1bf2de,HDFC,insufficient_funds,Visa,2999,2026-08-04T20:18:00
afad6ba4,Axis,insufficient_funds,Mastercard,999,2026-08-04T20:23:00
bef4111a,ICICI,issuer_unavailable,RuPay,299,2026-08-04T20:28:00
6752d1d7,Kotak,timeout,UPI_AUTOPAY,199,2026-08-04T20:31:00
ce0c5cfb,Kotak,issuer_unavailable,UPI_AUTOPAY,199,2026-08-04T20:34:00
38b15d97,HDFC,insufficient_funds,RuPay,1499,2026-08-04T20:35:00
8fa514d5,Kotak,timeout,Mastercard,999,2026-08-04T20:39:00
66359101,HDFC,timeout,UPI_AUTOPAY,2999,2026-08-04T20:39:00
fe186433,HDFC,insufficient_funds,UPI_AUTOPAY,199,2026-08-04T20:39:00
a7c4fed5,Kotak,issuer_unavailable,RuPay,199,2026-08-04T20:44:00
dcea7308,ICICI,insufficient_funds,RuPay,1499,2026-08-04T20:47:00
d6737070,HDFC,timeout,Mastercard,999,2026-08-04T20:47:00
3711414a,SBI,issuer_unavailable,UPI_AUTOPAY,499,2026-08-04T20:48:00
f7a88702,HDFC,hard_decline,UPI_AUTOPAY,1499,2026-08-04T20:50:00
500377af,HDFC,insufficient_funds,RuPay,999,2026-08-04T20:52:00
625ff9cb,SBI,issuer_unavailable,Visa,299,2026-08-04T20:54:00
870918ff,Kotak,hard_decline,RuPay,1499,2026-08-04T21:03:00
0744ecb6,HDFC,timeout,UPI_AUTOPAY,199,2026-08-04T21:06:00
e287063b,Kotak,insufficient_funds,UPI_AUTOPAY,299,2026-08-04T21:09:00
f43b5d75,Axis,timeout,Visa,2999,2026-08-04T21:10:00
7714f579,Axis,issuer_unavailable,UPI_AUTOPAY,999,2026-08-04T21:15:00
9d49dcf2,HDFC,issuer_unavailable,UPI_AUTOPAY,2999,2026-08-04T21:18:00
9e54550a,HDFC,issuer_unavailable,RuPay,4999,2026-08-04T21:26:00
b0162a4c,SBI,timeout,Mastercard,4999,2026-08-04T21:27:00
d179dcaf,ICICI,insufficient_funds,RuPay,299,2026-08-04T21:30:00
c54cf777,HDFC,timeout,Mastercard,199,2026-08-04T21:31:00
79a163ae,ICICI,insufficient_funds,UPI_AUTOPAY,2999,2026-08-04T21:32:00
788d1189,Axis,hard_decline,RuPay,4999,2026-08-04T21:39:00
212c9ea4,SBI,insufficient_funds,UPI_AUTOPAY,1499,2026-08-04T21:39:00
6b0dee4f,SBI,issuer_unavailable,UPI_AUTOPAY,299,2026-08-04T21:48:00
cc0e8077,HDFC,insufficient_funds,UPI_AUTOPAY,4999,2026-08-04T21:51:00
e886c1c7,Axis,issuer_unavailable,RuPay,999,2026-08-04T21:51:00
f50e66b4,Kotak,issuer_unavailable,RuPay,199,2026-08-04T21:57:00
2b2a8bcd,ICICI,insufficient_funds,Mastercard,299,2026-08-04T21:57:00
17214483,Axis,insufficient_funds,Visa,4999,2026-08-04T21:58:00
4ff07820,ICICI,issuer_unavailable,UPI_AUTOPAY,999,2026-08-04T22:07:00
e82effba,SBI,insufficient_funds,Visa,999,2026-08-04T22:13:00
7f32f559,ICICI,timeout,UPI_AUTOPAY,2999,2026-08-04T22:14:00
ebf8dea3,Kotak,issuer_unavailable,UPI_AUTOPAY,1499,2026-08-04T22:22:00
14edcdcf,Kotak,hard_decline,Visa,999,2026-08-04T22:23:00
826e3e1c,Kotak,timeout,UPI_AUTOPAY,4999,2026-08-04T22:25:00
c006e0d3,SBI,insufficient_funds,UPI_AUTOPAY,199,2026-08-04T22:31:00
62c84c21,Kotak,issuer_unavailable,RuPay,4999,2026-08-04T22:32:00
68830e15,Kotak,insufficient_funds,Visa,299,2026-08-04T22:35:00
f97c5444,Axis,insufficient_funds,UPI_AUTOPAY,1499,2026-08-04T22:35:00
da96b20e,SBI,timeout,UPI_AUTOPAY,199,2026-08-04T22:38:00
3df73705,ICICI,hard_decline,UPI_AUTOPAY,199,2026-08-04T22:42:00
c86115e3,HDFC,issuer_unavailable,UPI_AUTOPAY,4999,2026-08-04T22:43:00
a54d28d7,SBI,insufficient_funds,UPI_AUTOPAY,999,2026-08-04T22:44:00
dd3afef7,Axis,insufficient_funds,UPI_AUTOPAY,299,2026-08-04T22:45:00
2125d1cf,SBI,insufficient_funds,UPI_AUTOPAY,199,2026-08-04T22:46:00
89c6d345,Kotak,insufficient_funds,UPI_AUTOPAY,4999,2026-08-04T22:48:00
30d82951,ICICI,timeout,Mastercard,199,2026-08-04T22:55:00
400d160d,Kotak,timeout,UPI_AUTOPAY,499,2026-08-04T22:57:00
fc5154af,SBI,timeout,UPI_AUTOPAY,499,2026-08-04T23:00:00
58accb0c,Axis,issuer_unavailable,Mastercard,1499,2026-08-04T23:03:00
ee41ef21,SBI,insufficient_funds,RuPay,999,2026-08-04T23:04:00
34be149f,Kotak,timeout,UPI_AUTOPAY,999,2026-08-04T23:07:00
2a57c3e5,ICICI,insufficient_funds,RuPay,999,2026-08-04T23:08:00
e4258d3c,Kotak,insufficient_funds,Mastercard,199,2026-08-04T23:14:00
1b4adca2,Axis,issuer_unavailable,UPI_AUTOPAY,4999,2026-08-04T23:15:00
a77bc3a4,Axis,timeout,UPI_AUTOPAY,199,2026-08-04T23:19:00
82c5b783,SBI,insufficient_funds,RuPay,2999,2026-08-04T23:23:00
a2381412,Kotak,issuer_unavailable,RuPay,999,2026-08-04T23:24:00
a938fbb1,Kotak,insufficient_funds,UPI_AUTOPAY,2999,2026-08-04T23:27:00
9ccf9016,ICICI,issuer_unavailable,RuPay,4999,2026-08-04T23:39:00
c01f1e54,Kotak,insufficient_funds,UPI_AUTOPAY,4999,2026-08-04T23:40:00
594e332d,HDFC,insufficient_funds,Mastercard,199,2026-08-04T23:41:00
01180847,ICICI,timeout,UPI_AUTOPAY,2999,2026-08-04T23:42:00
8bf46451,Axis,insufficient_funds,UPI_AUTOPAY,499,2026-08-04T23:43:00
8f5c7e5d,SBI,insufficient_funds,UPI_AUTOPAY,1499,2026-08-04T23:47:00
de43cab2,SBI,hard_decline,Mastercard,499,2026-08-04T23:47:00
4c040198,Kotak,insufficient_funds,Mastercard,999,2026-08-04T23:55:00
52ee907c,Kotak,insufficient_funds,Visa,499,2026-08-04T23:59:00
80381fd3,Kotak,issuer_unavailable,UPI_AUTOPAY,999,2026-08-05T00:00:00
769e255c,Kotak,timeout,RuPay,2999,2026-08-05T00:04:00
4803c4a4,ICICI,insufficient_funds,UPI_AUTOPAY,1499,2026-08-05T00:14:00
4e66803f,ICICI,issuer_unavailable,Visa,499,2026-08-05T00:16:00
ce21734b,ICICI,insufficient_funds,UPI_AUTOPAY,4999,2026-08-05T00:19:00
36975c54,Axis,insufficient_funds,Visa,2999,2026-08-05T00:22:00
38202c19,Kotak,timeout,UPI_AUTOPAY,2999,2026-08-05T00:23:00
9636246a,ICICI,timeout,UPI_AUTOPAY,299,2026-08-05T00:25:00
801b0a5d,HDFC,timeout,Mastercard,199,2026-08-05T00:30:00
23e9341e,Kotak,hard_decline,UPI_AUTOPAY,4999,2026-08-05T00:33:00
5905ac05,Axis,hard_decline,UPI_AUTOPAY,199,2026-08-05T00:33:00
000bcecd,Axis,hard_decline,Visa,4999,2026-08-05T00:34:00
8d075613,HDFC,hard_decline,UPI_AUTOPAY,499,2026-08-05T00:34:00
9971df17,SBI,insufficient_funds,UPI_AUTOPAY,1499,2026-08-05T00:46:00
dded078c,HDFC,insufficient_funds,RuPay,299,2026-08-05T00:53:00
879be5b5,ICICI,issuer_unavailable,UPI_AUTOPAY,2999,2026-08-05T00:56:00
f448e191,HDFC,timeout,UPI_AUTOPAY,299,2026-08-05T01:06:00
dd341707,SBI,hard_decline,UPI_AUTOPAY,199,2026-08-05T01:08:00
729d524a,SBI,insufficient_funds,RuPay,199,2026-08-05T01:09:00
e911da2c,SBI,insufficient_funds,Mastercard,199,2026-08-05T01:09:00
83ec09e7,HDFC,timeout,Visa,299,2026-08-05T01:11:00
57573c69,SBI,issuer_unavailable,RuPay,1499,2026-08-05T01:12:00
d289b086,Axis,issuer_unavailable,Mastercard,299,2026-08-05T01:14:00
a42a635f,Axis,timeout,UPI_AUTOPAY,199,2026-08-05T01:14:00
01825180,Axis,timeout,UPI_AUTOPAY,2999,2026-08-05T01:26:00
840e4d60,ICICI,issuer_unavailable,RuPay,999,2026-08-05T01:30:00
8af4e5c3,Axis,timeout,Visa,4999,2026-08-05T01:31:00
2447c805,Axis,issuer_unavailable,RuPay,4999,2026-08-05T01:38:00
354b61e7,SBI,insufficient_funds,Mastercard,4999,2026-08-05T01:40:00
30974538,HDFC,insufficient_funds,Mastercard,1499,2026-08-05T01:41:00
42380f36,Kotak,timeout,Mastercard,499,2026-08-05T01:44:00
d7d87e44,Kotak,issuer_unavailable,Visa,499,2026-08-05T01:46:00
7a66a87f,ICICI,insufficient_funds,UPI_AUTOPAY,199,2026-08-05T01:53:00
b5c92f8b,Kotak,issuer_unavailable,Visa,1499,2026-08-05T02:04:00
aefd6cca,Kotak,insufficient_funds,Mastercard,299,2026-08-05T02:06:00
e459c463,Axis,hard_decline,UPI_AUTOPAY,299,2026-08-05T02:10:00
e4a78151,HDFC,issuer_unavailable,Visa,299,2026-08-05T02:12:00
4669b376,SBI,timeout,UPI_AUTOPAY,999,2026-08-05T02:16:00
0d2e1873,HDFC,timeout,Mastercard,299,2026-08-05T02:18:00
daf8711c,SBI,hard_decline,RuPay,299,2026-08-05T02:26:00
7aee48a9,ICICI,timeout,UPI_AUTOPAY,499,2026-08-05T02:27:00
341ff26f,HDFC,issuer_unavailable,UPI_AUTOPAY,299,2026-08-05T02:32:00
595c46a1,HDFC,insufficient_funds,UPI_AUTOPAY,4999,2026-08-05T02:39:00
e13ff692,Axis,issuer_unavailable,Mastercard,299,2026-08-05T02:41:00
a8614989,Axis,insufficient_funds,RuPay,2999,2026-08-05T02:43:00
74311dfc,SBI,issuer_unavailable,Mastercard,2999,2026-08-05T02:48:00
ab67b36b,Kotak,timeout,Visa,999,2026-08-05T02:54:00
b61931a8,SBI,hard_decline,Visa,999,2026-08-05T02:54:00
063de4f4,HDFC,timeout,UPI_AUTOPAY,199,2026-08-05T02:56:00
2cb67e5a,ICICI,insufficient_funds,RuPay,999,2026-08-05T02:59:00
14f3535d,Kotak,insufficient_funds,UPI_AUTOPAY,1499,2026-08-05T03:02:00
4aeace17,Kotak,hard_decline,RuPay,199,2026-08-05T03:05:00
44cf987f,SBI,timeout,RuPay,1499,2026-08-05T03:10:00
8163ae72,Kotak,timeout,UPI_AUTOPAY,999,2026-08-05T03:12:00
3f5e6242,Kotak,timeout,Visa,999,2026-08-05T03:12:00
4cbdcf2e,ICICI,insufficient_funds,UPI_AUTOPAY,4999,2026-08-05T03:15:00
8dd25358,Axis,timeout,RuPay,4999,2026-08-05T03:17:00
4a413307,HDFC,issuer_unavailable,UPI_AUTOPAY,299,2026-08-05T03:21:00
d6e1eb3e,ICICI,timeout,UPI_AUTOPAY,2999,2026-08-05T03:23:00
1fb9ebe5,ICICI,insufficient_funds,Visa,199,2026-08-05T03:23:00
b490a3f5,HDFC,insufficient_funds,UPI_AUTOPAY,1499,2026-08-05T03:26:00
9ba46a84,Kotak,issuer_unavailable,UPI_AUTOPAY,2999,2026-08-05T03:30:00
0945e00e,Kotak,issuer_unavailable,UPI_AUTOPAY,2999,2026-08-05T03:31:00
ca7aff3c,Kotak,hard_decline,Mastercard,2999,2026-08-05T03:34:00
e00b051f,Kotak,insufficient_funds,UPI_AUTOPAY,199,2026-08-05T03:35:00
5944b5a9,HDFC,insufficient_funds,RuPay,199,2026-08-05T03:37:00
4dd82e73,ICICI,timeout,UPI_AUTOPAY,199,2026-08-05T03:46:00
f2b59ace,Axis,hard_decline,UPI_AUTOPAY,299,2026-08-05T03:54:00
a9b3349d,ICICI,timeout,Visa,2999,2026-08-05T03:54:00
b1cdb969,Kotak,timeout,Mastercard,1499,2026-08-05T03:54:00
5fe76aeb,ICICI,timeout,RuPay,299,2026-08-05T03:57:00
c8fbfefb,SBI,hard_decline,Mastercard,199,2026-08-05T04:04:00
0b11abe3,Axis,issuer_unavailable,UPI_AUTOPAY,199,2026-08-05T04:06:00
c5489e4a,SBI,insufficient_funds,UPI_AUTOPAY,1499,2026-08-05T04:07:00
95cdad82,Axis,issuer_unavailable,RuPay,999,2026-08-05T04:08:00
312bdc8c,HDFC,issuer_unavailable,Mastercard,2999,2026-08-05T04:08:00
97de5875,HDFC,timeout,RuPay,2999,2026-08-05T04:10:00
1d7725d0,Axis,insufficient_funds,Visa,1499,2026-08-05T04:12:00
fb41b537,SBI,timeout,Visa,1499,2026-08-05T04:13:00
c831c618,Axis,timeout,UPI_AUTOPAY,2999,2026-08-05T04:21:00
1d82e006,ICICI,issuer_unavailable,Visa,199,2026-08-05T04:23:00
55b0cbf3,ICICI,insufficient_funds,RuPay,299,2026-08-05T04:23:00
33b18814,HDFC,timeout,UPI_AUTOPAY,199,2026-08-05T04:24:00
ffce3752,HDFC,timeout,UPI_AUTOPAY,1499,2026-08-05T04:27:00
339d5468,Axis,issuer_unavailable,UPI_AUTOPAY,2999,2026-08-05T04:36:00
a579eb55,HDFC,issuer_unavailable,RuPay,299,2026-08-05T04:37:00
239c8223,ICICI,issuer_unavailable,UPI_AUTOPAY,499,2026-08-05T04:41:00
e7216e3f,SBI,timeout,RuPay,999,2026-08-05T04:42:00
b0a10264,HDFC,insufficient_funds,Mastercard,2999,2026-08-05T04:42:00
72653bb9,Axis,insufficient_funds,UPI_AUTOPAY,4999,2026-08-05T04:43:00
3bd583d6,Axis,insufficient_funds,Visa,999,2026-08-05T04:44:00
7b6f3bbd,HDFC,issuer_unavailable,Mastercard,299,2026-08-05T04:49:00
ede91782,Axis,hard_decline,UPI_AUTOPAY,4999,2026-08-05T04:52:00
23c85316,Axis,timeout,Mastercard,199,2026-08-05T04:52:00
9b0cf781,HDFC,timeout,UPI_AUTOPAY,4999,2026-08-05T04:54:00
fc5422a7,ICICI,hard_decline,Mastercard,999,2026-08-05T04:54:00
6cbe2302,HDFC,insufficient_funds,Visa,999,2026-08-05T04:57:00
a77250da,ICICI,timeout,RuPay,1499,2026-08-05T04:59:00
165f9b01,SBI,timeout,Mastercard,4999,2026-08-05T05:02:00
838f9ed5,HDFC,insufficient_funds,UPI_AUTOPAY,4999,2026-08-05T05:04:00
c5b83b4e,Kotak,insufficient_funds,UPI_AUTOPAY,999,2026-08-05T05:05:00
5274f2b4,SBI,timeout,Visa,299,2026-08-05T05:10:00
3b4cd0bf,HDFC,timeout,Visa,499,2026-08-05T05:18:00
d22a1906,Axis,insufficient_funds,Visa,499,2026-08-05T05:26:00
cd556619,Axis,timeout,RuPay,499,2026-08-05T05:28:00
2e89ec39,Kotak,issuer_unavailable,Mastercard,1499,2026-08-05T05:31:00
a8446e53,HDFC,issuer_unavailable,UPI_AUTOPAY,999,2026-08-05T05:39:00
ec831b21,HDFC,issuer_unavailable,UPI_AUTOPAY,499,2026-08-05T05:39:00
dfb33d39,HDFC,timeout,UPI_AUTOPAY,499,2026-08-05T05:46:00
135a49f9,Kotak,timeout,Mastercard,4999,2026-08-05T05:48:00
46154ce9,Axis,insufficient_funds,UPI_AUTOPAY,499,2026-08-05T05:54:00
b55e2236,SBI,issuer_unavailable,UPI_AUTOPAY,299,2026-08-05T05:56:00
da2f2277,Kotak,insufficient_funds,UPI_AUTOPAY,1499,2026-08-05T05:56:00
c751a369,Axis,issuer_unavailable,UPI_AUTOPAY,499,2026-08-05T05:57:00
79ed323c,HDFC,insufficient_funds,RuPay,4999,2026-08-05T06:02:00
7311ee01,Axis,issuer_unavailable,UPI_AUTOPAY,299,2026-08-05T06:04:00
62850598,Kotak,issuer_unavailable,RuPay,499,2026-08-05T06:04:00
05566676,Kotak,insufficient_funds,RuPay,4999,2026-08-05T06:06:00
e3b67455,Kotak,hard_decline,UPI_AUTOPAY,1499,2026-08-05T06:08:00
baa4c2b2,Axis,insufficient_funds,Mastercard,499,2026-08-05T06:08:00
ebc49707,Kotak,insufficient_funds,UPI_AUTOPAY,999,2026-08-05T06:11:00
7a2d22af,HDFC,timeout,Mastercard,1499,2026-08-05T06:11:00
f7d5d11d,Kotak,issuer_unavailable,RuPay,999,2026-08-05T06:13:00
1aa91b08,ICICI,insufficient_funds,Visa,199,2026-08-05T06:13:00
fa03b35d,ICICI,insufficient_funds,RuPay,199,2026-08-05T06:15:00
0130a336,Kotak,insufficient_funds,UPI_AUTOPAY,299,2026-08-05T06:17:00
2e15f79e,ICICI,issuer_unavailable,Visa,199,2026-08-05T06:17:00
ad7fead5,Kotak,insufficient_funds,RuPay,2999,2026-08-05T06:26:00
9cb65763,Kotak,issuer_unavailable,Mastercard,1499,2026-08-05T06:38:00
c8f4f6b7,Kotak,hard_decline,UPI_AUTOPAY,199,2026-08-05T06:39:00
4f135eb7,ICICI,hard_decline,Visa,1499,2026-08-05T06:40:00
e1aa9911,Axis,issuer_unavailable,UPI_AUTOPAY,499,2026-08-05T06:43:00
feb3eb4f,Axis,timeout,Visa,2999,2026-08-05T06:47:00
fc7723f9,Axis,insufficient_funds,Mastercard,199,2026-08-05T06:47:00
34e2909a,Axis,issuer_unavailable,Mastercard,499,2026-08-05T06:50:00
5f584c65,Kotak,insufficient_funds,RuPay,1499,2026-08-05T06:55:00
ef5e4195,ICICI,timeout,UPI_AUTOPAY,4999,2026-08-05T06:58:00
91cdcc6a,Kotak,issuer_unavailable,Visa,2999,2026-08-05T07:04:00
b3c29ead,SBI,insufficient_funds,UPI_AUTOPAY,1499,2026-08-05T07:12:00
9b894358,Kotak,insufficient_funds,Mastercard,1499,2026-08-05T07:14:00
93e7df5a,HDFC,timeout,UPI_AUTOPAY,1499,2026-08-05T07:17:00
a5ca39fb,Kotak,timeout,Mastercard,999,2026-08-05T07:24:00
b203ee86,HDFC,timeout,UPI_AUTOPAY,4999,2026-08-05T07:25:00
1d082b82,Kotak,issuer_unavailable,RuPay,299,2026-08-05T07:31:00
fb1b412a,HDFC,timeout,UPI_AUTOPAY,299,2026-08-05T07:35:00
dc329a12,Axis,insufficient_funds,Visa,199,2026-08-05T07:36:00
249cca0c,ICICI,issuer_unavailable,Visa,199,2026-08-05T07:38:00
9f8fcc9c,HDFC,issuer_unavailable,Visa,199,2026-08-05T07:41:00
be62c87d,Axis,insufficient_funds,Visa,499,2026-08-05T07:44:00
6428b18d,ICICI,hard_decline,RuPay,199,2026-08-05T07:44:00
61e6673e,ICICI,insufficient_funds,UPI_AUTOPAY,999,2026-08-05T07:44:00
4d2c16a3,Axis,timeout,RuPay,2999,2026-08-05T07:52:00
8a73318e,Axis,hard_decline,RuPay,999,2026-08-05T07:54:00
ac998d7f,SBI,issuer_unavailable,UPI_AUTOPAY,199,2026-08-05T07:55:00
f79c5756,Kotak,timeout,UPI_AUTOPAY,4999,2026-08-05T07:57:00
27186842,Kotak,insufficient_funds,UPI_AUTOPAY,499,2026-08-05T07:57:00
0fe59936,SBI,insufficient_funds,UPI_AUTOPAY,4999,2026-08-05T08:02:00
dd844b8e,Axis,insufficient_funds,UPI_AUTOPAY,499,2026-08-05T08:05:00
9ac75edf,HDFC,hard_decline,UPI_AUTOPAY,499,2026-08-05T08:06:00
dc44acef,ICICI,timeout,RuPay,4999,2026-08-05T08:10:00
3e2091b2,SBI,hard_decline,Visa,1499,2026-08-05T08:16:00
8ccbb1d3,SBI,hard_decline,RuPay,4999,2026-08-05T08:17:00
6c3b96de,Axis,issuer_unavailable,RuPay,999,2026-08-05T08:25:00
a81e2a28,Axis,timeout,UPI_AUTOPAY,1499,2026-08-05T08:37:00
00d68908,SBI,hard_decline,UPI_AUTOPAY,199,2026-08-05T08:39:00
b0e98a9b,Axis,insufficient_funds,UPI_AUTOPAY,4999,2026-08-05T08:40:00
582e6717,Kotak,timeout,Visa,1499,2026-08-05T08:48:00
2fb7e1c0,HDFC,hard_decline,UPI_AUTOPAY,499,2026-08-05T08:51:00
9e15c85c,Axis,insufficient_funds,UPI_AUTOPAY,199,2026-08-05T08:51:00
1036caac,ICICI,insufficient_funds,UPI_AUTOPAY,2999,2026-08-05T08:57:00
8ac756a8,Axis,insufficient_funds,UPI_AUTOPAY,499,2026-08-05T08:58:00
3c7113a2,Axis,timeout,Visa,1499,2026-08-05T09:03:00
b1b5fcf1,Kotak,insufficient_funds,UPI_AUTOPAY,999,2026-08-05T09:10:00
c14911c3,Axis,issuer_unavailable,UPI_AUTOPAY,299,2026-08-05T09:27:00
d1364726,ICICI,timeout,Mastercard,299,2026-08-05T09:29:00
929f6a0d,Axis,issuer_unavailable,UPI_AUTOPAY,499,2026-08-05T09:33:00
31fe94e5,HDFC,insufficient_funds,RuPay,4999,2026-08-05T09:34:00
956be4b5,Axis,hard_decline,RuPay,999,2026-08-05T09:37:00
060124a9,HDFC,hard_decline,UPI_AUTOPAY,499,2026-08-05T09:41:00
7154dc4c,ICICI,hard_decline,Mastercard,199,2026-08-05T09:47:00
d00ea880,Kotak,insufficient_funds,RuPay,199,2026-08-05T09:54:00
44405495,HDFC,issuer_unavailable,UPI_AUTOPAY,199,2026-08-05T09:56:00
d665b724,Axis,issuer_unavailable,UPI_AUTOPAY,2999,2026-08-05T09:58:00
46880c1a,ICICI,timeout,UPI_AUTOPAY,1499,2026-08-05T10:00:00
e2693524,ICICI,timeout,RuPay,4999,2026-08-05T10:02:00
e6028128,ICICI,issuer_unavailable,Visa,499,2026-08-05T10:05:00
fc77221d,HDFC,insufficient_funds,UPI_AUTOPAY,1499,2026-08-05T10:06:00
01eee1c2,HDFC,insufficient_funds,UPI_AUTOPAY,1499,2026-08-05T10:07:00
bb813904,ICICI,insufficient_funds,UPI_AUTOPAY,199,2026-08-05T10:07:00
36fda0c0,HDFC,issuer_unavailable,UPI_AUTOPAY,499,2026-08-05T10:09:00
ee705c48,HDFC,timeout,Visa,499,2026-08-05T10:10:00
8f745201,HDFC,insufficient_funds,RuPay,999,2026-08-05T10:12:00
33e3070d,HDFC,hard_decline,RuPay,2999,2026-08-05T10:18:00
c0f4b575,Kotak,issuer_unavailable,UPI_AUTOPAY,999,2026-08-05T10:19:00
ce4846be,Kotak,hard_decline,Visa,299,2026-08-05T10:19:00
8c4a1f77,ICICI,timeout,UPI_AUTOPAY,999,2026-08-05T10:21:00
56f2ccbf,HDFC,insufficient_funds,Visa,499,2026-08-05T10:27:00
d71ac5ea,Kotak,timeout,Mastercard,199,2026-08-05T10:28:00
ab1b155f,Axis,issuer_unavailable,UPI_AUTOPAY,199,2026-08-05T10:34:00
2caf4130,ICICI,insufficient_funds,RuPay,199,2026-08-05T10:36:00
2e8ba443,ICICI,insufficient_funds,Mastercard,4999,2026-08-05T10:37:00
5eb4a355,Kotak,issuer_unavailable,UPI_AUTOPAY,499,2026-08-05T10:53:00
b251e3af,Axis,insufficient_funds,Mastercard,1499,2026-08-05T11:06:00
9e8e71b4,Kotak,insufficient_funds,Mastercard,999,2026-08-05T11:11:00
addbbad1,Axis,hard_decline,UPI_AUTOPAY,999,2026-08-05T11:11:00
1d8a68e4,Kotak,insufficient_funds,Mastercard,4999,2026-08-05T11:19:00
51b1fd19,Kotak,hard_decline,UPI_AUTOPAY,199,2026-08-05T11:24:00
10ada42d,SBI,issuer_unavailable,Mastercard,2999,2026-08-05T11:26:00
8585de9d,Kotak,hard_decline,Visa,4999,2026-08-05T11:26:00
8619f3e1,SBI,issuer_unavailable,Mastercard,999,2026-08-05T11:28:00
a4e66e9f,Axis,insufficient_funds,RuPay,2999,2026-08-05T11:30:00
40ae5573,ICICI,hard_decline,UPI_AUTOPAY,2999,2026-08-05T11:31:00
3ba50dea,SBI,insufficient_funds,Mastercard,299,2026-08-05T11:32:00
6fd60704,Kotak,timeout,RuPay,2999,2026-08-05T11:38:00
1670795a,ICICI,issuer_unavailable,UPI_AUTOPAY,1499,2026-08-05T11:54:00
20319935,Kotak,hard_decline,UPI_AUTOPAY,499,2026-08-05T11:56:00
bfa99163,Axis,issuer_unavailable,RuPay,299,2026-08-05T11:56:00
ad3160e7,HDFC,issuer_unavailable,Visa,999,2026-08-05T11:57:00
83f7f9cf,Kotak,issuer_unavailable,Mastercard,4999,2026-08-05T11:58:00
bda88e8e,Axis,insufficient_funds,UPI_AUTOPAY,499,2026-08-05T12:01:00
75db8081,ICICI,timeout,RuPay,999,2026-08-05T12:07:00
06e651cf,Axis,timeout,Mastercard,499,2026-08-05T12:07:00
32ad4f9a,HDFC,hard_decline,Visa,299,2026-08-05T12:08:00
921d2f92,ICICI,issuer_unavailable,UPI_AUTOPAY,999,2026-08-05T12:10:00
f7cab557,HDFC,insufficient_funds,UPI_AUTOPAY,999,2026-08-05T12:14:00
0a066d98,ICICI,insufficient_funds,Mastercard,199,2026-08-05T12:14:00
6c2d8e8c,SBI,issuer_unavailable,UPI_AUTOPAY,499,2026-08-05T12:18:00
9761b46e,ICICI,timeout,UPI_AUTOPAY,299,2026-08-05T12:19:00
40a3b9e0,SBI,issuer_unavailable,RuPay,999,2026-08-05T12:22:00
ecf95d6f,Axis,insufficient_funds,RuPay,1499,2026-08-05T12:23:00
29ed2fff,Axis,insufficient_funds,UPI_AUTOPAY,199,2026-08-05T12:25:00
4cef1d9c,Axis,insufficient_funds,UPI_AUTOPAY,999,2026-08-05T12:29:00
7a955c89,ICICI,insufficient_funds,Visa,2999,2026-08-05T12:46:00
dca9764f,Axis,issuer_unavailable,UPI_AUTOPAY,499,2026-08-05T12:51:00
9fc1d218,Axis,issuer_unavailable,UPI_AUTOPAY,4999,2026-08-05T12:52:00
3c71325e,SBI,issuer_unavailable,UPI_AUTOPAY,999,2026-08-05T12:59:00
8fe4dbf3,ICICI,timeout,UPI_AUTOPAY,2999,2026-08-05T12:59:00
f90851cf,Axis,timeout,UPI_AUTOPAY,299,2026-08-05T13:01:00
ea6464d8,SBI,issuer_unavailable,Visa,4999,2026-08-05T13:03:00
bea9f843,ICICI,timeout,UPI_AUTOPAY,1499,2026-08-05T13:09:00
8ac244a5,HDFC,insufficient_funds,UPI_AUTOPAY,2999,2026-08-05T13:09:00
3fab539d,ICICI,issuer_unavailable,Visa,2999,2026-08-05T13:10:00
b2b4df95,SBI,timeout,UPI_AUTOPAY,999,2026-08-05T13:12:00
3338dd50,SBI,insufficient_funds,UPI_AUTOPAY,499,2026-08-05T13:14:00
bd26aade,Kotak,insufficient_funds,Mastercard,499,2026-08-05T13:15:00
1c436a6d,ICICI,issuer_unavailable,RuPay,299,2026-08-05T13:23:00
8470845d,Kotak,issuer_unavailable,Mastercard,1499,2026-08-05T13:24:00
f40afd29,HDFC,hard_decline,UPI_AUTOPAY,999,2026-08-05T13:30:00
29df8685,HDFC,timeout,Mastercard,499,2026-08-05T13:41:00
68f71b80,ICICI,hard_decline,UPI_AUTOPAY,499,2026-08-05T13:50:00
dc5ce00f,ICICI,hard_decline,UPI_AUTOPAY,499,2026-08-05T13:51:00
f0cb2d76,ICICI,timeout,UPI_AUTOPAY,299,2026-08-05T13:53:00
a9dfb990,Kotak,hard_decline,Visa,2999,2026-08-05T13:53:00
7be88353,HDFC,hard_decline,UPI_AUTOPAY,299,2026-08-05T13:54:00
a79d0425,Axis,timeout,RuPay,999,2026-08-05T13:56:00
4f620e86,ICICI,insufficient_funds,RuPay,4999,2026-08-05T13:57:00
230988f4,SBI,hard_decline,Mastercard,199,2026-08-05T14:00:00
2f7240b1,Kotak,insufficient_funds,RuPay,199,2026-08-05T14:00:00
41998b63,SBI,insufficient_funds,UPI_AUTOPAY,499,2026-08-05T14:03:00
3eb30030,SBI,timeout,Visa,199,2026-08-05T14:05:00
a7b4d1bd,HDFC,hard_decline,UPI_AUTOPAY,299,2026-08-05T14:05:00
4bedaf3d,Axis,insufficient_funds,Mastercard,499,2026-08-05T14:12:00
540bf814,ICICI,insufficient_funds,Mastercard,2999,2026-08-05T14:18:00
88fb044d,Axis,issuer_unavailable,UPI_AUTOPAY,999,2026-08-05T14:19:00
34c4f8a9,SBI,timeout,Visa,199,2026-08-05T14:20:00
59fd8e7b,HDFC,insufficient_funds,RuPay,299,2026-08-05T14:22:00
82524414,SBI,insufficient_funds,Mastercard,999,2026-08-05T14:26:00
9b4bcf4d,SBI,timeout,RuPay,299,2026-08-05T14:26:00
2e009bac,ICICI,timeout,RuPay,499,2026-08-05T14:31:00
f23594dc,ICICI,insufficient_funds,Visa,999,2026-08-05T14:32:00
6f7a9d6c,Kotak,insufficient_funds,UPI_AUTOPAY,999,2026-08-05T14:32:00
7a926feb,SBI,timeout,UPI_AUTOPAY,499,2026-08-05T14:34:00
1f539c47,ICICI,timeout,UPI_AUTOPAY,2999,2026-08-05T14:36:00
1ce6cbfc,ICICI,timeout,UPI_AUTOPAY,2999,2026-08-05T14:40:00
e81efebe,SBI,issuer_unavailable,RuPay,2999,2026-08-05T14:41:00
db6e2951,SBI,issuer_unavailable,UPI_AUTOPAY,999,2026-08-05T14:42:00
b88697fe,Kotak,issuer_unavailable,Mastercard,199,2026-08-05T14:44:00
ca74dbad,Kotak,hard_decline,UPI_AUTOPAY,199,2026-08-05T14:46:00
dc5ef184,ICICI,issuer_unavailable,UPI_AUTOPAY,499,2026-08-05T14:47:00
55e7638b,ICICI,insufficient_funds,RuPay,199,2026-08-05T14:48:00
6214e0bb,HDFC,hard_decline,UPI_AUTOPAY,999,2026-08-05T14:50:00
6c2d4941,Kotak,insufficient_funds,UPI_AUTOPAY,199,2026-08-05T14:56:00
61a40ef5,HDFC,issuer_unavailable,RuPay,199,2026-08-05T14:57:00
c75412c1,ICICI,insufficient_funds,RuPay,1499,2026-08-05T14:57:00
0b862b02,SBI,timeout,UPI_AUTOPAY,1499,2026-08-05T15:00:00
514c306d,Axis,insufficient_funds,Mastercard,2999,2026-08-05T15:02:00
04c40e03,Axis,timeout,UPI_AUTOPAY,1499,2026-08-05T15:03:00
13496238,SBI,insufficient_funds,Mastercard,1499,2026-08-05T15:04:00
bc4bbf2b,SBI,insufficient_funds,RuPay,299,2026-08-05T15:10:00
1602096e,Axis,insufficient_funds,UPI_AUTOPAY,199,2026-08-05T15:11:00
8604755e,SBI,timeout,UPI_AUTOPAY,299,2026-08-05T15:19:00
30aa79b3,Kotak,issuer_unavailable,UPI_AUTOPAY,2999,2026-08-05T15:20:00
fd875ad1,HDFC,timeout,RuPay,299,2026-08-05T15:21:00
739b248a,ICICI,insufficient_funds,Visa,4999,2026-08-05T15:25:00
56a3eb10,HDFC,issuer_unavailable,UPI_AUTOPAY,1499,2026-08-05T15:25:00
b2e961e8,ICICI,timeout,UPI_AUTOPAY,999,2026-08-05T15:26:00
1c023c3b,HDFC,timeout,UPI_AUTOPAY,499,2026-08-05T15:31:00
607dfb7f,ICICI,timeout,UPI_AUTOPAY,999,2026-08-05T15:43:00
afa238f2,Kotak,timeout,UPI_AUTOPAY,4999,2026-08-05T15:43:00
fdd28e1c,Axis,timeout,Visa,499,2026-08-05T15:47:00
70d69df2,HDFC,insufficient_funds,Visa,2999,2026-08-05T15:48:00
afb941b0,ICICI,hard_decline,Visa,4999,2026-08-05T15:49:00
7098e16e,Kotak,insufficient_funds,Visa,999,2026-08-05T15:50:00
6ea49142,SBI,hard_decline,UPI_AUTOPAY,999,2026-08-05T15:51:00
0b866179,Axis,timeout,RuPay,299,2026-08-05T15:52:00
a7e54fbd,ICICI,hard_decline,RuPay,4999,2026-08-05T15:54:00
9fa814cf,Kotak,insufficient_funds,UPI_AUTOPAY,299,2026-08-05T15:56:00
8be351b0,SBI,insufficient_funds,UPI_AUTOPAY,999,2026-08-05T15:58:00
c5c75400,Kotak,timeout,UPI_AUTOPAY,499,2026-08-05T15:59:00
fbb5450b,Kotak,insufficient_funds,Mastercard,4999,2026-08-05T16:01:00
a21c46b4,ICICI,issuer_unavailable,Mastercard,4999,2026-08-05T16:01:00
92071fde,HDFC,issuer_unavailable,RuPay,299,2026-08-05T16:02:00
5fa61bbd,HDFC,issuer_unavailable,UPI_AUTOPAY,199,2026-08-05T16:10:00
59f1a03d,SBI,issuer_unavailable,RuPay,299,2026-08-05T16:14:00
06696419,Axis,timeout,UPI_AUTOPAY,199,2026-08-05T16:17:00
cf1c1da1,SBI,insufficient_funds,UPI_AUTOPAY,4999,2026-08-05T16:20:00
b8ff4291,HDFC,timeout,UPI_AUTOPAY,499,2026-08-05T16:24:00
9afb2e50,Kotak,issuer_unavailable,Mastercard,1499,2026-08-05T16:26:00
fe6a45ae,ICICI,hard_decline,Visa,199,2026-08-05T16:31:00
fe9232be,Axis,insufficient_funds,RuPay,999,2026-08-05T16:38:00
a01509cd,Kotak,insufficient_funds,Mastercard,499,2026-08-05T16:40:00
04813f44,HDFC,insufficient_funds,Visa,999,2026-08-05T16:41:00
4ed6f234,SBI,insufficient_funds,UPI_AUTOPAY,2999,2026-08-05T16:50:00
877dfb95,HDFC,issuer_unavailable,Mastercard,299,2026-08-05T16:52:00
054d05be,HDFC,issuer_unavailable,UPI_AUTOPAY,199,2026-08-05T16:56:00
0ba9aff5,Axis,timeout,RuPay,999,2026-08-05T17:05:00
f4bc6780,ICICI,timeout,RuPay,499,2026-08-05T17:14:00
4751a219,HDFC,insufficient_funds,RuPay,2999,2026-08-05T17:15:00
cdc36611,ICICI,timeout,UPI_AUTOPAY,499,2026-08-05T17:16:00
eaaaa760,Kotak,insufficient_funds,Mastercard,999,2026-08-05T17:18:00
069202eb,Kotak,issuer_unavailable,Visa,199,2026-08-05T17:21:00
fbbaefa5,Kotak,insufficient_funds,Visa,2999,2026-08-05T17:24:00
6e063741,Axis,issuer_unavailable,UPI_AUTOPAY,999,2026-08-05T17:34:00
8dd32579,Kotak,issuer_unavailable,RuPay,2999,2026-08-05T17:36:00
dfcbe16a,ICICI,timeout,UPI_AUTOPAY,1499,2026-08-05T17:37:00
64ab2dde,SBI,timeout,UPI_AUTOPAY,4999,2026-08-05T17:40:00
9d6e6add,SBI,insufficient_funds,UPI_AUTOPAY,299,2026-08-05T17:41:00
9b5d6763,SBI,insufficient_funds,RuPay,4999,2026-08-05T17:41:00
b338c199,Kotak,insufficient_funds,Mastercard,2999,2026-08-05T17:41:00
ddb59371,SBI,hard_decline,Visa,499,2026-08-05T17:46:00
dcf7cfd6,HDFC,insufficient_funds,RuPay,4999,2026-08-05T17:47:00
222a5ccf,ICICI,timeout,UPI_AUTOPAY,299,2026-08-05T17:48:00
953ec94a,HDFC,insufficient_funds,Visa,299,2026-08-05T17:56:00
a09a71f2,ICICI,insufficient_funds,RuPay,4999,2026-08-05T18:03:00
d3ee763b,Kotak,hard_decline,RuPay,999,2026-08-05T18:03:00
797caa1f,Kotak,timeout,UPI_AUTOPAY,499,2026-08-05T18:04:00
c908856b,Kotak,timeout,Mastercard,499,2026-08-05T18:05:00
1c8ca4f0,HDFC,insufficient_funds,RuPay,1499,2026-08-05T18:05:00
a9ff22ea,Kotak,timeout,Visa,999,2026-08-05T18:06:00
0241c199,ICICI,insufficient_funds,UPI_AUTOPAY,199,2026-08-05T18:07:00
b51a5f24,Axis,insufficient_funds,UPI_AUTOPAY,2999,2026-08-05T18:08:00
67686ac9,ICICI,insufficient_funds,UPI_AUTOPAY,299,2026-08-05T18:09:00
e3ac7170,HDFC,timeout,UPI_AUTOPAY,499,2026-08-05T18:09:00
a010331d,Kotak,timeout,RuPay,1499,2026-08-05T18:10:00
71059f36,Kotak,timeout,UPI_AUTOPAY,199,2026-08-05T18:10:00
de36e0e0,Kotak,hard_decline,UPI_AUTOPAY,999,2026-08-05T18:13:00
f8de367d,SBI,insufficient_funds,UPI_AUTOPAY,199,2026-08-05T18:19:00
99b68c91,Axis,issuer_unavailable,UPI_AUTOPAY,199,2026-08-05T18:22:00
b6acdb46,Kotak,timeout,Mastercard,499,2026-08-05T18:24:00
08914c81,Axis,insufficient_funds,Visa,499,2026-08-05T18:26:00
cc1b69ad,Kotak,insufficient_funds,Mastercard,999,2026-08-05T18:29:00
1a1b7c5b,Kotak,insufficient_funds,UPI_AUTOPAY,2999,2026-08-05T18:36:00
608d9a15,HDFC,insufficient_funds,UPI_AUTOPAY,2999,2026-08-05T18:36:00
b1e42ff3,Kotak,insufficient_funds,UPI_AUTOPAY,999,2026-08-05T18:37:00
d309c0d8,Kotak,timeout,UPI_AUTOPAY,1499,2026-08-05T18:41:00
97494402,HDFC,hard_decline,Visa,4999,2026-08-05T18:41:00
1bef5789,SBI,hard_decline,UPI_AUTOPAY,499,2026-08-05T18:42:00
3cda6a87,Kotak,timeout,RuPay,4999,2026-08-05T18:47:00
d270477a,ICICI,insufficient_funds,RuPay,1499,2026-08-05T18:49:00
c1619321,HDFC,hard_decline,UPI_AUTOPAY,4999,2026-08-05T19:02:00
f119c8bf,SBI,timeout,RuPay,999,2026-08-05T19:06:00
2072e12a,Axis,issuer_unavailable,UPI_AUTOPAY,1499,2026-08-05T19:07:00
cf4c1c4c,Axis,insufficient_funds,Visa,4999,2026-08-05T19:10:00
c49755a2,SBI,timeout,UPI_AUTOPAY,999,2026-08-05T19:11:00
425deb3b,HDFC,insufficient_funds,Visa,2999,2026-08-05T19:12:00
bcf72604,Kotak,insufficient_funds,RuPay,999,2026-08-05T19:14:00
10cdc481,HDFC,insufficient_funds,RuPay,199,2026-08-05T19:14:00
794a9aa4,Kotak,timeout,UPI_AUTOPAY,2999,2026-08-05T19:14:00
70902532,SBI,timeout,UPI_AUTOPAY,999,2026-08-05T19:20:00
ac8dca83,Axis,timeout,UPI_AUTOPAY,4999,2026-08-05T19:21:00
9c1d6a1b,ICICI,issuer_unavailable,Mastercard,1499,2026-08-05T19:25:00
8661c728,Kotak,timeout,Visa,1499,2026-08-05T19:25:00
2c699390,SBI,hard_decline,Visa,1499,2026-08-05T19:31:00
94ff60f3,ICICI,hard_decline,Mastercard,1499,2026-08-05T19:37:00
6c4b6a5d,SBI,timeout,UPI_AUTOPAY,299,2026-08-05T19:37:00
2892de0c,Kotak,hard_decline,RuPay,999,2026-08-05T19:44:00
fe786763,SBI,insufficient_funds,UPI_AUTOPAY,999,2026-08-05T19:44:00
652f658c,ICICI,insufficient_funds,Visa,1499,2026-08-05T19:45:00
2e69c04f,SBI,issuer_unavailable,RuPay,1499,2026-08-05T19:47:00
00b940ad,Kotak,insufficient_funds,Mastercard,2999,2026-08-05T19:51:00
aefb40dc,Kotak,issuer_unavailable,UPI_AUTOPAY,1499,2026-08-05T19:54:00
3dce4d1e,SBI,issuer_unavailable,Visa,499,2026-08-05T19:55:00
44e3808a,ICICI,timeout,Visa,199,2026-08-05T19:57:00
bed06eae,Axis,insufficient_funds,Mastercard,1499,2026-08-05T20:00:00
34825eab,HDFC,hard_decline,UPI_AUTOPAY,199,2026-08-05T20:03:00
a0b5382d,SBI,insufficient_funds,Visa,1499,2026-08-05T20:08:00
c99e3088,HDFC,issuer_unavailable,UPI_AUTOPAY,4999,2026-08-05T20:12:00
3b077894,Axis,issuer_unavailable,UPI_AUTOPAY,499,2026-08-05T20:21:00
b4f2ac03,ICICI,hard_decline,UPI_AUTOPAY,2999,2026-08-05T20:23:00
89bd804f,SBI,issuer_unavailable,UPI_AUTOPAY,499,2026-08-05T20:25:00
31146b82,Axis,insufficient_funds,UPI_AUTOPAY,2999,2026-08-05T20:25:00
231d220e,SBI,timeout,Visa,2999,2026-08-05T20:34:00
ff787cc8,Kotak,hard_decline,RuPay,4999,2026-08-05T20:47:00
3063f45c,Axis,insufficient_funds,UPI_AUTOPAY,999,2026-08-05T20:53:00
63ee6f38,ICICI,issuer_unavailable,UPI_AUTOPAY,299,2026-08-05T20:53:00
859d5430,HDFC,insufficient_funds,UPI_AUTOPAY,499,2026-08-05T21:00:00
2f0f7544,SBI,insufficient_funds,RuPay,4999,2026-08-05T21:01:00
638955c5,Kotak,insufficient_funds,Visa,999,2026-08-05T21:02:00
8ef37f96,Kotak,timeout,Visa,299,2026-08-05T21:03:00
9231aa0c,Axis,insufficient_funds,UPI_AUTOPAY,4999,2026-08-05T21:12:00
c8b305ce,Kotak,insufficient_funds,Mastercard,999,2026-08-05T21:16:00
e44e5251,Kotak,issuer_unavailable,UPI_AUTOPAY,299,2026-08-05T21:22:00
33eda717,SBI,insufficient_funds,UPI_AUTOPAY,999,2026-08-05T21:28:00
0e50d091,SBI,issuer_unavailable,UPI_AUTOPAY,199,2026-08-05T21:30:00
405d2a38,HDFC,insufficient_funds,Visa,1499,2026-08-05T21:39:00
d80badca,Kotak,timeout,Mastercard,2999,2026-08-05T21:47:00
912bded1,ICICI,insufficient_funds,Visa,499,2026-08-05T21:48:00
b622fce2,HDFC,insufficient_funds,RuPay,499,2026-08-05T21:49:00
21fd4bb4,ICICI,issuer_unavailable,UPI_AUTOPAY,4999,2026-08-05T21:57:00
a7666a02,HDFC,issuer_unavailable,UPI_AUTOPAY,999,2026-08-05T22:01:00
e528de73,HDFC,insufficient_funds,UPI_AUTOPAY,299,2026-08-05T22:09:00
b44ea98a,Axis,hard_decline,RuPay,1499,2026-08-05T22:15:00
eec63fe6,Axis,insufficient_funds,UPI_AUTOPAY,2999,2026-08-05T22:15:00
dc863adc,ICICI,insufficient_funds,UPI_AUTOPAY,999,2026-08-05T22:17:00
35b9c053,SBI,timeout,Mastercard,499,2026-08-05T22:22:00
367b8bf4,Axis,insufficient_funds,UPI_AUTOPAY,299,2026-08-05T22:22:00
b054295c,Axis,timeout,Mastercard,299,2026-08-05T22:23:00
ad547d75,Axis,timeout,UPI_AUTOPAY,299,2026-08-05T22:26:00
31383d7c,HDFC,issuer_unavailable,Visa,299,2026-08-05T22:30:00
f1c47f5a,Axis,timeout,Mastercard,2999,2026-08-05T22:32:00
1962066a,HDFC,timeout,Visa,2999,2026-08-05T22:36:00
380386b3,SBI,issuer_unavailable,RuPay,199,2026-08-05T22:45:00
7ab90adb,Kotak,insufficient_funds,UPI_AUTOPAY,299,2026-08-05T22:46:00
0f82470e,SBI,timeout,RuPay,299,2026-08-05T22:50:00
51f9353a,Kotak,insufficient_funds,UPI_AUTOPAY,4999,2026-08-05T22:51:00
7e0e69d8,SBI,timeout,RuPay,2999,2026-08-05T22:59:00
64178775,SBI,issuer_unavailable,UPI_AUTOPAY,999,2026-08-05T23:04:00
756fbf6d,HDFC,timeout,Visa,299,2026-08-05T23:05:00
2d7930cf,SBI,insufficient_funds,Visa,499,2026-08-05T23:09:00
fa8ed3c3,Axis,hard_decline,UPI_AUTOPAY,999,2026-08-05T23:09:00
4dde6582,Axis,insufficient_funds,Visa,1499,2026-08-05T23:17:00
b0b0aa06,Axis,issuer_unavailable,Visa,299,2026-08-05T23:21:00
3071f3b0,HDFC,issuer_unavailable,Visa,1499,2026-08-05T23:21:00
435eada9,HDFC,hard_decline,RuPay,2999,2026-08-05T23:22:00
39dcb4bb,Kotak,timeout,Visa,1499,2026-08-05T23:24:00
acd527d3,Kotak,hard_decline,RuPay,4999,2026-08-05T23:25:00
56afbbb5,Kotak,timeout,Mastercard,199,2026-08-05T23:25:00
e4f94349,Kotak,issuer_unavailable,UPI_AUTOPAY,1499,2026-08-05T23:29:00
50730318,Kotak,insufficient_funds,RuPay,299,2026-08-05T23:33:00
d88874f6,Axis,issuer_unavailable,Mastercard,999,2026-08-05T23:34:00
cec267a5,ICICI,timeout,UPI_AUTOPAY,199,2026-08-05T23:42:00
48fea23b,ICICI,issuer_unavailable,Mastercard,999,2026-08-05T23:43:00
34d470ed,SBI,timeout,RuPay,999,2026-08-05T23:45:00
ca19ff4f,ICICI,insufficient_funds,UPI_AUTOPAY,299,2026-08-05T23:47:00
9e8251a9,Axis,hard_decline,UPI_AUTOPAY,2999,2026-08-05T23:49:00
101f2bf2,HDFC,timeout,UPI_AUTOPAY,499,2026-08-05T23:52:00
4950f9c1,Kotak,hard_decline,Visa,499,2026-08-05T23:52:00
76c91733,SBI,timeout,Mastercard,999,2026-08-05T23:56:00
a850210a,HDFC,timeout,Visa,999,2026-08-05T23:59:00
708d795d,SBI,issuer_unavailable,UPI_AUTOPAY,199,2026-08-06T00:01:00
538d7cb1,Axis,issuer_unavailable,UPI_AUTOPAY,299,2026-08-06T00:15:00
f884e0a7,Kotak,insufficient_funds,UPI_AUTOPAY,4999,2026-08-06T00:19:00
81b8ec48,Kotak,timeout,UPI_AUTOPAY,299,2026-08-06T00:23:00
6f4a4e95,HDFC,issuer_unavailable,Visa,999,2026-08-06T00:25:00
c9b5557d,ICICI,issuer_unavailable,UPI_AUTOPAY,999,2026-08-06T00:27:00
69b287f4,Axis,issuer_unavailable,Mastercard,4999,2026-08-06T00:27:00
23e8f877,Kotak,issuer_unavailable,UPI_AUTOPAY,999,2026-08-06T00:29:00
11341f67,HDFC,insufficient_funds,UPI_AUTOPAY,1499,2026-08-06T00:30:00
30ca8b06,SBI,timeout,Visa,299,2026-08-06T00:32:00
5ccf1009,ICICI,insufficient_funds,Mastercard,499,2026-08-06T00:32:00
8ef25e3d,Kotak,hard_decline,RuPay,299,2026-08-06T00:34:00
f76be1ad,HDFC,timeout,RuPay,4999,2026-08-06T00:36:00
754b1f82,ICICI,timeout,UPI_AUTOPAY,1499,2026-08-06T00:38:00
1c5de26e,ICICI,timeout,UPI_AUTOPAY,299,2026-08-06T00:40:00
a8650071,Axis,hard_decline,Visa,2999,2026-08-06T00:41:00
f565eb3d,SBI,timeout,Visa,2999,2026-08-06T00:41:00
29ce7ae7,Axis,issuer_unavailable,RuPay,999,2026-08-06T00:43:00
ab098114,ICICI,issuer_unavailable,Mastercard,299,2026-08-06T00:44:00
7729cf07,ICICI,timeout,RuPay,4999,2026-08-06T00:47:00
ca7c0112,Axis,hard_decline,UPI_AUTOPAY,999,2026-08-06T00:50:00
d18e8404,Kotak,issuer_unavailable,Mastercard,499,2026-08-06T00:53:00
ee0446be,ICICI,issuer_unavailable,Visa,999,2026-08-06T00:53:00
193b1c87,HDFC,insufficient_funds,Mastercard,1499,2026-08-06T00:56:00
121f1da7,HDFC,issuer_unavailable,Visa,499,2026-08-06T01:12:00
9bbee7fb,HDFC,insufficient_funds,RuPay,299,2026-08-06T01:13:00
be867e4b,SBI,hard_decline,UPI_AUTOPAY,199,2026-08-06T01:16:00
93cc9ff1,Axis,issuer_unavailable,Visa,4999,2026-08-06T01:16:00
7a807238,ICICI,insufficient_funds,RuPay,299,2026-08-06T01:19:00
9bc6f825,HDFC,timeout,UPI_AUTOPAY,499,2026-08-06T01:19:00
1e06f927,SBI,timeout,Mastercard,199,2026-08-06T01:22:00
5560bf36,Kotak,insufficient_funds,UPI_AUTOPAY,299,2026-08-06T01:23:00
a718a95f,HDFC,issuer_unavailable,UPI_AUTOPAY,1499,2026-08-06T01:25:00
988ae566,SBI,timeout,Mastercard,499,2026-08-06T01:26:00
c115ad36,Axis,timeout,Visa,499,2026-08-06T01:26:00
3e632986,ICICI,issuer_unavailable,UPI_AUTOPAY,1499,2026-08-06T01:27:00
8cdbafc0,ICICI,hard_decline,RuPay,1499,2026-08-06T01:35:00
7a2010ef,Axis,insufficient_funds,Visa,4999,2026-08-06T01:39:00
5976713f,SBI,insufficient_funds,RuPay,2999,2026-08-06T01:42:00
486039c3,Axis,issuer_unavailable,UPI_AUTOPAY,4999,2026-08-06T01:45:00
0cb25f63,Axis,timeout,UPI_AUTOPAY,1499,2026-08-06T01:51:00
41f755a4,HDFC,hard_decline,UPI_AUTOPAY,299,2026-08-06T01:53:00
0e1e23cc,SBI,timeout,UPI_AUTOPAY,4999,2026-08-06T01:58:00
1419a55e,Kotak,hard_decline,UPI_AUTOPAY,199,2026-08-06T01:59:00
96ef6c20,Axis,hard_decline,Visa,2999,2026-08-06T01:59:00
9379a901,Axis,issuer_unavailable,Mastercard,999,2026-08-06T01:59:00
309579fe,ICICI,timeout,RuPay,1499,2026-08-06T02:06:00
c36c0bf4,SBI,issuer_unavailable,UPI_AUTOPAY,999,2026-08-06T02:07:00
f4e22f87,Kotak,timeout,Visa,1499,2026-08-06T02:08:00
e9bdfff7,Axis,issuer_unavailable,Visa,1499,2026-08-06T02:09:00
8b88365f,Kotak,insufficient_funds,RuPay,999,2026-08-06T02:09:00
b80ece83,HDFC,issuer_unavailable,RuPay,199,2026-08-06T02:10:00
31b190d8,Kotak,insufficient_funds,RuPay,999,2026-08-06T02:10:00
5d836809,HDFC,insufficient_funds,Visa,199,2026-08-06T02:11:00
7227ff40,HDFC,issuer_unavailable,Mastercard,199,2026-08-06T02:13:00
7a087804,Axis,timeout,Visa,199,2026-08-06T02:13:00
0154f328,Kotak,insufficient_funds,UPI_AUTOPAY,199,2026-08-06T02:13:00
b1e913ab,ICICI,hard_decline,UPI_AUTOPAY,1499,2026-08-06T02:15:00
eb449b6e,Kotak,insufficient_funds,UPI_AUTOPAY,2999,2026-08-06T02:35:00
a7a8bd4d,Axis,insufficient_funds,RuPay,4999,2026-08-06T02:36:00
1892d27a,Axis,insufficient_funds,RuPay,2999,2026-08-06T02:39:00
affe10df,Kotak,issuer_unavailable,UPI_AUTOPAY,4999,2026-08-06T02:40:00
dab68ef6,Axis,hard_decline,UPI_AUTOPAY,199,2026-08-06T02:43:00
373ea94e,Axis,issuer_unavailable,Visa,499,2026-08-06T02:48:00
8c4ad2bb,SBI,timeout,UPI_AUTOPAY,999,2026-08-06T02:53:00
974972d7,HDFC,hard_decline,UPI_AUTOPAY,299,2026-08-06T02:57:00
32a17ad7,ICICI,timeout,Visa,199,2026-08-06T02:59:00
309ed851,HDFC,insufficient_funds,Visa,499,2026-08-06T02:59:00
6792f6e9,SBI,timeout,UPI_AUTOPAY,2999,2026-08-06T03:07:00
805472e5,ICICI,insufficient_funds,Visa,1499,2026-08-06T03:11:00
a22a403d,HDFC,issuer_unavailable,UPI_AUTOPAY,199,2026-08-06T03:16:00
06fe901e,SBI,hard_decline,Mastercard,999,2026-08-06T03:16:00
00ebfe89,HDFC,timeout,Mastercard,1499,2026-08-06T03:16:00
9c1a1bd4,ICICI,timeout,RuPay,1499,2026-08-06T03:18:00
fdf7f05b,Axis,hard_decline,RuPay,299,2026-08-06T03:22:00
54c5c7d5,SBI,timeout,Mastercard,4999,2026-08-06T03:24:00
da66bb12,HDFC,issuer_unavailable,Visa,299,2026-08-06T03:28:00
f0d8280a,Kotak,insufficient_funds,Mastercard,199,2026-08-06T03:28:00
2a8d4c0f,Kotak,timeout,Visa,2999,2026-08-06T03:29:00
6192c4a6,HDFC,insufficient_funds,UPI_AUTOPAY,499,2026-08-06T03:30:00
618ef5c9,Kotak,insufficient_funds,UPI_AUTOPAY,299,2026-08-06T03:31:00
146852bf,Kotak,issuer_unavailable,UPI_AUTOPAY,2999,2026-08-06T03:33:00
667b8f41,HDFC,issuer_unavailable,UPI_AUTOPAY,199,2026-08-06T03:36:00
a3d82d19,Axis,timeout,UPI_AUTOPAY,1499,2026-08-06T03:44:00
cae63703,Kotak,timeout,UPI_AUTOPAY,499,2026-08-06T03:45:00
445be3a1,ICICI,hard_decline,RuPay,2999,2026-08-06T03:47:00
0920b26b,Axis,issuer_unavailable,UPI_AUTOPAY,1499,2026-08-06T03:47:00
6388ed06,Axis,issuer_unavailable,Mastercard,499,2026-08-06T03:49:00
246bea44,Kotak,insufficient_funds,Visa,1499,2026-08-06T03:50:00
c675b713,Axis,timeout,UPI_AUTOPAY,499,2026-08-06T03:51:00
47b677b4,HDFC,hard_decline,Visa,499,2026-08-06T03:53:00
7ad78ce9,SBI,insufficient_funds,UPI_AUTOPAY,499,2026-08-06T03:57:00
a14626f9,Kotak,timeout,UPI_AUTOPAY,999,2026-08-06T03:58:00
44b614d6,ICICI,issuer_unavailable,RuPay,2999,2026-08-06T03:58:00
a75995ec,ICICI,hard_decline,Visa,199,2026-08-06T04:00:00
1a644d4e,ICICI,timeout,Mastercard,499,2026-08-06T04:01:00
3a557818,SBI,timeout,UPI_AUTOPAY,1499,2026-08-06T04:08:00
8ee53684,ICICI,issuer_unavailable,UPI_AUTOPAY,4999,2026-08-06T04:14:00
e9ca6d22,Axis,issuer_unavailable,Mastercard,299,2026-08-06T04:16:00
db79e93e,Axis,timeout,Mastercard,499,2026-08-06T04:16:00
31e79870,Axis,timeout,UPI_AUTOPAY,299,2026-08-06T04:22:00
09468e07,Kotak,insufficient_funds,RuPay,1499,2026-08-06T04:25:00
37e4359f,ICICI,timeout,Mastercard,2999,2026-08-06T04:27:00
d3f5829a,Axis,insufficient_funds,RuPay,4999,2026-08-06T04:27:00
859f5069,HDFC,issuer_unavailable,UPI_AUTOPAY,299,2026-08-06T04:27:00
37807cb6,SBI,timeout,RuPay,499,2026-08-06T04:30:00
f834cac3,SBI,timeout,UPI_AUTOPAY,499,2026-08-06T04:36:00
6398ede4,Kotak,timeout,UPI_AUTOPAY,999,2026-08-06T04:37:00
ea40c35c,ICICI,hard_decline,UPI_AUTOPAY,4999,2026-08-06T04:42:00
ee609392,HDFC,issuer_unavailable,UPI_AUTOPAY,1499,2026-08-06T04:43:00
a5ed83c6,Kotak,timeout,Visa,499,2026-08-06T04:58:00
2531d3c7,ICICI,issuer_unavailable,RuPay,1499,2026-08-06T05:09:00
1c1e9ad7,SBI,issuer_unavailable,UPI_AUTOPAY,2999,2026-08-06T05:14:00
dc026121,SBI,timeout,UPI_AUTOPAY,199,2026-08-06T05:15:00
74793905,SBI,insufficient_funds,RuPay,199,2026-08-06T05:21:00
3cb9854c,ICICI,insufficient_funds,Visa,999,2026-08-06T05:21:00
6b19ee51,ICICI,timeout,UPI_AUTOPAY,4999,2026-08-06T05:26:00
bafa6594,ICICI,insufficient_funds,Mastercard,2999,2026-08-06T05:34:00
554fc1de,ICICI,hard_decline,Mastercard,4999,2026-08-06T05:37:00
7d62ef3a,HDFC,insufficient_funds,UPI_AUTOPAY,1499,2026-08-06T05:40:00
676f620a,Axis,timeout,UPI_AUTOPAY,1499,2026-08-06T05:44:00
110e5c73,Kotak,insufficient_funds,UPI_AUTOPAY,299,2026-08-06T05:45:00
551b849e,Axis,issuer_unavailable,UPI_AUTOPAY,999,2026-08-06T05:45:00
fcb54c65,Axis,hard_decline,Visa,499,2026-08-06T05:45:00
e68b1ca9,SBI,timeout,RuPay,2999,2026-08-06T05:55:00
61d7c393,HDFC,insufficient_funds,UPI_AUTOPAY,1499,2026-08-06T06:05:00
c8405e19,SBI,timeout,Visa,499,2026-08-06T06:05:00
402e5327,Axis,issuer_unavailable,Mastercard,199,2026-08-06T06:07:00
fbab7426,HDFC,insufficient_funds,RuPay,2999,2026-08-06T06:15:00
e2728f28,ICICI,timeout,RuPay,299,2026-08-06T06:20:00
22a8a176,SBI,insufficient_funds,Mastercard,299,2026-08-06T06:23:00
0e594a9f,ICICI,issuer_unavailable,Visa,199,2026-08-06T06:25:00
41dacdc7,ICICI,hard_decline,Visa,1499,2026-08-06T06:25:00
84afded2,ICICI,timeout,Mastercard,2999,2026-08-06T06:28:00
56059e73,Axis,issuer_unavailable,UPI_AUTOPAY,199,2026-08-06T06:31:00
784c3b68,SBI,timeout,UPI_AUTOPAY,499,2026-08-06T06:39:00
d43296e4,HDFC,timeout,UPI_AUTOPAY,199,2026-08-06T06:43:00
ac421469,Kotak,hard_decline,Mastercard,1499,2026-08-06T06:45:00
16084fd1,HDFC,issuer_unavailable,RuPay,1499,2026-08-06T06:49:00
998b2e1c,Axis,insufficient_funds,UPI_AUTOPAY,1499,2026-08-06T06:55:00
18133887,SBI,hard_decline,UPI_AUTOPAY,4999,2026-08-06T06:56:00
d42a8804,Axis,issuer_unavailable,Mastercard,199,2026-08-06T07:00:00
055027c4,HDFC,hard_decline,UPI_AUTOPAY,299,2026-08-06T07:02:00
39affafc,Axis,hard_decline,Mastercard,299,2026-08-06T07:07:00
f0e46c15,SBI,timeout,UPI_AUTOPAY,199,2026-08-06T07:07:00
7719f6c7,Kotak,insufficient_funds,UPI_AUTOPAY,4999,2026-08-06T07:09:00
a39d2a02,Kotak,hard_decline,Visa,299,2026-08-06T07:10:00
77c1be18,Kotak,issuer_unavailable,UPI_AUTOPAY,4999,2026-08-06T07:10:00
134aa342,SBI,timeout,UPI_AUTOPAY,2999,2026-08-06T07:12:00
980a2d26,SBI,hard_decline,Visa,299,2026-08-06T07:13:00
6388723b,Axis,issuer_unavailable,Visa,2999,2026-08-06T07:15:00
29107dfa,ICICI,insufficient_funds,UPI_AUTOPAY,4999,2026-08-06T07:18:00
1bbc6e71,HDFC,timeout,RuPay,1499,2026-08-06T07:22:00
31853128,Kotak,timeout,Visa,999,2026-08-06T07:23:00
4e9c412e,HDFC,timeout,UPI_AUTOPAY,299,2026-08-06T07:27:00
3f668dec,HDFC,insufficient_funds,UPI_AUTOPAY,299,2026-08-06T07:31:00
b44ab069,SBI,issuer_unavailable,Visa,2999,2026-08-06T07:35:00
5e2f199c,SBI,issuer_unavailable,RuPay,4999,2026-08-06T07:45:00
64d104ab,Axis,insufficient_funds,UPI_AUTOPAY,1499,2026-08-06T07:49:00
6aa7e3c2,ICICI,insufficient_funds,Visa,199,2026-08-06T07:50:00
862a6ff2,ICICI,timeout,UPI_AUTOPAY,999,2026-08-06T07:51:00
e7b323b6,HDFC,timeout,RuPay,299,2026-08-06T07:54:00
f4a36a0b,SBI,insufficient_funds,UPI_AUTOPAY,2999,2026-08-06T07:56:00
c733a381,HDFC,timeout,UPI_AUTOPAY,499,2026-08-06T07:56:00
a7bbaa48,ICICI,hard_decline,Visa,999,2026-08-06T07:57:00
788965a8,Kotak,timeout,Visa,2999,2026-08-06T07:57:00
c52a6c94,HDFC,timeout,Mastercard,2999,2026-08-06T07:57:00
15f43ee2,Axis,insufficient_funds,RuPay,499,2026-08-06T08:04:00
ef78cd43,HDFC,issuer_unavailable,Visa,2999,2026-08-06T08:04:00
87a600dd,Axis,insufficient_funds,UPI_AUTOPAY,4999,2026-08-06T08:06:00
7cb3db33,HDFC,issuer_unavailable,Visa,299,2026-08-06T08:07:00
aad9735e,ICICI,timeout,Visa,499,2026-08-06T08:11:00
752f7e96,Axis,hard_decline,Visa,299,2026-08-06T08:16:00
771e619a,HDFC,insufficient_funds,Mastercard,299,2026-08-06T08:18:00
7f2ca267,ICICI,insufficient_funds,UPI_AUTOPAY,199,2026-08-06T08:21:00
7c874bda,SBI,hard_decline,Mastercard,999,2026-08-06T08:28:00
b7dd9151,SBI,insufficient_funds,Mastercard,499,2026-08-06T08:31:00
0db808f1,SBI,insufficient_funds,UPI_AUTOPAY,499,2026-08-06T08:31:00
d043c4bc,HDFC,issuer_unavailable,RuPay,999,2026-08-06T08:32:00
8b4ac9ea,ICICI,hard_decline,UPI_AUTOPAY,2999,2026-08-06T08:34:00
ee7458a6,ICICI,timeout,UPI_AUTOPAY,2999,2026-08-06T08:35:00
c17bbf41,Axis,timeout,UPI_AUTOPAY,499,2026-08-06T08:37:00
62ab373d,SBI,timeout,UPI_AUTOPAY,1499,2026-08-06T08:42:00
3e47f0d7,SBI,timeout,Mastercard,1499,2026-08-06T08:44:00
c33cfdbb,SBI,timeout,RuPay,199,2026-08-06T08:47:00
0975dc22,Axis,hard_decline,Mastercard,999,2026-08-06T08:49:00
59e63db6,SBI,insufficient_funds,UPI_AUTOPAY,299,2026-08-06T08:53:00
d05c5f60,SBI,insufficient_funds,UPI_AUTOPAY,1499,2026-08-06T08:59:00
574fdc60,Axis,timeout,UPI_AUTOPAY,2999,2026-08-06T08:59:00
5ab27c9f,Kotak,insufficient_funds,UPI_AUTOPAY,4999,2026-08-06T09:01:00
4239f849,Kotak,insufficient_funds,Mastercard,999,2026-08-06T09:03:00
8f95dba9,Kotak,insufficient_funds,UPI_AUTOPAY,1499,2026-08-06T09:09:00
53f38582,ICICI,issuer_unavailable,UPI_AUTOPAY,1499,2026-08-06T09:15:00
62bffbcf,Axis,issuer_unavailable,Visa,4999,2026-08-06T09:18:00
eea7839b,Axis,issuer_unavailable,Mastercard,2999,2026-08-06T09:18:00
82c8fe44,ICICI,insufficient_funds,UPI_AUTOPAY,199,2026-08-06T09:21:00
0783e1af,Axis,timeout,Mastercard,2999,2026-08-06T09:24:00
810f2c09,Kotak,insufficient_funds,Visa,199,2026-08-06T09:25:00
fc716c68,Kotak,issuer_unavailable,RuPay,199,2026-08-06T09:26:00
dc52a578,HDFC,timeout,RuPay,1499,2026-08-06T09:27:00
c475dcfe,Axis,timeout,UPI_AUTOPAY,499,2026-08-06T09:28:00
25d13263,SBI,insufficient_funds,RuPay,199,2026-08-06T09:35:00
1a04b7dc,Kotak,timeout,RuPay,1499,2026-08-06T09:38:00
524e8b73,Axis,insufficient_funds,UPI_AUTOPAY,499,2026-08-06T10:01:00
b9a8ce4a,SBI,hard_decline,RuPay,1499,2026-08-06T10:03:00
a18de526,Axis,issuer_unavailable,Visa,2999,2026-08-06T10:04:00
d60fee99,Axis,insufficient_funds,Visa,299,2026-08-06T10:07:00
47e7751a,Axis,timeout,RuPay,4999,2026-08-06T10:10:00
010d18d7,Axis,insufficient_funds,UPI_AUTOPAY,1499,2026-08-06T10:13:00
668d922b,Kotak,timeout,UPI_AUTOPAY,1499,2026-08-06T10:17:00
f640af5b,Kotak,insufficient_funds,UPI_AUTOPAY,199,2026-08-06T10:22:00
0559fe7f,SBI,timeout,UPI_AUTOPAY,4999,2026-08-06T10:23:00
a8b056ec,ICICI,timeout,RuPay,2999,2026-08-06T10:28:00
12067c59,Axis,insufficient_funds,Visa,1499,2026-08-06T10:29:00
b5bfeb67,SBI,timeout,UPI_AUTOPAY,1499,2026-08-06T10:37:00
02b841a1,Kotak,timeout,UPI_AUTOPAY,499,2026-08-06T10:37:00
2834f930,HDFC,insufficient_funds,Mastercard,299,2026-08-06T10:41:00
017ac6fa,Kotak,timeout,UPI_AUTOPAY,1499,2026-08-06T10:43:00
c684ac59,ICICI,timeout,Visa,299,2026-08-06T10:44:00
7e10760f,SBI,issuer_unavailable,UPI_AUTOPAY,299,2026-08-06T11:01:00
e442d390,HDFC,timeout,Mastercard,499,2026-08-06T11:02:00
5b20f6f1,Axis,hard_decline,UPI_AUTOPAY,499,2026-08-06T11:09:00
ee01c6fe,HDFC,hard_decline,UPI_AUTOPAY,1499,2026-08-06T11:14:00
570720da,SBI,insufficient_funds,RuPay,299,2026-08-06T11:16:00
afda8997,Kotak,issuer_unavailable,RuPay,1499,2026-08-06T11:19:00
07c3c9ff,HDFC,timeout,RuPay,1499,2026-08-06T11:23:00
88c75a1f,Kotak,insufficient_funds,UPI_AUTOPAY,999,2026-08-06T11:25:00
fe3b3114,HDFC,insufficient_funds,UPI_AUTOPAY,2999,2026-08-06T11:30:00
3c07bc36,Kotak,timeout,UPI_AUTOPAY,499,2026-08-06T11:30:00
d867c7d7,SBI,insufficient_funds,Mastercard,499,2026-08-06T11:32:00
ace845aa,Axis,hard_decline,Visa,1499,2026-08-06T11:39:00
00720b17,ICICI,insufficient_funds,Mastercard,499,2026-08-06T11:47:00
cbf426b9,ICICI,insufficient_funds,Visa,1499,2026-08-06T11:49:00
d6876580,Axis,issuer_unavailable,UPI_AUTOPAY,299,2026-08-06T11:50:00
ca14296a,Axis,timeout,UPI_AUTOPAY,199,2026-08-06T12:00:00
dc0cc94f,SBI,issuer_unavailable,RuPay,4999,2026-08-06T12:04:00
b3c655aa,SBI,timeout,UPI_AUTOPAY,2999,2026-08-06T12:08:00
d321b67b,Axis,issuer_unavailable,Visa,499,2026-08-06T12:08:00
ea89227e,HDFC,insufficient_funds,UPI_AUTOPAY,4999,2026-08-06T12:12:00
ac6ab183,SBI,insufficient_funds,UPI_AUTOPAY,4999,2026-08-06T12:17:00
62465b6f,HDFC,timeout,RuPay,4999,2026-08-06T12:21:00
19549eb8,Axis,insufficient_funds,UPI_AUTOPAY,499,2026-08-06T12:21:00
91b77cbe,Axis,timeout,Visa,499,2026-08-06T12:28:00
b3e9a5ce,Kotak,insufficient_funds,RuPay,199,2026-08-06T12:31:00
6a6ee918,Kotak,timeout,UPI_AUTOPAY,2999,2026-08-06T12:32:00
0b64bda1,Kotak,timeout,Visa,199,2026-08-06T12:35:00
8ec7804a,SBI,insufficient_funds,UPI_AUTOPAY,199,2026-08-06T12:37:00
a7b33bb7,Kotak,hard_decline,RuPay,1499,2026-08-06T12:41:00
6bd3608e,ICICI,insufficient_funds,Mastercard,299,2026-08-06T12:46:00
1305684d,Axis,timeout,Mastercard,199,2026-08-06T12:47:00
f7469ed3,SBI,timeout,UPI_AUTOPAY,499,2026-08-06T12:48:00
9b8157d5,ICICI,timeout,RuPay,1499,2026-08-06T12:48:00
76691358,Axis,hard_decline,UPI_AUTOPAY,4999,2026-08-06T12:49:00
da7e7fb7,Kotak,issuer_unavailable,UPI_AUTOPAY,2999,2026-08-06T12:50:00
f63abb6b,Kotak,hard_decline,Visa,299,2026-08-06T12:55:00
4e1cec9c,ICICI,issuer_unavailable,UPI_AUTOPAY,999,2026-08-06T13:01:00
03046a3d,HDFC,hard_decline,UPI_AUTOPAY,499,2026-08-06T13:02:00
517f2b8d,ICICI,insufficient_funds,UPI_AUTOPAY,199,2026-08-06T13:07:00
0c5df45a,ICICI,hard_decline,RuPay,2999,2026-08-06T13:08:00
1f86fea3,Kotak,insufficient_funds,Mastercard,2999,2026-08-06T13:09:00
cbd1caf0,ICICI,issuer_unavailable,UPI_AUTOPAY,499,2026-08-06T13:13:00
0e1c9868,SBI,insufficient_funds,UPI_AUTOPAY,4999,2026-08-06T13:17:00
172f8310,SBI,timeout,UPI_AUTOPAY,2999,2026-08-06T13:20:00
678e1b97,HDFC,timeout,Visa,4999,2026-08-06T13:21:00
382140d4,ICICI,timeout,RuPay,499,2026-08-06T13:25:00
01d11c73,Kotak,timeout,UPI_AUTOPAY,4999,2026-08-06T13:26:00
417c7137,ICICI,timeout,RuPay,1499,2026-08-06T13:26:00
3288eca8,Kotak,timeout,UPI_AUTOPAY,2999,2026-08-06T13:28:00
ece0c198,Axis,hard_decline,Visa,4999,2026-08-06T13:29:00
9b16d13b,Axis,issuer_unavailable,UPI_AUTOPAY,999,2026-08-06T13:30:00
5608ff1d,ICICI,insufficient_funds,UPI_AUTOPAY,199,2026-08-06T13:31:00
d16def0a,Kotak,timeout,RuPay,199,2026-08-06T13:36:00
0cafa49a,HDFC,timeout,RuPay,499,2026-08-06T13:39:00
8a822b1e,ICICI,issuer_unavailable,UPI_AUTOPAY,2999,2026-08-06T13:39:00
e4b9d0be,HDFC,insufficient_funds,Mastercard,4999,2026-08-06T13:40:00
865eaf7c,SBI,issuer_unavailable,Visa,299,2026-08-06T13:42:00
1616fd48,ICICI,hard_decline,Mastercard,4999,2026-08-06T13:43:00
3e08e33d,Kotak,issuer_unavailable,UPI_AUTOPAY,999,2026-08-06T13:47:00
3438935c,HDFC,issuer_unavailable,RuPay,4999,2026-08-06T13:47:00
d7dba2c0,SBI,insufficient_funds,UPI_AUTOPAY,999,2026-08-06T13:48:00
f2e7ca23,Kotak,timeout,UPI_AUTOPAY,4999,2026-08-06T13:52:00
566a9c81,Kotak,issuer_unavailable,Visa,499,2026-08-06T13:54:00
1515cc41,ICICI,insufficient_funds,RuPay,4999,2026-08-06T13:54:00
936ba32a,ICICI,hard_decline,RuPay,999,2026-08-06T13:55:00
604052a6,SBI,timeout,UPI_AUTOPAY,299,2026-08-06T14:07:00
aaef041c,HDFC,insufficient_funds,UPI_AUTOPAY,999,2026-08-06T14:11:00
67723041,ICICI,issuer_unavailable,UPI_AUTOPAY,4999,2026-08-06T14:11:00
8343332b,ICICI,hard_decline,Visa,299,2026-08-06T14:15:00
54db94f1,SBI,hard_decline,Visa,999,2026-08-06T14:16:00
eff97f11,Kotak,timeout,UPI_AUTOPAY,4999,2026-08-06T14:17:00
13c7fd0a,Kotak,insufficient_funds,UPI_AUTOPAY,1499,2026-08-06T14:18:00
f1d6d6a3,Kotak,timeout,UPI_AUTOPAY,999,2026-08-06T14:21:00
880bdb33,Kotak,hard_decline,UPI_AUTOPAY,199,2026-08-06T14:27:00
f8be1ec6,Axis,insufficient_funds,UPI_AUTOPAY,999,2026-08-06T14:28:00
76de3a1b,Axis,timeout,Visa,2999,2026-08-06T14:28:00
efcbc153,SBI,hard_decline,Visa,2999,2026-08-06T14:29:00
b664182b,Axis,hard_decline,Mastercard,4999,2026-08-06T14:29:00
1b3f0000,Axis,timeout,UPI_AUTOPAY,199,2026-08-06T14:36:00
ebda28ba,SBI,insufficient_funds,UPI_AUTOPAY,499,2026-08-06T14:36:00
f6411c39,SBI,insufficient_funds,Mastercard,1499,2026-08-06T14:37:00
84397315,SBI,timeout,UPI_AUTOPAY,1499,2026-08-06T14:40:00
2ebb941d,SBI,insufficient_funds,UPI_AUTOPAY,2999,2026-08-06T14:40:00
208805f8,HDFC,issuer_unavailable,UPI_AUTOPAY,1499,2026-08-06T14:49:00
bc4d8f8c,Kotak,issuer_unavailable,RuPay,2999,2026-08-06T14:52:00
2bfd74e7,Kotak,issuer_unavailable,Visa,4999,2026-08-06T14:52:00
4ef84290,ICICI,insufficient_funds,UPI_AUTOPAY,4999,2026-08-06T15:02:00
398916ca,ICICI,timeout,UPI_AUTOPAY,299,2026-08-06T15:03:00
b191ff62,Axis,timeout,UPI_AUTOPAY,299,2026-08-06T15:03:00
d9c84a6a,ICICI,timeout,Visa,499,2026-08-06T15:05:00
acdb34a1,Axis,hard_decline,UPI_AUTOPAY,999,2026-08-06T15:05:00
68f7f8fe,Axis,hard_decline,RuPay,999,2026-08-06T15:08:00
3f141e17,SBI,hard_decline,UPI_AUTOPAY,2999,2026-08-06T15:09:00
97319bab,HDFC,issuer_unavailable,UPI_AUTOPAY,299,2026-08-06T15:19:00
c5039fd2,Kotak,timeout,RuPay,299,2026-08-06T15:20:00
2ffa2891,SBI,insufficient_funds,UPI_AUTOPAY,2999,2026-08-06T15:20:00
449a684d,Axis,issuer_unavailable,RuPay,199,2026-08-06T15:25:00
d56c99ff,SBI,insufficient_funds,RuPay,199,2026-08-06T15:26:00
b884fdb7,HDFC,insufficient_funds,RuPay,1499,2026-08-06T15:26:00
6c966b2e,ICICI,issuer_unavailable,Visa,2999,2026-08-06T15:27:00
7185f226,HDFC,insufficient_funds,RuPay,299,2026-08-06T15:29:00
b2dd67ab,SBI,timeout,Mastercard,199,2026-08-06T15:31:00
886ee4fd,SBI,issuer_unavailable,RuPay,299,2026-08-06T15:32:00
b6b52859,Kotak,timeout,RuPay,999,2026-08-06T15:37:00
13d4d137,Kotak,timeout,Mastercard,1499,2026-08-06T15:39:00
c03ae8a0,SBI,timeout,Mastercard,299,2026-08-06T15:43:00
53bab70f,Kotak,insufficient_funds,UPI_AUTOPAY,299,2026-08-06T15:46:00
c1e95c80,Kotak,issuer_unavailable,RuPay,1499,2026-08-06T15:47:00
ade849e0,Kotak,issuer_unavailable,RuPay,2999,2026-08-06T15:47:00
fb1012d2,ICICI,issuer_unavailable,UPI_AUTOPAY,1499,2026-08-06T15:51:00
dca3a025,SBI,issuer_unavailable,Mastercard,4999,2026-08-06T16:08:00
6c6f18ee,SBI,issuer_unavailable,Visa,2999,2026-08-06T16:22:00
39de5341,Axis,issuer_unavailable,Visa,499,2026-08-06T16:26:00
fe15596a,SBI,insufficient_funds,Mastercard,999,2026-08-06T16:33:00
3ed80200,Axis,timeout,Mastercard,4999,2026-08-06T16:42:00
c47536dd,ICICI,insufficient_funds,UPI_AUTOPAY,299,2026-08-06T16:46:00
56998604,Axis,timeout,UPI_AUTOPAY,1499,2026-08-06T16:57:00
2491d27b,ICICI,timeout,UPI_AUTOPAY,499,2026-08-06T17:02:00
ab44e57b,Axis,timeout,UPI_AUTOPAY,199,2026-08-06T17:02:00
4848e340,Axis,issuer_unavailable,UPI_AUTOPAY,299,2026-08-06T17:03:00
6f0f1fc3,HDFC,hard_decline,Visa,299,2026-08-06T17:03:00
67d74835,HDFC,insufficient_funds,Mastercard,1499,2026-08-06T17:06:00
0d8be8b1,SBI,timeout,UPI_AUTOPAY,2999,2026-08-06T17:08:00
1c3cfbc1,Axis,hard_decline,UPI_AUTOPAY,199,2026-08-06T17:12:00
62937413,Kotak,timeout,Visa,1499,2026-08-06T17:13:00
5d03e19a,Kotak,timeout,Visa,4999,2026-08-06T17:16:00
862463ae,ICICI,issuer_unavailable,Visa,199,2026-08-06T17:23:00
2126e7a4,HDFC,issuer_unavailable,UPI_AUTOPAY,4999,2026-08-06T17:24:00
db240549,SBI,timeout,UPI_AUTOPAY,4999,2026-08-06T17:27:00
fa4d7e70,SBI,insufficient_funds,UPI_AUTOPAY,2999,2026-08-06T17:33:00
a3822f4a,Axis,insufficient_funds,UPI_AUTOPAY,2999,2026-08-06T17:44:00
243dd898,HDFC,insufficient_funds,UPI_AUTOPAY,499,2026-08-06T17:45:00
1661049d,SBI,issuer_unavailable,Visa,4999,2026-08-06T17:46:00
4918b8e1,Axis,issuer_unavailable,UPI_AUTOPAY,999,2026-08-06T17:51:00
01c98c10,HDFC,timeout,Visa,1499,2026-08-06T17:51:00
f569d303,ICICI,insufficient_funds,UPI_AUTOPAY,1499,2026-08-06T17:57:00
b65a92a6,Kotak,insufficient_funds,Mastercard,999,2026-08-06T17:59:00
0d6eb121,HDFC,timeout,UPI_AUTOPAY,499,2026-08-06T18:02:00
c902da3e,SBI,issuer_unavailable,RuPay,4999,2026-08-06T18:02:00
3975006f,Kotak,timeout,UPI_AUTOPAY,199,2026-08-06T18:03:00
e63d342b,HDFC,hard_decline,Mastercard,4999,2026-08-06T18:05:00
0a72de83,SBI,insufficient_funds,Mastercard,199,2026-08-06T18:07:00
88d584b6,HDFC,insufficient_funds,UPI_AUTOPAY,4999,2026-08-06T18:11:00
f86c4aa9,SBI,insufficient_funds,RuPay,999,2026-08-06T18:17:00
2a5caa2e,Axis,hard_decline,UPI_AUTOPAY,4999,2026-08-06T18:24:00
b98f0cf0,Axis,hard_decline,Mastercard,299,2026-08-06T18:34:00
051893f6,ICICI,timeout,Visa,199,2026-08-06T18:36:00
0ab063f7,ICICI,issuer_unavailable,UPI_AUTOPAY,999,2026-08-06T18:37:00
c9c78f86,Kotak,insufficient_funds,Visa,199,2026-08-06T18:38:00
8e8a154f,HDFC,insufficient_funds,Mastercard,2999,2026-08-06T18:44:00
5414eed3,Kotak,insufficient_funds,UPI_AUTOPAY,499,2026-08-06T18:46:00
9f115bd3,ICICI,insufficient_funds,Visa,499,2026-08-06T18:47:00
a0fe6b50,Axis,insufficient_funds,UPI_AUTOPAY,999,2026-08-06T18:54:00
47581cde,SBI,issuer_unavailable,RuPay,1499,2026-08-06T18:57:00
91f443f5,ICICI,issuer_unavailable,Mastercard,4999,2026-08-06T19:05:00
cd37da6b,SBI,timeout,Visa,4999,2026-08-06T19:06:00
607a2001,ICICI,timeout,Mastercard,299,2026-08-06T19:10:00
93636647,HDFC,timeout,Visa,1499,2026-08-06T19:14:00
1e7db619,SBI,timeout,UPI_AUTOPAY,299,2026-08-06T19:16:00
14ac094b,HDFC,insufficient_funds,UPI_AUTOPAY,4999,2026-08-06T19:18:00
22d11151,HDFC,timeout,RuPay,299,2026-08-06T19:18:00
89e265ad,Kotak,timeout,UPI_AUTOPAY,499,2026-08-06T19:18:00
7f57cd83,HDFC,timeout,UPI_AUTOPAY,4999,2026-08-06T19:19:00
f143e5e4,Kotak,issuer_unavailable,UPI_AUTOPAY,499,2026-08-06T19:19:00
e28bec6b,Axis,timeout,UPI_AUTOPAY,2999,2026-08-06T19:25:00
4d736b00,SBI,timeout,UPI_AUTOPAY,199,2026-08-06T19:36:00
56042e4b,HDFC,timeout,UPI_AUTOPAY,4999,2026-08-06T19:37:00
1d2b3e48,HDFC,timeout,Mastercard,199,2026-08-06T19:37:00
666bf294,ICICI,issuer_unavailable,RuPay,2999,2026-08-06T19:39:00
b188ff59,ICICI,issuer_unavailable,Visa,1499,2026-08-06T19:39:00
9d020631,ICICI,insufficient_funds,Visa,2999,2026-08-06T19:45:00
a08c15a9,Kotak,timeout,UPI_AUTOPAY,299,2026-08-06T19:46:00
3f726352,HDFC,hard_decline,UPI_AUTOPAY,299,2026-08-06T19:52:00
b7f0c9ff,ICICI,insufficient_funds,Visa,4999,2026-08-06T19:54:00
fb1b49ec,Kotak,timeout,UPI_AUTOPAY,4999,2026-08-06T20:10:00
b3a77503,Axis,hard_decline,UPI_AUTOPAY,1499,2026-08-06T20:17:00
b3a3ebb1,Axis,hard_decline,UPI_AUTOPAY,1499,2026-08-06T20:19:00
65591cf4,SBI,timeout,UPI_AUTOPAY,499,2026-08-06T20:22:00
c9a4dc55,SBI,timeout,RuPay,1499,2026-08-06T20:22:00
d89735b6,ICICI,hard_decline,Visa,199,2026-08-06T20:22:00
98445a08,SBI,issuer_unavailable,UPI_AUTOPAY,299,2026-08-06T20:24:00
5387d3cc,HDFC,timeout,Visa,2999,2026-08-06T20:26:00
5a315834,ICICI,hard_decline,RuPay,199,2026-08-06T20:27:00
2d1e171c,SBI,hard_decline,UPI_AUTOPAY,2999,2026-08-06T20:33:00
6a689dae,SBI,timeout,UPI_AUTOPAY,299,2026-08-06T20:36:00
b8b1e4f3,Axis,timeout,Mastercard,2999,2026-08-06T20:38:00
f347b1d6,HDFC,insufficient_funds,RuPay,299,2026-08-06T20:40:00
dd26bd54,SBI,insufficient_funds,UPI_AUTOPAY,4999,2026-08-06T20:43:00
a598fbe9,Kotak,timeout,Mastercard,199,2026-08-06T20:48:00
7e22f3f6,ICICI,timeout,RuPay,999,2026-08-06T20:48:00
5e95dcf8,SBI,insufficient_funds,UPI_AUTOPAY,2999,2026-08-06T20:49:00
d9c6cf76,SBI,hard_decline,UPI_AUTOPAY,1499,2026-08-06T20:50:00
5d165c69,HDFC,issuer_unavailable,Visa,499,2026-08-06T20:51:00
1d75b32d,Kotak,timeout,RuPay,999,2026-08-06T20:51:00
208d4f33,SBI,hard_decline,Visa,299,2026-08-06T21:03:00
e4c688fd,Axis,insufficient_funds,Visa,999,2026-08-06T21:06:00
09486208,SBI,timeout,UPI_AUTOPAY,299,2026-08-06T21:07:00
619b4b02,ICICI,insufficient_funds,RuPay,4999,2026-08-06T21:08:00
b6e0e243,Kotak,insufficient_funds,UPI_AUTOPAY,499,2026-08-06T21:09:00
aecb8ece,Axis,issuer_unavailable,UPI_AUTOPAY,499,2026-08-06T21:10:00
a06e2a60,SBI,insufficient_funds,UPI_AUTOPAY,2999,2026-08-06T21:11:00
a257c4fa,SBI,insufficient_funds,UPI_AUTOPAY,499,2026-08-06T21:17:00
361cdb20,ICICI,timeout,RuPay,2999,2026-08-06T21:21:00
7541378d,HDFC,timeout,UPI_AUTOPAY,1499,2026-08-06T21:23:00
d38ea327,Kotak,issuer_unavailable,UPI_AUTOPAY,299,2026-08-06T21:26:00
b113ca5e,ICICI,insufficient_funds,RuPay,199,2026-08-06T21:29:00
70ca92ca,Kotak,insufficient_funds,Visa,199,2026-08-06T21:37:00
4cf0138a,Kotak,insufficient_funds,UPI_AUTOPAY,499,2026-08-06T21:41:00
eaee62ba,Kotak,hard_decline,Mastercard,1499,2026-08-06T21:43:00
d748ef3f,ICICI,issuer_unavailable,UPI_AUTOPAY,199,2026-08-06T21:44:00
fbbda431,HDFC,timeout,Visa,999,2026-08-06T21:49:00
535b938f,HDFC,insufficient_funds,UPI_AUTOPAY,2999,2026-08-06T21:50:00
eca7647a,SBI,insufficient_funds,UPI_AUTOPAY,199,2026-08-06T21:54:00
50d80317,Kotak,timeout,RuPay,2999,2026-08-06T21:59:00
2facbada,Kotak,insufficient_funds,UPI_AUTOPAY,2999,2026-08-06T22:02:00
cc2ef50a,Axis,insufficient_funds,UPI_AUTOPAY,1499,2026-08-06T22:05:00
7d72c7e7,HDFC,issuer_unavailable,Visa,499,2026-08-06T22:08:00
7af02252,SBI,issuer_unavailable,UPI_AUTOPAY,999,2026-08-06T22:10:00
b46c641d,SBI,insufficient_funds,UPI_AUTOPAY,299,2026-08-06T22:10:00
510235b3,HDFC,issuer_unavailable,RuPay,2999,2026-08-06T22:11:00
5d6ef7b7,SBI,insufficient_funds,UPI_AUTOPAY,299,2026-08-06T22:13:00
c62d91b0,ICICI,insufficient_funds,RuPay,1499,2026-08-06T22:15:00
dd2d46c7,ICICI,timeout,Visa,499,2026-08-06T22:16:00
1a177c61,Axis,hard_decline,Visa,1499,2026-08-06T22:17:00
8707d847,SBI,issuer_unavailable,Visa,499,2026-08-06T22:20:00
42b08a92,ICICI,hard_decline,UPI_AUTOPAY,999,2026-08-06T22:24:00
245ec061,ICICI,timeout,Visa,999,2026-08-06T22:24:00
89559d1e,Axis,issuer_unavailable,UPI_AUTOPAY,499,2026-08-06T22:27:00
3c472e1d,SBI,issuer_unavailable,RuPay,199,2026-08-06T22:28:00
e9d5c5d2,SBI,timeout,UPI_AUTOPAY,299,2026-08-06T22:37:00
be19a547,Axis,insufficient_funds,Visa,199,2026-08-06T22:39:00
fb2ab71e,HDFC,insufficient_funds,Visa,4999,2026-08-06T22:39:00
20b08749,HDFC,insufficient_funds,UPI_AUTOPAY,2999,2026-08-06T22:41:00
0749edde,Kotak,issuer_unavailable,Mastercard,299,2026-08-06T22:43:00
5e766ade,ICICI,timeout,RuPay,299,2026-08-06T22:44:00
d774d769,Kotak,issuer_unavailable,Mastercard,1499,2026-08-06T22:46:00
f6ffa39b,Kotak,insufficient_funds,Mastercard,999,2026-08-06T22:46:00
4dfd389d,SBI,timeout,UPI_AUTOPAY,199,2026-08-06T22:49:00
6edb8c02,Axis,issuer_unavailable,UPI_AUTOPAY,4999,2026-08-06T22:50:00
b54aa0d7,Axis,issuer_unavailable,UPI_AUTOPAY,199,2026-08-06T22:51:00
a32332b4,SBI,issuer_unavailable,RuPay,4999,2026-08-06T22:52:00
8f8e782f,SBI,insufficient_funds,Mastercard,4999,2026-08-06T22:53:00
1cd68174,Kotak,timeout,UPI_AUTOPAY,999,2026-08-06T22:56:00
289473c7,SBI,hard_decline,UPI_AUTOPAY,299,2026-08-06T22:57:00
badcd916,SBI,timeout,UPI_AUTOPAY,299,2026-08-06T22:57:00
1eb44bcc,ICICI,insufficient_funds,UPI_AUTOPAY,1499,2026-08-06T22:57:00
aafe148e,SBI,insufficient_funds,UPI_AUTOPAY,199,2026-08-06T23:00:00
c0e2dc71,Kotak,issuer_unavailable,UPI_AUTOPAY,2999,2026-08-06T23:05:00
7a4a3bf5,Axis,issuer_unavailable,Visa,2999,2026-08-06T23:06:00
4132871f,Axis,timeout,UPI_AUTOPAY,199,2026-08-06T23:07:00
f322a40c,SBI,hard_decline,Visa,499,2026-08-06T23:08:00
887ac7d9,SBI,issuer_unavailable,UPI_AUTOPAY,2999,2026-08-06T23:08:00
9d63ca75,ICICI,issuer_unavailable,UPI_AUTOPAY,299,2026-08-06T23:09:00
4021a510,Axis,timeout,UPI_AUTOPAY,1499,2026-08-06T23:15:00
c2233a8f,HDFC,issuer_unavailable,UPI_AUTOPAY,499,2026-08-06T23:16:00
364332e2,Axis,timeout,UPI_AUTOPAY,999,2026-08-06T23:24:00
5be8fcf8,Axis,issuer_unavailable,UPI_AUTOPAY,999,2026-08-06T23:24:00
7c5639ab,ICICI,hard_decline,UPI_AUTOPAY,199,2026-08-06T23:29:00
6485aaca,Kotak,insufficient_funds,Mastercard,499,2026-08-06T23:29:00
69dbf69f,Axis,hard_decline,Visa,2999,2026-08-06T23:34:00
3b466fa4,Kotak,timeout,UPI_AUTOPAY,2999,2026-08-06T23:35:00
6ace5c31,Axis,timeout,Visa,499,2026-08-06T23:39:00
f7cde04e,SBI,timeout,Visa,499,2026-08-06T23:40:00
620b3af1,Kotak,insufficient_funds,UPI_AUTOPAY,999,2026-08-06T23:46:00
ba0728ae,HDFC,issuer_unavailable,Mastercard,2999,2026-08-06T23:46:00
35647735,Kotak,insufficient_funds,UPI_AUTOPAY,499,2026-08-06T23:48:00
1594a557,Kotak,insufficient_funds,Mastercard,2999,2026-08-06T23:52:00
1d15a3a3,SBI,insufficient_funds,Visa,2999,2026-08-07T00:02:00
8f241a90,Axis,timeout,Visa,199,2026-08-07T00:03:00
847af4e8,Kotak,timeout,Visa,499,2026-08-07T00:05:00
87d8faa9,ICICI,hard_decline,Visa,299,2026-08-07T00:06:00
0eeb60c1,Kotak,insufficient_funds,UPI_AUTOPAY,299,2026-08-07T00:08:00
4a690a1d,Kotak,issuer_unavailable,UPI_AUTOPAY,299,2026-08-07T00:08:00
c16abbb9,Kotak,insufficient_funds,UPI_AUTOPAY,299,2026-08-07T00:10:00
2da408bd,HDFC,issuer_unavailable,RuPay,499,2026-08-07T00:10:00
0cc27103,SBI,insufficient_funds,RuPay,4999,2026-08-07T00:16:00
e8fab149,Kotak,timeout,Visa,4999,2026-08-07T00:20:00
f6f2b856,Kotak,hard_decline,Mastercard,199,2026-08-07T00:21:00
86227e4f,SBI,timeout,UPI_AUTOPAY,199,2026-08-07T00:21:00
80644a94,ICICI,insufficient_funds,RuPay,199,2026-08-07T00:23:00
f3cd6e16,Axis,issuer_unavailable,Visa,199,2026-08-07T00:25:00
de039adf,SBI,insufficient_funds,Visa,2999,2026-08-07T00:33:00
529ddf70,ICICI,insufficient_funds,RuPay,1499,2026-08-07T00:33:00
f9d2abd1,Axis,insufficient_funds,UPI_AUTOPAY,4999,2026-08-07T00:34:00
2b4fd6fb,ICICI,hard_decline,UPI_AUTOPAY,999,2026-08-07T00:36:00
3b0d0e6e,ICICI,timeout,RuPay,2999,2026-08-07T00:37:00
a5e8be0a,Kotak,timeout,UPI_AUTOPAY,999,2026-08-07T00:41:00
da8f4ce8,Kotak,issuer_unavailable,UPI_AUTOPAY,499,2026-08-07T00:44:00
46256b9f,ICICI,hard_decline,UPI_AUTOPAY,299,2026-08-07T00:44:00
c4a2cefd,Axis,issuer_unavailable,Visa,199,2026-08-07T00:47:00
ad133062,ICICI,issuer_unavailable,UPI_AUTOPAY,1499,2026-08-07T00:47:00
9df0a78d,Kotak,timeout,UPI_AUTOPAY,4999,2026-08-07T00:47:00
acdab110,Kotak,insufficient_funds,UPI_AUTOPAY,2999,2026-08-07T00:51:00
dfef8f40,Kotak,insufficient_funds,UPI_AUTOPAY,299,2026-08-07T00:52:00
b0464d46,Kotak,insufficient_funds,Mastercard,199,2026-08-07T01:05:00
e5e08e5e,Axis,issuer_unavailable,UPI_AUTOPAY,499,2026-08-07T01:05:00
9b2241e6,ICICI,insufficient_funds,Mastercard,299,2026-08-07T01:06:00
45f02fab,HDFC,issuer_unavailable,UPI_AUTOPAY,1499,2026-08-07T01:08:00
00b31a72,ICICI,timeout,RuPay,999,2026-08-07T01:12:00
a918d282,HDFC,timeout,UPI_AUTOPAY,299,2026-08-07T01:22:00
aeb4f7e0,Axis,issuer_unavailable,Mastercard,999,2026-08-07T01:26:00
3fe61431,Axis,insufficient_funds,UPI_AUTOPAY,299,2026-08-07T01:35:00
56b84d9d,Axis,insufficient_funds,UPI_AUTOPAY,4999,2026-08-07T01:35:00
adc4f5c0,SBI,insufficient_funds,UPI_AUTOPAY,4999,2026-08-07T01:37:00
d8071d53,HDFC,timeout,RuPay,1499,2026-08-07T01:42:00
dfb760a0,ICICI,issuer_unavailable,Visa,999,2026-08-07T01:46:00
7c898d93,HDFC,insufficient_funds,UPI_AUTOPAY,2999,2026-08-07T01:48:00
a276c20c,ICICI,insufficient_funds,UPI_AUTOPAY,299,2026-08-07T01:49:00
1b52b275,ICICI,hard_decline,UPI_AUTOPAY,299,2026-08-07T01:53:00
e7878921,Axis,issuer_unavailable,RuPay,299,2026-08-07T01:54:00
50e5e29c,Axis,timeout,UPI_AUTOPAY,1499,2026-08-07T01:55:00
c17c934d,Axis,insufficient_funds,RuPay,2999,2026-08-07T02:02:00
59a43ba6,Axis,insufficient_funds,UPI_AUTOPAY,999,2026-08-07T02:03:00
a34a1ae7,Axis,insufficient_funds,UPI_AUTOPAY,199,2026-08-07T02:06:00
27fc0523,Axis,issuer_unavailable,UPI_AUTOPAY,4999,2026-08-07T02:08:00
139bb19d,ICICI,timeout,Visa,999,2026-08-07T02:08:00
88449c69,SBI,timeout,Mastercard,499,2026-08-07T02:09:00
a2bf3aea,Kotak,hard_decline,UPI_AUTOPAY,1499,2026-08-07T02:12:00
124378d6,ICICI,insufficient_funds,UPI_AUTOPAY,299,2026-08-07T02:13:00
c7d414d1,ICICI,hard_decline,UPI_AUTOPAY,2999,2026-08-07T02:15:00
5deba97d,ICICI,insufficient_funds,RuPay,499,2026-08-07T02:17:00
319db5b7,HDFC,timeout,Visa,4999,2026-08-07T02:18:00
88fffe91,SBI,timeout,UPI_AUTOPAY,999,2026-08-07T02:20:00
340c5861,ICICI,insufficient_funds,RuPay,199,2026-08-07T02:24:00
6fe21917,Kotak,timeout,UPI_AUTOPAY,499,2026-08-07T02:24:00
d4faad00,Axis,timeout,Visa,499,2026-08-07T02:27:00
92c999b9,Axis,issuer_unavailable,UPI_AUTOPAY,4999,2026-08-07T02:27:00
6cb769c9,SBI,insufficient_funds,UPI_AUTOPAY,299,2026-08-07T02:29:00
607feed5,Kotak,insufficient_funds,Visa,2999,2026-08-07T02:31:00
60356fa1,SBI,insufficient_funds,UPI_AUTOPAY,4999,2026-08-07T02:35:00
4ddfa9e2,Kotak,hard_decline,UPI_AUTOPAY,499,2026-08-07T02:40:00
9deebb05,Axis,insufficient_funds,UPI_AUTOPAY,999,2026-08-07T02:45:00
f3db1fb9,Axis,insufficient_funds,Visa,199,2026-08-07T02:47:00
7e1784e4,HDFC,insufficient_funds,UPI_AUTOPAY,4999,2026-08-07T02:48:00
19bd6702,Kotak,issuer_unavailable,RuPay,1499,2026-08-07T02:48:00
8c0650fa,Kotak,timeout,UPI_AUTOPAY,999,2026-08-07T02:50:00
5bbee61b,Kotak,timeout,UPI_AUTOPAY,199,2026-08-07T02:55:00
9d05a8e3,Axis,issuer_unavailable,RuPay,299,2026-08-07T02:56:00
6402fddb,HDFC,issuer_unavailable,UPI_AUTOPAY,199,2026-08-07T02:56:00
f332afa5,SBI,timeout,UPI_AUTOPAY,4999,2026-08-07T03:01:00
ce851905,Kotak,issuer_unavailable,UPI_AUTOPAY,199,2026-08-07T03:06:00
73292cad,HDFC,issuer_unavailable,Visa,299,2026-08-07T03:09:00
12a22496,Axis,insufficient_funds,Mastercard,2999,2026-08-07T03:11:00
0e4d95c2,ICICI,timeout,Visa,2999,2026-08-07T03:14:00
becce2b5,SBI,timeout,RuPay,1499,2026-08-07T03:15:00
4bbc7f4a,ICICI,insufficient_funds,Visa,299,2026-08-07T03:16:00
926b1021,ICICI,timeout,UPI_AUTOPAY,499,2026-08-07T03:19:00
0c46763e,Axis,timeout,UPI_AUTOPAY,999,2026-08-07T03:22:00
bdbb6d0a,ICICI,hard_decline,UPI_AUTOPAY,999,2026-08-07T03:27:00
3f5698d5,Kotak,issuer_unavailable,Visa,199,2026-08-07T03:31:00
ec125f76,HDFC,hard_decline,UPI_AUTOPAY,299,2026-08-07T03:31:00
8d2bdbf8,ICICI,hard_decline,RuPay,499,2026-08-07T03:33:00
257a6a7d,HDFC,hard_decline,Visa,299,2026-08-07T03:34:00
cadc3f1f,Axis,timeout,RuPay,999,2026-08-07T03:35:00
2741079c,HDFC,insufficient_funds,Visa,499,2026-08-07T03:35:00
025aab01,HDFC,timeout,UPI_AUTOPAY,499,2026-08-07T03:36:00
0f8d2163,ICICI,issuer_unavailable,UPI_AUTOPAY,199,2026-08-07T03:41:00
c4c41101,Kotak,timeout,Visa,2999,2026-08-07T03:45:00
d12e56eb,HDFC,insufficient_funds,Visa,4999,2026-08-07T03:45:00
938636a4,ICICI,timeout,UPI_AUTOPAY,199,2026-08-07T03:50:00
c942360b,Axis,timeout,UPI_AUTOPAY,499,2026-08-07T03:55:00
1f5e7d50,ICICI,timeout,Visa,999,2026-08-07T03:58:00
639a7548,ICICI,insufficient_funds,RuPay,999,2026-08-07T04:01:00
da529447,HDFC,timeout,Mastercard,4999,2026-08-07T04:03:00
87420838,SBI,hard_decline,RuPay,2999,2026-08-07T04:04:00
2b9c97d3,Kotak,timeout,UPI_AUTOPAY,199,2026-08-07T04:06:00
2c61acff,ICICI,insufficient_funds,Visa,4999,2026-08-07T04:07:00
f39fc8a4,ICICI,hard_decline,UPI_AUTOPAY,299,2026-08-07T04:08:00
53e15540,Axis,insufficient_funds,RuPay,499,2026-08-07T04:13:00
c78f756b,HDFC,timeout,UPI_AUTOPAY,499,2026-08-07T04:18:00
bdb77182,Kotak,hard_decline,UPI_AUTOPAY,299,2026-08-07T04:25:00
87aea68d,ICICI,timeout,Mastercard,499,2026-08-07T04:27:00
103622cf,HDFC,hard_decline,UPI_AUTOPAY,2999,2026-08-07T04:29:00
4f28b3d1,SBI,timeout,UPI_AUTOPAY,299,2026-08-07T04:29:00
68c2f8ff,Kotak,insufficient_funds,RuPay,499,2026-08-07T04:37:00
f40a6090,ICICI,insufficient_funds,Visa,999,2026-08-07T04:43:00
70c5587d,ICICI,timeout,Mastercard,299,2026-08-07T04:48:00
bfc6fcd9,ICICI,timeout,Mastercard,4999,2026-08-07T04:49:00
09780107,ICICI,insufficient_funds,RuPay,299,2026-08-07T04:56:00
123e5c4f,SBI,hard_decline,UPI_AUTOPAY,1499,2026-08-07T04:57:00
c7b9af8c,SBI,issuer_unavailable,Visa,4999,2026-08-07T04:59:00
94930b3f,Kotak,timeout,RuPay,2999,2026-08-07T05:02:00
7b9ede60,ICICI,hard_decline,UPI_AUTOPAY,1499,2026-08-07T05:07:00
7d2467ec,ICICI,insufficient_funds,UPI_AUTOPAY,2999,2026-08-07T05:16:00
290829d9,HDFC,issuer_unavailable,RuPay,999,2026-08-07T05:27:00
a7fcddd6,ICICI,insufficient_funds,UPI_AUTOPAY,999,2026-08-07T05:28:00
5e572fbe,Kotak,insufficient_funds,UPI_AUTOPAY,299,2026-08-07T05:32:00
4ad830dc,ICICI,timeout,Visa,999,2026-08-07T05:33:00
a2b7cf9b,HDFC,insufficient_funds,RuPay,299,2026-08-07T05:34:00
5c087c62,SBI,timeout,Visa,499,2026-08-07T05:35:00
5032d1c2,HDFC,hard_decline,UPI_AUTOPAY,4999,2026-08-07T05:42:00
c87d8bf7,ICICI,timeout,UPI_AUTOPAY,1499,2026-08-07T05:44:00
3b041a0c,Axis,timeout,RuPay,4999,2026-08-07T05:44:00
50be7930,HDFC,timeout,Visa,1499,2026-08-07T05:46:00
8e8f7fb0,SBI,timeout,Visa,299,2026-08-07T05:48:00
9c308900,SBI,timeout,UPI_AUTOPAY,499,2026-08-07T05:48:00
b452c315,ICICI,insufficient_funds,RuPay,4999,2026-08-07T05:51:00
a877e90d,Kotak,issuer_unavailable,Visa,1499,2026-08-07T05:54:00
e7357db4,Kotak,issuer_unavailable,UPI_AUTOPAY,999,2026-08-07T05:56:00
52d3742e,SBI,hard_decline,UPI_AUTOPAY,499,2026-08-07T05:58:00
33f9a845,ICICI,issuer_unavailable,UPI_AUTOPAY,1499,2026-08-07T05:59:00
848af9c1,HDFC,insufficient_funds,UPI_AUTOPAY,199,2026-08-07T06:01:00
33c439d8,Axis,insufficient_funds,RuPay,1499,2026-08-07T06:01:00
34d831d2,HDFC,hard_decline,UPI_AUTOPAY,299,2026-08-07T06:02:00
c1ed9b65,Kotak,insufficient_funds,Mastercard,299,2026-08-07T06:02:00
1f114590,HDFC,timeout,UPI_AUTOPAY,199,2026-08-07T06:07:00
f3f8258d,Kotak,insufficient_funds,UPI_AUTOPAY,299,2026-08-07T06:08:00
aaed4343,SBI,insufficient_funds,Mastercard,299,2026-08-07T06:11:00
842868c8,HDFC,timeout,UPI_AUTOPAY,1499,2026-08-07T06:12:00
aa561146,SBI,issuer_unavailable,UPI_AUTOPAY,199,2026-08-07T06:14:00
7e919a56,Axis,insufficient_funds,UPI_AUTOPAY,999,2026-08-07T06:15:00
821f3df0,Axis,timeout,Visa,299,2026-08-07T06:15:00
27cd4696,HDFC,timeout,Visa,1499,2026-08-07T06:16:00
25ec804e,HDFC,timeout,UPI_AUTOPAY,299,2026-08-07T06:22:00
bc2efc75,SBI,hard_decline,Mastercard,299,2026-08-07T06:32:00
2d16bdba,SBI,timeout,UPI_AUTOPAY,1499,2026-08-07T06:37:00
da87eee1,Axis,insufficient_funds,Mastercard,499,2026-08-07T06:40:00
9bb411a0,Axis,hard_decline,RuPay,2999,2026-08-07T06:41:00
618fe012,Axis,hard_decline,RuPay,2999,2026-08-07T06:42:00
f632d497,Kotak,insufficient_funds,UPI_AUTOPAY,499,2026-08-07T06:46:00
620a68a4,ICICI,timeout,Visa,199,2026-08-07T06:47:00
4f5425e0,ICICI,timeout,UPI_AUTOPAY,2999,2026-08-07T06:52:00
b05cdc9b,ICICI,timeout,RuPay,4999,2026-08-07T06:59:00
eae6eda9,SBI,timeout,UPI_AUTOPAY,499,2026-08-07T07:00:00
d910b34a,HDFC,issuer_unavailable,Visa,499,2026-08-07T07:03:00
41a33218,Kotak,issuer_unavailable,Visa,2999,2026-08-07T07:07:00
fbe29d06,Axis,issuer_unavailable,Visa,1499,2026-08-07T07:08:00
8c811214,ICICI,insufficient_funds,Mastercard,1499,2026-08-07T07:09:00
1ee16156,Axis,hard_decline,RuPay,299,2026-08-07T07:16:00
5ddf9bd8,HDFC,insufficient_funds,UPI_AUTOPAY,299,2026-08-07T07:23:00
aa439409,SBI,insufficient_funds,UPI_AUTOPAY,4999,2026-08-07T07:24:00
f1eb4f5f,ICICI,issuer_unavailable,UPI_AUTOPAY,999,2026-08-07T07:28:00
2f127303,ICICI,insufficient_funds,RuPay,1499,2026-08-07T07:28:00
35f5cd80,SBI,insufficient_funds,UPI_AUTOPAY,199,2026-08-07T07:35:00
71c819bf,HDFC,hard_decline,RuPay,199,2026-08-07T07:35:00
d21c6371,Axis,insufficient_funds,Mastercard,199,2026-08-07T07:40:00
e1a828db,ICICI,insufficient_funds,UPI_AUTOPAY,1499,2026-08-07T07:48:00
9d591ea4,Axis,insufficient_funds,RuPay,499,2026-08-07T07:50:00
24209ad4,ICICI,insufficient_funds,Visa,2999,2026-08-07T07:53:00
2fc6d6ed,Axis,insufficient_funds,Mastercard,199,2026-08-07T07:57:00
7734f823,Axis,hard_decline,UPI_AUTOPAY,1499,2026-08-07T07:57:00
7835d6e7,SBI,issuer_unavailable,UPI_AUTOPAY,999,2026-08-07T07:58:00
3d897918,Kotak,timeout,RuPay,999,2026-08-07T08:02:00
b3ddb3ee,HDFC,timeout,Mastercard,299,2026-08-07T08:10:00
da70876c,ICICI,timeout,UPI_AUTOPAY,1499,2026-08-07T08:13:00
5b3d92b1,HDFC,insufficient_funds,Visa,1499,2026-08-07T08:13:00
63860f5c,SBI,issuer_unavailable,Visa,199,2026-08-07T08:17:00
342c393b,Kotak,timeout,UPI_AUTOPAY,1499,2026-08-07T08:17:00
61cddfc2,Axis,issuer_unavailable,UPI_AUTOPAY,4999,2026-08-07T08:21:00
4bc7bfa2,SBI,insufficient_funds,Visa,999,2026-08-07T08:25:00
c423a494,Kotak,issuer_unavailable,UPI_AUTOPAY,199,2026-08-07T08:30:00
d2a79556,ICICI,timeout,Mastercard,999,2026-08-07T08:31:00
4ebdd28d,HDFC,issuer_unavailable,UPI_AUTOPAY,1499,2026-08-07T08:33:00
b0ce5f1e,HDFC,insufficient_funds,RuPay,4999,2026-08-07T08:37:00
89a3e42f,SBI,issuer_unavailable,UPI_AUTOPAY,2999,2026-08-07T08:40:00
d0da6ce6,HDFC,timeout,Visa,2999,2026-08-07T08:43:00
fef7878a,ICICI,insufficient_funds,UPI_AUTOPAY,4999,2026-08-07T08:49:00
dcf73e2b,SBI,insufficient_funds,Mastercard,2999,2026-08-07T08:50:00
2f92bdc8,Kotak,hard_decline,Visa,4999,2026-08-07T08:50:00
d0f2add2,SBI,insufficient_funds,UPI_AUTOPAY,999,2026-08-07T08:51:00
a44645cf,SBI,insufficient_funds,Visa,499,2026-08-07T08:51:00
d7f3981e,Axis,insufficient_funds,UPI_AUTOPAY,999,2026-08-07T08:54:00
29f9ac53,Kotak,insufficient_funds,Visa,4999,2026-08-07T09:00:00
6afcab81,Kotak,insufficient_funds,Visa,299,2026-08-07T09:01:00
c4dbb29a,Axis,timeout,RuPay,999,2026-08-07T09:07:00
785cd6f6,Axis,timeout,UPI_AUTOPAY,1499,2026-08-07T09:09:00
27a69d76,Axis,issuer_unavailable,UPI_AUTOPAY,4999,2026-08-07T09:14:00
c620bcec,HDFC,timeout,RuPay,199,2026-08-07T09:19:00
40907c05,HDFC,insufficient_funds,UPI_AUTOPAY,2999,2026-08-07T09:26:00
0a5abd77,HDFC,timeout,RuPay,1499,2026-08-07T09:26:00
57431f2a,SBI,hard_decline,UPI_AUTOPAY,999,2026-08-07T09:28:00
b87a9f01,ICICI,hard_decline,RuPay,499,2026-08-07T09:34:00
8cb9fed0,ICICI,insufficient_funds,UPI_AUTOPAY,999,2026-08-07T09:36:00
74e2b448,HDFC,timeout,UPI_AUTOPAY,1499,2026-08-07T09:42:00
b073d30f,HDFC,issuer_unavailable,RuPay,499,2026-08-07T09:48:00
a96684ce,ICICI,insufficient_funds,Visa,999,2026-08-07T09:48:00
ebf6f6a4,HDFC,issuer_unavailable,UPI_AUTOPAY,2999,2026-08-07T09:49:00
ba279b06,HDFC,timeout,UPI_AUTOPAY,999,2026-08-07T09:50:00
9f0f1900,Axis,issuer_unavailable,Mastercard,299,2026-08-07T09:50:00
4ffbfb1c,Axis,hard_decline,Mastercard,299,2026-08-07T09:53:00
da8f0b44,HDFC,insufficient_funds,UPI_AUTOPAY,199,2026-08-07T09:53:00
178e74c7,SBI,issuer_unavailable,RuPay,999,2026-08-07T09:55:00
4b4bd5e1,HDFC,hard_decline,UPI_AUTOPAY,1499,2026-08-07T09:58:00
c6026221,ICICI,timeout,UPI_AUTOPAY,999,2026-08-07T10:00:00
6c33b464,SBI,insufficient_funds,Visa,199,2026-08-07T10:06:00
d05eb79d,ICICI,issuer_unavailable,UPI_AUTOPAY,1499,2026-08-07T10:10:00
575d3dd6,HDFC,insufficient_funds,RuPay,4999,2026-08-07T10:10:00
1792a3ae,ICICI,hard_decline,Visa,4999,2026-08-07T10:12:00
d45c1dff,HDFC,hard_decline,RuPay,1499,2026-08-07T10:12:00
a10cc054,SBI,issuer_unavailable,Mastercard,1499,2026-08-07T10:13:00
6a7e8200,Kotak,hard_decline,Mastercard,2999,2026-08-07T10:16:00
92010d21,Kotak,hard_decline,UPI_AUTOPAY,4999,2026-08-07T10:16:00
ade41348,Kotak,issuer_unavailable,Mastercard,999,2026-08-07T10:18:00
63787cce,SBI,timeout,Mastercard,4999,2026-08-07T10:22:00
87ecf00f,Axis,insufficient_funds,UPI_AUTOPAY,1499,2026-08-07T10:24:00
c3d19ea7,SBI,insufficient_funds,RuPay,1499,2026-08-07T10:45:00
a24986b8,Kotak,timeout,RuPay,4999,2026-08-07T10:48:00
c1a455b7,HDFC,issuer_unavailable,Visa,499,2026-08-07T10:50:00
c4d7718c,SBI,insufficient_funds,Mastercard,999,2026-08-07T10:50:00
959265d2,Kotak,insufficient_funds,UPI_AUTOPAY,2999,2026-08-07T10:51:00
361cfd6e,SBI,insufficient_funds,UPI_AUTOPAY,499,2026-08-07T10:59:00
78e51d9f,ICICI,timeout,Mastercard,2999,2026-08-07T10:59:00
24783f1a,ICICI,timeout,UPI_AUTOPAY,999,2026-08-07T10:59:00
af16a757,ICICI,timeout,Mastercard,2999,2026-08-07T11:01:00
03db2588,Kotak,timeout,UPI_AUTOPAY,199,2026-08-07T11:04:00
ff368d81,ICICI,issuer_unavailable,Visa,1499,2026-08-07T11:05:00
d2dee85f,HDFC,timeout,UPI_AUTOPAY,999,2026-08-07T11:09:00
ec06026b,HDFC,insufficient_funds,UPI_AUTOPAY,2999,2026-08-07T11:10:00
af48b5c4,Axis,insufficient_funds,UPI_AUTOPAY,4999,2026-08-07T11:10:00
ea0c987a,Kotak,insufficient_funds,Mastercard,199,2026-08-07T11:11:00
5d43aee8,HDFC,timeout,UPI_AUTOPAY,4999,2026-08-07T11:11:00
70fab6c1,SBI,timeout,RuPay,4999,2026-08-07T11:14:00
65227a04,Axis,insufficient_funds,UPI_AUTOPAY,199,2026-08-07T11:18:00
c40f97d3,HDFC,timeout,UPI_AUTOPAY,199,2026-08-07T11:23:00
174b7c2c,HDFC,insufficient_funds,RuPay,4999,2026-08-07T11:28:00
11c50d0a,Axis,insufficient_funds,Mastercard,4999,2026-08-07T11:30:00
1942d94e,SBI,timeout,Visa,299,2026-08-07T11:43:00
b50d1977,ICICI,timeout,Visa,4999,2026-08-07T11:48:00
b5a96c8f,Axis,insufficient_funds,UPI_AUTOPAY,299,2026-08-07T11:49:00
dc92633f,ICICI,timeout,RuPay,1499,2026-08-07T11:50:00
b595350e,HDFC,insufficient_funds,UPI_AUTOPAY,199,2026-08-07T11:59:00
678fda71,Kotak,timeout,Mastercard,499,2026-08-07T12:00:00
945b3762,Kotak,timeout,Mastercard,299,2026-08-07T12:00:00
0867bb8d,Kotak,issuer_unavailable,UPI_AUTOPAY,199,2026-08-07T12:04:00
402d63bb,SBI,issuer_unavailable,Mastercard,499,2026-08-07T12:05:00
162cd590,SBI,insufficient_funds,UPI_AUTOPAY,2999,2026-08-07T12:07:00
b7fa836d,HDFC,hard_decline,UPI_AUTOPAY,4999,2026-08-07T12:19:00
61797d2d,HDFC,timeout,RuPay,499,2026-08-07T12:19:00
8ad423a4,Kotak,timeout,Mastercard,199,2026-08-07T12:19:00
4e4471fe,SBI,timeout,UPI_AUTOPAY,199,2026-08-07T12:22:00
2fd6f73a,HDFC,timeout,UPI_AUTOPAY,1499,2026-08-07T12:23:00
3d38c3c2,Kotak,insufficient_funds,UPI_AUTOPAY,199,2026-08-07T12:33:00
f756c59d,HDFC,timeout,UPI_AUTOPAY,4999,2026-08-07T12:35:00
36d99a15,Axis,insufficient_funds,UPI_AUTOPAY,2999,2026-08-07T12:36:00
d8be4700,Kotak,hard_decline,UPI_AUTOPAY,299,2026-08-07T12:43:00
1a46dd68,HDFC,issuer_unavailable,UPI_AUTOPAY,4999,2026-08-07T12:46:00
73aebf4c,Kotak,issuer_unavailable,Mastercard,299,2026-08-07T12:56:00
08e0cee6,Axis,timeout,RuPay,4999,2026-08-07T12:57:00
9a4815e2,HDFC,issuer_unavailable,Visa,4999,2026-08-07T12:59:00
c13b32fc,ICICI,insufficient_funds,UPI_AUTOPAY,199,2026-08-07T13:03:00
0eeb7d8e,SBI,issuer_unavailable,UPI_AUTOPAY,299,2026-08-07T13:07:00
f416c1f1,ICICI,hard_decline,UPI_AUTOPAY,299,2026-08-07T13:12:00
8f0c939e,Kotak,insufficient_funds,RuPay,499,2026-08-07T13:15:00
718c707c,ICICI,issuer_unavailable,UPI_AUTOPAY,199,2026-08-07T13:16:00
df17dbca,Axis,insufficient_funds,UPI_AUTOPAY,1499,2026-08-07T13:16:00
153590c4,Axis,insufficient_funds,RuPay,199,2026-08-07T13:16:00
b054aacf,ICICI,insufficient_funds,Visa,299,2026-08-07T13:23:00
30967e4e,ICICI,timeout,UPI_AUTOPAY,999,2026-08-07T13:27:00
c6bdd9f8,Kotak,issuer_unavailable,UPI_AUTOPAY,1499,2026-08-07T13:29:00
6ac4f8c6,ICICI,issuer_unavailable,Visa,2999,2026-08-07T13:29:00
4b13aa87,Axis,timeout,UPI_AUTOPAY,2999,2026-08-07T13:31:00
56278103,Axis,insufficient_funds,RuPay,2999,2026-08-07T13:31:00
ec5c15f1,ICICI,issuer_unavailable,RuPay,1499,2026-08-07T13:33:00
dfcc137a,ICICI,hard_decline,Visa,499,2026-08-07T13:37:00
7b5b4e86,SBI,timeout,UPI_AUTOPAY,999,2026-08-07T13:39:00
4341911d,HDFC,insufficient_funds,UPI_AUTOPAY,999,2026-08-07T13:40:00
6a3f54d6,HDFC,issuer_unavailable,RuPay,999,2026-08-07T13:42:00
e2d6ffcb,HDFC,timeout,UPI_AUTOPAY,4999,2026-08-07T13:45:00
2dc0986c,SBI,issuer_unavailable,UPI_AUTOPAY,299,2026-08-07T13:47:00
919be528,Kotak,insufficient_funds,UPI_AUTOPAY,999,2026-08-07T13:52:00
bb5034fc,SBI,hard_decline,Visa,999,2026-08-07T13:52:00
fb4b5a30,HDFC,timeout,RuPay,1499,2026-08-07T13:52:00
7d8dcf41,Kotak,insufficient_funds,Visa,499,2026-08-07T13:53:00
2a7cee04,HDFC,timeout,Mastercard,2999,2026-08-07T13:55:00
cda25bb2,HDFC,timeout,UPI_AUTOPAY,999,2026-08-07T13:56:00
59c86794,ICICI,insufficient_funds,UPI_AUTOPAY,2999,2026-08-07T14:00:00
8b067cef,ICICI,insufficient_funds,RuPay,299,2026-08-07T14:02:00
8d2cf844,Axis,insufficient_funds,RuPay,2999,2026-08-07T14:04:00
72b0ad7d,Kotak,timeout,Mastercard,999,2026-08-07T14:09:00
f90b7c9e,Axis,insufficient_funds,RuPay,499,2026-08-07T14:19:00
18a52f4d,ICICI,timeout,UPI_AUTOPAY,2999,2026-08-07T14:32:00
b4fb0267,HDFC,timeout,UPI_AUTOPAY,499,2026-08-07T14:33:00
fd4ffbed,HDFC,insufficient_funds,UPI_AUTOPAY,199,2026-08-07T14:34:00
908198b9,ICICI,insufficient_funds,RuPay,2999,2026-08-07T14:38:00
b3dff8b5,SBI,hard_decline,Mastercard,1499,2026-08-07T14:42:00
64ad68d0,Axis,timeout,UPI_AUTOPAY,999,2026-08-07T14:43:00
b8700736,HDFC,insufficient_funds,UPI_AUTOPAY,499,2026-08-07T14:43:00
df67efba,Kotak,issuer_unavailable,Visa,199,2026-08-07T14:46:00
b5c7aecd,HDFC,timeout,RuPay,1499,2026-08-07T14:53:00
e96139a7,ICICI,timeout,Visa,999,2026-08-07T14:54:00
cfa3988a,SBI,hard_decline,Visa,999,2026-08-07T14:56:00
31bfa6fa,ICICI,insufficient_funds,UPI_AUTOPAY,999,2026-08-07T15:04:00
5c622b20,Kotak,timeout,UPI_AUTOPAY,4999,2026-08-07T15:04:00
73e72604,Kotak,insufficient_funds,UPI_AUTOPAY,2999,2026-08-07T15:07:00
febc0415,Axis,timeout,UPI_AUTOPAY,299,2026-08-07T15:10:00
09127d3b,SBI,issuer_unavailable,Mastercard,499,2026-08-07T15:13:00
1081059e,Kotak,insufficient_funds,UPI_AUTOPAY,499,2026-08-07T15:17:00
8feade04,Kotak,issuer_unavailable,Visa,999,2026-08-07T15:18:00
a654cfbb,SBI,insufficient_funds,Visa,1499,2026-08-07T15:18:00
cb7bf451,ICICI,timeout,RuPay,499,2026-08-07T15:20:00
d38d3a41,Axis,insufficient_funds,RuPay,299,2026-08-07T15:24:00
e33d85e9,Kotak,issuer_unavailable,RuPay,4999,2026-08-07T15:25:00
6004c7c8,ICICI,insufficient_funds,UPI_AUTOPAY,1499,2026-08-07T15:39:00
34708eb5,SBI,timeout,UPI_AUTOPAY,1499,2026-08-07T15:41:00
35ae9c2b,Axis,insufficient_funds,RuPay,1499,2026-08-07T15:41:00
98bd8336,SBI,timeout,RuPay,499,2026-08-07T15:41:00
2792120f,ICICI,insufficient_funds,UPI_AUTOPAY,999,2026-08-07T15:42:00
728c325a,Kotak,insufficient_funds,UPI_AUTOPAY,2999,2026-08-07T15:42:00
455d11f3,ICICI,hard_decline,UPI_AUTOPAY,499,2026-08-07T15:44:00
df91c15e,SBI,timeout,UPI_AUTOPAY,2999,2026-08-07T15:46:00
aa099237,HDFC,timeout,UPI_AUTOPAY,999,2026-08-07T15:50:00
3800bc3f,ICICI,timeout,Mastercard,2999,2026-08-07T15:52:00
c0142e21,ICICI,hard_decline,UPI_AUTOPAY,999,2026-08-07T15:52:00
d446be98,Kotak,issuer_unavailable,RuPay,4999,2026-08-07T15:55:00
44b2ec4d,Kotak,insufficient_funds,RuPay,4999,2026-08-07T15:57:00
8e3ef87e,Kotak,timeout,UPI_AUTOPAY,199,2026-08-07T15:58:00
176d0043,SBI,timeout,Visa,199,2026-08-07T16:00:00
b05b365b,SBI,timeout,UPI_AUTOPAY,199,2026-08-07T16:08:00
cae54ae4,HDFC,timeout,RuPay,199,2026-08-07T16:16:00
c182a3ae,HDFC,timeout,Mastercard,2999,2026-08-07T16:22:00
ad9607d5,Kotak,insufficient_funds,Mastercard,999,2026-08-07T16:25:00
727e5b23,ICICI,timeout,UPI_AUTOPAY,2999,2026-08-07T16:29:00
c8fdaf1d,SBI,issuer_unavailable,RuPay,199,2026-08-07T16:30:00
781a871e,ICICI,timeout,Mastercard,4999,2026-08-07T16:31:00
2f07bec4,Axis,hard_decline,UPI_AUTOPAY,499,2026-08-07T16:31:00
91002f33,Axis,insufficient_funds,RuPay,1499,2026-08-07T16:39:00
2064408d,ICICI,insufficient_funds,RuPay,299,2026-08-07T16:40:00
b8029aeb,HDFC,timeout,Visa,299,2026-08-07T16:40:00
685348d4,SBI,hard_decline,Visa,299,2026-08-07T16:45:00
ab32608f,SBI,insufficient_funds,UPI_AUTOPAY,4999,2026-08-07T16:47:00
d2d1c16d,ICICI,timeout,Visa,299,2026-08-07T16:49:00
f3188e93,HDFC,insufficient_funds,UPI_AUTOPAY,1499,2026-08-07T16:53:00
9d9a66db,SBI,timeout,UPI_AUTOPAY,499,2026-08-07T16:54:00
e91b1303,SBI,timeout,RuPay,4999,2026-08-07T16:56:00
04d31f2d,Axis,hard_decline,Mastercard,499,2026-08-07T16:57:00
47fb5a63,Kotak,issuer_unavailable,Mastercard,2999,2026-08-07T17:10:00
489faef0,ICICI,insufficient_funds,UPI_AUTOPAY,299,2026-08-07T17:22:00
c731be65,ICICI,insufficient_funds,RuPay,4999,2026-08-07T17:23:00
c6c83757,ICICI,insufficient_funds,RuPay,499,2026-08-07T17:29:00
208016e9,ICICI,timeout,Mastercard,4999,2026-08-07T17:33:00
aa17eb34,ICICI,timeout,UPI_AUTOPAY,2999,2026-08-07T17:34:00
31691e89,Axis,insufficient_funds,RuPay,2999,2026-08-07T17:35:00
8abaa8b1,Kotak,hard_decline,Mastercard,4999,2026-08-07T17:36:00
99a55a29,SBI,issuer_unavailable,UPI_AUTOPAY,299,2026-08-07T17:36:00
59518f30,SBI,timeout,UPI_AUTOPAY,1499,2026-08-07T17:37:00
80fd109b,Kotak,timeout,UPI_AUTOPAY,299,2026-08-07T17:37:00
6580ca68,Kotak,timeout,UPI_AUTOPAY,4999,2026-08-07T17:37:00
3deff172,HDFC,insufficient_funds,UPI_AUTOPAY,999,2026-08-07T17:40:00
ef0685d0,Kotak,timeout,Visa,299,2026-08-07T17:41:00
fd76d78d,ICICI,insufficient_funds,Mastercard,2999,2026-08-07T17:42:00
e412b8d3,SBI,insufficient_funds,RuPay,499,2026-08-07T17:43:00
b040bf0c,HDFC,insufficient_funds,UPI_AUTOPAY,4999,2026-08-07T17:48:00
f78f0695,SBI,issuer_unavailable,Mastercard,499,2026-08-07T17:53:00
42d71e04,SBI,timeout,UPI_AUTOPAY,4999,2026-08-07T17:57:00
6b24c35f,ICICI,insufficient_funds,Mastercard,1499,2026-08-07T18:03:00
c34743d2,SBI,insufficient_funds,RuPay,1499,2026-08-07T18:06:00
5a854627,Axis,timeout,Mastercard,2999,2026-08-07T18:07:00
2f236f64,Kotak,hard_decline,UPI_AUTOPAY,1499,2026-08-07T18:07:00
65705460,Kotak,insufficient_funds,Visa,999,2026-08-07T18:08:00
10b15dd6,SBI,timeout,Mastercard,999,2026-08-07T18:20:00
0014a645,ICICI,issuer_unavailable,UPI_AUTOPAY,1499,2026-08-07T18:22:00
9856e436,Kotak,timeout,Mastercard,4999,2026-08-07T18:25:00
b1fdb350,Axis,timeout,UPI_AUTOPAY,1499,2026-08-07T18:25:00
213cb757,Kotak,timeout,RuPay,199,2026-08-07T18:29:00
7c8d291c,SBI,timeout,Visa,2999,2026-08-07T18:30:00
049ae6b5,SBI,timeout,UPI_AUTOPAY,199,2026-08-07T18:39:00
5755e21b,SBI,timeout,Visa,499,2026-08-07T18:39:00
8004c0b1,ICICI,timeout,RuPay,1499,2026-08-07T18:44:00
1ce92fca,HDFC,hard_decline,Mastercard,2999,2026-08-07T18:46:00
47931acd,Kotak,issuer_unavailable,RuPay,499,2026-08-07T18:50:00
e072b827,Kotak,hard_decline,UPI_AUTOPAY,499,2026-08-07T18:55:00
aeb6c03b,HDFC,insufficient_funds,UPI_AUTOPAY,1499,2026-08-07T18:56:00
8acb9b1d,SBI,timeout,UPI_AUTOPAY,499,2026-08-07T19:01:00
f9b5a6df,Kotak,issuer_unavailable,UPI_AUTOPAY,4999,2026-08-07T19:07:00
d13eb347,Kotak,hard_decline,Visa,4999,2026-08-07T19:10:00
75076e5c,Kotak,insufficient_funds,RuPay,299,2026-08-07T19:18:00
f9e4e4a5,Kotak,hard_decline,Mastercard,1499,2026-08-07T19:18:00
03566625,HDFC,insufficient_funds,UPI_AUTOPAY,1499,2026-08-07T19:23:00
543d7f99,Axis,timeout,UPI_AUTOPAY,4999,2026-08-07T19:25:00
76aff115,ICICI,insufficient_funds,Visa,2999,2026-08-07T19:30:00
152132e2,SBI,timeout,UPI_AUTOPAY,2999,2026-08-07T19:31:00
b1d1e893,HDFC,issuer_unavailable,Mastercard,1499,2026-08-07T19:33:00
c56115e8,Axis,hard_decline,RuPay,4999,2026-08-07T19:35:00
9c2cb6bc,SBI,insufficient_funds,RuPay,1499,2026-08-07T19:46:00
94a600a3,HDFC,hard_decline,Visa,4999,2026-08-07T19:48:00
9b5c3c8f,SBI,timeout,Visa,299,2026-08-07T19:53:00
da8aee18,Kotak,issuer_unavailable,RuPay,299,2026-08-07T19:54:00
06d1f4eb,SBI,hard_decline,Visa,1499,2026-08-07T19:57:00
8a9d271c,Axis,insufficient_funds,UPI_AUTOPAY,199,2026-08-07T20:03:00
7b59143f,Axis,issuer_unavailable,Visa,1499,2026-08-07T20:04:00
f18c08cf,HDFC,insufficient_funds,Visa,4999,2026-08-07T20:13:00
ec59ab71,Axis,issuer_unavailable,Mastercard,199,2026-08-07T20:15:00
0268319d,Axis,timeout,UPI_AUTOPAY,499,2026-08-07T20:18:00
02c9c8a8,ICICI,timeout,RuPay,299,2026-08-07T20:20:00
ab2d8c7f,SBI,insufficient_funds,RuPay,2999,2026-08-07T20:21:00
94d2ec6a,Axis,issuer_unavailable,UPI_AUTOPAY,4999,2026-08-07T20:22:00
cfe4cf3b,Kotak,issuer_unavailable,UPI_AUTOPAY,499,2026-08-07T20:23:00
12d0fbf6,Axis,timeout,RuPay,499,2026-08-07T20:32:00
05015868,Kotak,issuer_unavailable,Visa,999,2026-08-07T20:34:00
2af47a94,Kotak,timeout,RuPay,2999,2026-08-07T20:39:00
cf381f51,Kotak,insufficient_funds,Visa,999,2026-08-07T20:47:00
ce50ba35,HDFC,timeout,Visa,299,2026-08-07T20:49:00
b5de35f9,ICICI,insufficient_funds,UPI_AUTOPAY,199,2026-08-07T20:54:00
54504e84,Kotak,hard_decline,Mastercard,2999,2026-08-07T20:56:00
343cf55c,ICICI,issuer_unavailable,UPI_AUTOPAY,1499,2026-08-07T20:57:00
bb9581cf,ICICI,insufficient_funds,RuPay,199,2026-08-07T20:57:00
d98717f9,Axis,issuer_unavailable,Mastercard,1499,2026-08-07T21:09:00
bf40cd33,Kotak,issuer_unavailable,UPI_AUTOPAY,999,2026-08-07T21:17:00
11a890e8,HDFC,timeout,UPI_AUTOPAY,4999,2026-08-07T21:19:00
e7d6adf1,Kotak,timeout,UPI_AUTOPAY,299,2026-08-07T21:26:00
3ee09410,Axis,insufficient_funds,UPI_AUTOPAY,499,2026-08-07T21:27:00
3725531b,ICICI,insufficient_funds,UPI_AUTOPAY,1499,2026-08-07T21:29:00
0eeedc31,Axis,hard_decline,Visa,1499,2026-08-07T21:38:00
6816771a,SBI,issuer_unavailable,Visa,199,2026-08-07T21:39:00
8a9d66ed,HDFC,insufficient_funds,Visa,1499,2026-08-07T21:47:00
e933dc9e,HDFC,insufficient_funds,UPI_AUTOPAY,999,2026-08-07T22:01:00
30dd192c,SBI,insufficient_funds,Visa,2999,2026-08-07T22:05:00
2a5757c9,Axis,hard_decline,UPI_AUTOPAY,1499,2026-08-07T22:06:00
cb39ce33,HDFC,timeout,UPI_AUTOPAY,1499,2026-08-07T22:07:00
ec762d9d,Axis,insufficient_funds,UPI_AUTOPAY,199,2026-08-07T22:14:00
a0b9a831,Kotak,hard_decline,Visa,499,2026-08-07T22:14:00
14b57ca4,ICICI,timeout,UPI_AUTOPAY,2999,2026-08-07T22:15:00
2d3176d8,SBI,timeout,Visa,1499,2026-08-07T22:16:00
8f5886b4,Kotak,insufficient_funds,Visa,4999,2026-08-07T22:16:00
ed0941fa,SBI,issuer_unavailable,UPI_AUTOPAY,499,2026-08-07T22:21:00
416685d6,SBI,timeout,RuPay,4999,2026-08-07T22:30:00
ea665860,SBI,timeout,UPI_AUTOPAY,4999,2026-08-07T22:32:00
acace7fb,Axis,issuer_unavailable,Visa,299,2026-08-07T22:34:00
a9c7432f,ICICI,insufficient_funds,RuPay,499,2026-08-07T22:35:00
9d65473d,SBI,timeout,UPI_AUTOPAY,1499,2026-08-07T22:39:00
9352d0e7,ICICI,hard_decline,UPI_AUTOPAY,2999,2026-08-07T22:44:00
f556e52c,SBI,insufficient_funds,Mastercard,1499,2026-08-07T22:47:00
8967ac8c,SBI,timeout,Visa,199,2026-08-07T22:58:00
a53d7796,ICICI,hard_decline,Visa,299,2026-08-07T22:59:00
5a47ef27,SBI,insufficient_funds,Visa,999,2026-08-07T23:01:00
8bc3881d,Axis,timeout,RuPay,999,2026-08-07T23:05:00
8141cf03,Axis,insufficient_funds,Visa,999,2026-08-07T23:06:00
c77c943e,Axis,timeout,UPI_AUTOPAY,299,2026-08-07T23:09:00
dea0dfb5,Axis,timeout,UPI_AUTOPAY,199,2026-08-07T23:09:00
e68e8c8e,Axis,issuer_unavailable,Visa,299,2026-08-07T23:10:00
e13df7e8,ICICI,timeout,RuPay,499,2026-08-07T23:11:00
79d6a796,SBI,insufficient_funds,Mastercard,1499,2026-08-07T23:17:00
690691e4,Axis,insufficient_funds,Mastercard,199,2026-08-07T23:26:00
9cd761d8,ICICI,issuer_unavailable,UPI_AUTOPAY,999,2026-08-07T23:28:00
5b809368,HDFC,insufficient_funds,Visa,1499,2026-08-07T23:29:00
9c241796,ICICI,timeout,RuPay,199,2026-08-07T23:34:00
646ea131,HDFC,hard_decline,Visa,999,2026-08-07T23:41:00
a698dd9e,SBI,timeout,UPI_AUTOPAY,1499,2026-08-07T23:46:00
a48c0309,SBI,timeout,UPI_AUTOPAY,2999,2026-08-08T00:07:00
a6ba1ff3,Axis,insufficient_funds,UPI_AUTOPAY,299,2026-08-08T00:07:00
71ce2b1e,ICICI,timeout,UPI_AUTOPAY,499,2026-08-08T00:10:00
6ce6de5b,Axis,insufficient_funds,RuPay,2999,2026-08-08T00:20:00
c241320d,Kotak,timeout,RuPay,2999,2026-08-08T00:26:00
654f9ded,HDFC,hard_decline,RuPay,299,2026-08-08T00:27:00
c7f75e2e,SBI,timeout,Mastercard,1499,2026-08-08T00:32:00
8ac96736,SBI,insufficient_funds,Visa,999,2026-08-08T00:41:00
a1e5ab39,ICICI,timeout,UPI_AUTOPAY,999,2026-08-08T00:45:00
8dfe25f3,Axis,hard_decline,Visa,2999,2026-08-08T00:50:00
aab0de8f,Axis,insufficient_funds,UPI_AUTOPAY,199,2026-08-08T00:52:00
8aaa5b52,HDFC,issuer_unavailable,Visa,199,2026-08-08T00:55:00
af63a835,Axis,timeout,Visa,4999,2026-08-08T00:58:00
3c3409f6,HDFC,insufficient_funds,Visa,199,2026-08-08T00:59:00
e72c396d,HDFC,timeout,UPI_AUTOPAY,4999,2026-08-08T01:06:00
9f1c4c2b,Kotak,issuer_unavailable,Visa,299,2026-08-08T01:19:00
be07a843,ICICI,timeout,UPI_AUTOPAY,499,2026-08-08T01:22:00
f703b777,Kotak,insufficient_funds,Visa,2999,2026-08-08T01:23:00
2991add4,Axis,insufficient_funds,Visa,1499,2026-08-08T01:26:00
cb0f9cba,SBI,issuer_unavailable,Mastercard,299,2026-08-08T01:26:00
135bf6b3,Axis,insufficient_funds,UPI_AUTOPAY,2999,2026-08-08T01:35:00
f2c87e9f,HDFC,issuer_unavailable,RuPay,499,2026-08-08T01:38:00
0431aa10,SBI,timeout,UPI_AUTOPAY,199,2026-08-08T01:50:00
e562817e,Kotak,issuer_unavailable,UPI_AUTOPAY,4999,2026-08-08T01:54:00
5b466139,Kotak,timeout,UPI_AUTOPAY,199,2026-08-08T01:56:00
2895bfd1,ICICI,issuer_unavailable,UPI_AUTOPAY,1499,2026-08-08T02:03:00
2b2c3d02,HDFC,insufficient_funds,Visa,1499,2026-08-08T02:04:00
e7a891a8,HDFC,insufficient_funds,UPI_AUTOPAY,299,2026-08-08T02:12:00
216680ee,SBI,issuer_unavailable,UPI_AUTOPAY,299,2026-08-08T02:13:00
a71bdcc6,Kotak,issuer_unavailable,UPI_AUTOPAY,1499,2026-08-08T02:18:00
5f81f16f,Kotak,hard_decline,UPI_AUTOPAY,999,2026-08-08T02:18:00
eecc05aa,Axis,issuer_unavailable,UPI_AUTOPAY,499,2026-08-08T02:20:00
4da6637b,Kotak,timeout,UPI_AUTOPAY,999,2026-08-08T02:22:00
8dbebb8b,Kotak,insufficient_funds,UPI_AUTOPAY,999,2026-08-08T02:24:00
f76965a9,HDFC,insufficient_funds,RuPay,299,2026-08-08T02:26:00
0d98ff0f,SBI,hard_decline,RuPay,199,2026-08-08T02:26:00
b7c78546,Kotak,issuer_unavailable,UPI_AUTOPAY,199,2026-08-08T02:38:00
61560d8c,HDFC,issuer_unavailable,RuPay,999,2026-08-08T02:42:00
7e429f11,HDFC,insufficient_funds,Visa,299,2026-08-08T02:45:00
39789be8,Kotak,timeout,UPI_AUTOPAY,299,2026-08-08T02:47:00
6eeee51a,ICICI,timeout,Mastercard,999,2026-08-08T02:55:00
57517a24,Kotak,timeout,UPI_AUTOPAY,999,2026-08-08T02:55:00
c3930ed5,Kotak,issuer_unavailable,UPI_AUTOPAY,199,2026-08-08T03:01:00
1d9ffe5c,Kotak,issuer_unavailable,RuPay,299,2026-08-08T03:02:00
cd93ec33,Axis,insufficient_funds,UPI_AUTOPAY,199,2026-08-08T03:02:00
aec23054,SBI,timeout,UPI_AUTOPAY,499,2026-08-08T03:06:00
51c41691,ICICI,timeout,Visa,299,2026-08-08T03:09:00
c338a9a9,HDFC,timeout,UPI_AUTOPAY,1499,2026-08-08T03:10:00
f98a086c,ICICI,insufficient_funds,UPI_AUTOPAY,4999,2026-08-08T03:10:00
941ae511,Axis,insufficient_funds,Mastercard,499,2026-08-08T03:14:00
3a39b9a1,ICICI,issuer_unavailable,Mastercard,499,2026-08-08T03:16:00
3d4c95f4,ICICI,insufficient_funds,UPI_AUTOPAY,4999,2026-08-08T03:17:00
6e5b8bd9,SBI,hard_decline,UPI_AUTOPAY,499,2026-08-08T03:22:00
6e9716e3,Axis,timeout,Visa,1499,2026-08-08T03:25:00
1ed653f3,Kotak,timeout,Visa,4999,2026-08-08T03:26:00
9b1159c9,Axis,timeout,Visa,4999,2026-08-08T03:26:00
34b0f0fd,ICICI,timeout,UPI_AUTOPAY,199,2026-08-08T03:27:00
c003682e,HDFC,timeout,Mastercard,499,2026-08-08T03:30:00
4f68ecc4,ICICI,insufficient_funds,RuPay,1499,2026-08-08T03:31:00
8f966538,HDFC,issuer_unavailable,Visa,299,2026-08-08T03:35:00
7a5969a9,Kotak,insufficient_funds,Visa,4999,2026-08-08T03:36:00
49b554b8,Kotak,issuer_unavailable,UPI_AUTOPAY,999,2026-08-08T03:39:00
116aa14b,SBI,insufficient_funds,UPI_AUTOPAY,4999,2026-08-08T03:43:00
dff0965b,ICICI,insufficient_funds,Mastercard,299,2026-08-08T03:46:00
331cdce8,HDFC,insufficient_funds,UPI_AUTOPAY,4999,2026-08-08T03:46:00
3729e8d4,SBI,timeout,UPI_AUTOPAY,2999,2026-08-08T03:47:00
1efa0058,ICICI,insufficient_funds,UPI_AUTOPAY,299,2026-08-08T03:49:00
dad8633e,HDFC,insufficient_funds,UPI_AUTOPAY,1499,2026-08-08T03:52:00
c5684ebf,Kotak,insufficient_funds,UPI_AUTOPAY,299,2026-08-08T03:52:00
6181cb5e,ICICI,issuer_unavailable,Mastercard,299,2026-08-08T03:53:00
ada67c4f,Axis,timeout,RuPay,299,2026-08-08T03:53:00
9c8e4fe6,Kotak,timeout,Visa,1499,2026-08-08T03:56:00
c648ac29,Axis,insufficient_funds,RuPay,999,2026-08-08T03:56:00
57abbbb8,HDFC,insufficient_funds,RuPay,499,2026-08-08T03:56:00
78f01ab6,Kotak,hard_decline,Visa,499,2026-08-08T03:59:00
aa7d96ee,ICICI,insufficient_funds,RuPay,499,2026-08-08T04:00:00
7ffe0bd0,Kotak,timeout,UPI_AUTOPAY,2999,2026-08-08T04:03:00
5017d5ed,Kotak,insufficient_funds,UPI_AUTOPAY,2999,2026-08-08T04:11:00
6d1244fd,Kotak,timeout,UPI_AUTOPAY,299,2026-08-08T04:13:00
5533ec53,HDFC,timeout,UPI_AUTOPAY,1499,2026-08-08T04:13:00
fa3c1ec9,Axis,insufficient_funds,Mastercard,1499,2026-08-08T04:14:00
78410382,Kotak,insufficient_funds,UPI_AUTOPAY,499,2026-08-08T04:20:00
6359b310,HDFC,hard_decline,Visa,1499,2026-08-08T04:25:00
4a61ccef,HDFC,insufficient_funds,RuPay,999,2026-08-08T04:25:00
661873d6,Axis,hard_decline,UPI_AUTOPAY,1499,2026-08-08T04:28:00
a42ed7e1,HDFC,timeout,UPI_AUTOPAY,299,2026-08-08T04:28:00
b790147e,HDFC,timeout,UPI_AUTOPAY,2999,2026-08-08T04:34:00
94b800e5,SBI,issuer_unavailable,UPI_AUTOPAY,199,2026-08-08T04:35:00
99725b9a,SBI,insufficient_funds,Visa,4999,2026-08-08T04:37:00
2b0690ac,Kotak,timeout,Visa,999,2026-08-08T04:39:00
3ee21c70,ICICI,insufficient_funds,UPI_AUTOPAY,2999,2026-08-08T04:40:00
f34e7c91,Axis,insufficient_funds,RuPay,299,2026-08-08T04:43:00
69d2dfe9,SBI,insufficient_funds,UPI_AUTOPAY,4999,2026-08-08T04:45:00
7a9e7cc9,SBI,timeout,UPI_AUTOPAY,4999,2026-08-08T04:47:00
51520545,SBI,timeout,UPI_AUTOPAY,999,2026-08-08T04:49:00
ccb251f7,HDFC,timeout,Visa,299,2026-08-08T04:50:00
3c0c47d3,HDFC,timeout,Visa,299,2026-08-08T04:53:00
e23f80b6,Axis,hard_decline,Visa,1499,2026-08-08T04:56:00
d7e27c35,ICICI,insufficient_funds,RuPay,999,2026-08-08T04:56:00
d98582fa,HDFC,insufficient_funds,Visa,299,2026-08-08T04:56:00
ba1dd2bf,ICICI,issuer_unavailable,UPI_AUTOPAY,1499,2026-08-08T04:57:00
969046fb,Axis,timeout,Visa,499,2026-08-08T04:57:00
3b6e0b39,Kotak,timeout,Visa,2999,2026-08-08T05:00:00
6104de1a,Kotak,issuer_unavailable,UPI_AUTOPAY,2999,2026-08-08T05:03:00
fc333704,Axis,timeout,Mastercard,2999,2026-08-08T05:03:00
7d86ffd7,ICICI,issuer_unavailable,RuPay,299,2026-08-08T05:07:00
a505b2c4,SBI,hard_decline,UPI_AUTOPAY,499,2026-08-08T05:10:00
fae1d8bb,Axis,issuer_unavailable,RuPay,999,2026-08-08T05:11:00
c8d7c821,HDFC,hard_decline,UPI_AUTOPAY,1499,2026-08-08T05:18:00
25fea14d,HDFC,hard_decline,UPI_AUTOPAY,499,2026-08-08T05:19:00
fe2147c4,SBI,hard_decline,RuPay,299,2026-08-08T05:19:00
e2123ac0,Axis,hard_decline,UPI_AUTOPAY,199,2026-08-08T05:21:00
58a10155,SBI,issuer_unavailable,UPI_AUTOPAY,499,2026-08-08T05:27:00
2b895448,Kotak,timeout,RuPay,199,2026-08-08T05:34:00
8729b890,Axis,hard_decline,UPI_AUTOPAY,299,2026-08-08T05:36:00
e00365a1,SBI,timeout,UPI_AUTOPAY,299,2026-08-08T05:53:00
894363ef,SBI,insufficient_funds,Visa,199,2026-08-08T05:57:00
dfa70eea,Axis,timeout,UPI_AUTOPAY,2999,2026-08-08T06:03:00
88383eca,Axis,timeout,UPI_AUTOPAY,199,2026-08-08T06:05:00
53aac3c9,ICICI,insufficient_funds,Visa,499,2026-08-08T06:10:00
f68572f6,ICICI,insufficient_funds,UPI_AUTOPAY,1499,2026-08-08T06:12:00
de17125d,SBI,timeout,Visa,499,2026-08-08T06:19:00
1577a05d,Kotak,issuer_unavailable,UPI_AUTOPAY,199,2026-08-08T06:19:00
ccc67e81,SBI,insufficient_funds,UPI_AUTOPAY,2999,2026-08-08T06:20:00
1264ba51,Kotak,issuer_unavailable,Visa,199,2026-08-08T06:21:00
eeaf4919,ICICI,hard_decline,Visa,299,2026-08-08T06:26:00
b8f28291,ICICI,issuer_unavailable,RuPay,199,2026-08-08T06:26:00
ae4e24c0,SBI,issuer_unavailable,UPI_AUTOPAY,4999,2026-08-08T06:27:00
c316d498,Kotak,timeout,UPI_AUTOPAY,499,2026-08-08T06:34:00
9e1b389b,ICICI,timeout,Visa,2999,2026-08-08T06:34:00
27335386,Kotak,issuer_unavailable,Visa,299,2026-08-08T06:50:00
2246c80e,Kotak,issuer_unavailable,UPI_AUTOPAY,4999,2026-08-08T06:52:00
f12860d4,Axis,hard_decline,Visa,299,2026-08-08T06:54:00
5c64b068,HDFC,issuer_unavailable,UPI_AUTOPAY,1499,2026-08-08T06:58:00
bec2b166,Kotak,hard_decline,UPI_AUTOPAY,2999,2026-08-08T07:03:00
dc5051b6,HDFC,hard_decline,Mastercard,499,2026-08-08T07:05:00
5997ccd5,HDFC,insufficient_funds,Visa,199,2026-08-08T07:07:00
235c7ead,HDFC,timeout,UPI_AUTOPAY,199,2026-08-08T07:09:00
69c5232f,Axis,issuer_unavailable,UPI_AUTOPAY,299,2026-08-08T07:10:00
97dd23c4,Axis,insufficient_funds,UPI_AUTOPAY,2999,2026-08-08T07:15:00
e8726293,ICICI,timeout,Visa,2999,2026-08-08T07:19:00
c432d7f1,Kotak,issuer_unavailable,RuPay,2999,2026-08-08T07:20:00
fbad5005,ICICI,issuer_unavailable,UPI_AUTOPAY,4999,2026-08-08T07:25:00
71807874,SBI,hard_decline,RuPay,2999,2026-08-08T07:29:00
7487b12c,Kotak,timeout,Visa,4999,2026-08-08T07:31:00
8eb08176,Kotak,timeout,UPI_AUTOPAY,2999,2026-08-08T07:32:00
2a2b2cef,ICICI,timeout,RuPay,499,2026-08-08T07:34:00
5b32d63b,ICICI,timeout,Visa,199,2026-08-08T07:38:00
394b6ecf,SBI,timeout,RuPay,199,2026-08-08T07:39:00
70c9a3c0,ICICI,issuer_unavailable,Visa,299,2026-08-08T07:44:00
0001ff5b,Axis,timeout,Visa,499,2026-08-08T07:48:00
46868241,SBI,timeout,UPI_AUTOPAY,199,2026-08-08T07:55:00
60ffce78,SBI,timeout,Mastercard,4999,2026-08-08T07:56:00
3dd93078,HDFC,insufficient_funds,UPI_AUTOPAY,499,2026-08-08T08:08:00
f8b7fb98,Axis,issuer_unavailable,UPI_AUTOPAY,4999,2026-08-08T08:16:00
3a09f947,HDFC,insufficient_funds,Mastercard,1499,2026-08-08T08:18:00
bfab1479,ICICI,timeout,UPI_AUTOPAY,499,2026-08-08T08:23:00
05cfd789,Axis,timeout,UPI_AUTOPAY,4999,2026-08-08T08:23:00
a3e32807,HDFC,insufficient_funds,Mastercard,2999,2026-08-08T08:25:00
610040e7,ICICI,issuer_unavailable,UPI_AUTOPAY,299,2026-08-08T08:27:00
6cef9723,HDFC,timeout,UPI_AUTOPAY,1499,2026-08-08T08:31:00
1c59748c,Axis,timeout,UPI_AUTOPAY,299,2026-08-08T08:34:00
44f584ec,HDFC,timeout,UPI_AUTOPAY,4999,2026-08-08T08:42:00
99ecfd60,HDFC,insufficient_funds,UPI_AUTOPAY,199,2026-08-08T08:43:00
c9860141,HDFC,hard_decline,UPI_AUTOPAY,499,2026-08-08T08:48:00
17d98d30,ICICI,insufficient_funds,UPI_AUTOPAY,999,2026-08-08T08:49:00
296e741c,Kotak,timeout,RuPay,999,2026-08-08T08:52:00
7faa53c5,ICICI,hard_decline,Visa,4999,2026-08-08T08:52:00
bea77f82,Axis,insufficient_funds,Visa,2999,2026-08-08T09:03:00
f5e64178,SBI,issuer_unavailable,UPI_AUTOPAY,199,2026-08-08T09:05:00
5e113329,Axis,hard_decline,UPI_AUTOPAY,999,2026-08-08T09:06:00
269522c2,HDFC,insufficient_funds,Visa,199,2026-08-08T09:09:00
4a11d8fd,Kotak,issuer_unavailable,UPI_AUTOPAY,1499,2026-08-08T09:14:00
dc3f7cb7,ICICI,timeout,RuPay,499,2026-08-08T09:17:00
a11998e7,SBI,insufficient_funds,Visa,4999,2026-08-08T09:18:00
24b60605,ICICI,hard_decline,RuPay,199,2026-08-08T09:24:00
797dece7,Kotak,insufficient_funds,UPI_AUTOPAY,299,2026-08-08T09:27:00
633aa7a5,HDFC,timeout,Visa,199,2026-08-08T09:27:00
15975309,Kotak,timeout,Visa,299,2026-08-08T09:28:00
8ca428c4,SBI,insufficient_funds,RuPay,999,2026-08-08T09:30:00
aadb3400,Kotak,insufficient_funds,UPI_AUTOPAY,4999,2026-08-08T09:32:00
d6fec2ed,HDFC,timeout,RuPay,199,2026-08-08T09:40:00
886f3a12,Kotak,timeout,Mastercard,999,2026-08-08T09:41:00
3445b8a9,ICICI,timeout,UPI_AUTOPAY,4999,2026-08-08T09:44:00
650c0e14,Axis,hard_decline,Visa,2999,2026-08-08T09:46:00
fcc36799,HDFC,hard_decline,Mastercard,199,2026-08-08T09:48:00
32818381,Kotak,hard_decline,Mastercard,2999,2026-08-08T09:52:00
2f2845b1,ICICI,hard_decline,UPI_AUTOPAY,2999,2026-08-08T09:54:00
cd8491ad,SBI,insufficient_funds,Visa,499,2026-08-08T10:01:00
82ad1a5f,Axis,timeout,Visa,199,2026-08-08T10:04:00
8a14c16f,Axis,timeout,UPI_AUTOPAY,299,2026-08-08T10:04:00
a9c9db7c,Kotak,insufficient_funds,RuPay,1499,2026-08-08T10:06:00
e96dd637,Kotak,timeout,UPI_AUTOPAY,999,2026-08-08T10:06:00
1a76421b,ICICI,issuer_unavailable,UPI_AUTOPAY,299,2026-08-08T10:10:00
3c7c72fb,ICICI,issuer_unavailable,UPI_AUTOPAY,4999,2026-08-08T10:10:00
7be879ac,Kotak,insufficient_funds,UPI_AUTOPAY,199,2026-08-08T10:15:00
26de2311,HDFC,hard_decline,UPI_AUTOPAY,4999,2026-08-08T10:18:00
edc6e82a,SBI,timeout,Mastercard,999,2026-08-08T10:25:00
528f3cd7,ICICI,hard_decline,Visa,1499,2026-08-08T10:29:00
e328e57d,Axis,insufficient_funds,UPI_AUTOPAY,1499,2026-08-08T10:30:00
1db37782,HDFC,timeout,Mastercard,499,2026-08-08T10:34:00
6791bfae,Axis,timeout,UPI_AUTOPAY,4999,2026-08-08T10:42:00
38c52bf4,HDFC,hard_decline,UPI_AUTOPAY,499,2026-08-08T10:44:00
513bbc7f,Axis,timeout,Mastercard,2999,2026-08-08T10:44:00
a1066049,Kotak,issuer_unavailable,UPI_AUTOPAY,499,2026-08-08T10:46:00
fe74251c,SBI,timeout,Visa,499,2026-08-08T10:50:00
e73da28b,HDFC,insufficient_funds,RuPay,2999,2026-08-08T10:57:00
dab41317,SBI,hard_decline,UPI_AUTOPAY,2999,2026-08-08T11:03:00
29d7cb18,SBI,insufficient_funds,UPI_AUTOPAY,999,2026-08-08T11:06:00
f45f0782,SBI,timeout,UPI_AUTOPAY,999,2026-08-08T11:09:00
e10bb3a0,Axis,timeout,Visa,1499,2026-08-08T11:10:00
43090a70,SBI,hard_decline,Visa,999,2026-08-08T11:10:00
9b452721,SBI,timeout,UPI_AUTOPAY,299,2026-08-08T11:12:00
0fdad135,ICICI,issuer_unavailable,Visa,199,2026-08-08T11:19:00
d7a157de,ICICI,timeout,UPI_AUTOPAY,199,2026-08-08T11:20:00
01240983,HDFC,issuer_unavailable,UPI_AUTOPAY,2999,2026-08-08T11:26:00
cbf4e9ef,SBI,insufficient_funds,RuPay,999,2026-08-08T11:36:00
a71f0309,SBI,hard_decline,Visa,4999,2026-08-08T11:41:00
4cb62a82,HDFC,issuer_unavailable,UPI_AUTOPAY,2999,2026-08-08T11:45:00
40705856,ICICI,insufficient_funds,UPI_AUTOPAY,4999,2026-08-08T11:51:00
a4b93fea,HDFC,timeout,UPI_AUTOPAY,299,2026-08-08T11:52:00
f99e4cd9,ICICI,issuer_unavailable,UPI_AUTOPAY,299,2026-08-08T11:57:00
fae76b6b,HDFC,timeout,UPI_AUTOPAY,999,2026-08-08T11:59:00
9aea4680,SBI,hard_decline,UPI_AUTOPAY,299,2026-08-08T12:00:00
6ae7409d,HDFC,timeout,RuPay,499,2026-08-08T12:08:00
9a2f97e9,HDFC,timeout,UPI_AUTOPAY,4999,2026-08-08T12:09:00
3feef53a,Axis,insufficient_funds,UPI_AUTOPAY,999,2026-08-08T12:11:00
9b0d8ff6,Axis,timeout,UPI_AUTOPAY,299,2026-08-08T12:14:00
4ec6eec8,HDFC,issuer_unavailable,Visa,499,2026-08-08T12:14:00
36f97e76,ICICI,timeout,UPI_AUTOPAY,299,2026-08-08T12:15:00
34cb7a95,Axis,insufficient_funds,Visa,299,2026-08-08T12:17:00
3b25b17f,Axis,insufficient_funds,Mastercard,299,2026-08-08T12:17:00
8896ddd6,SBI,timeout,UPI_AUTOPAY,499,2026-08-08T12:20:00
d8759b3f,Kotak,issuer_unavailable,Mastercard,2999,2026-08-08T12:22:00
e042727f,Axis,timeout,Visa,1499,2026-08-08T12:22:00
e3d6fac1,ICICI,timeout,Mastercard,999,2026-08-08T12:24:00
3c7ed332,Axis,issuer_unavailable,UPI_AUTOPAY,199,2026-08-08T12:26:00
3b5ae37c,Axis,hard_decline,Visa,4999,2026-08-08T12:27:00
df3de460,HDFC,insufficient_funds,UPI_AUTOPAY,999,2026-08-08T12:27:00
e46cc154,Axis,timeout,Mastercard,4999,2026-08-08T12:29:00
a8711604,Axis,issuer_unavailable,UPI_AUTOPAY,2999,2026-08-08T12:31:00
a016586d,Axis,insufficient_funds,RuPay,4999,2026-08-08T12:32:00
91d01b87,SBI,insufficient_funds,UPI_AUTOPAY,299,2026-08-08T12:35:00
2831c951,HDFC,timeout,RuPay,199,2026-08-08T12:36:00
80ad4384,Kotak,hard_decline,UPI_AUTOPAY,4999,2026-08-08T12:36:00
e3ff9a7f,SBI,insufficient_funds,UPI_AUTOPAY,4999,2026-08-08T12:38:00
8ab4c104,Kotak,insufficient_funds,Visa,4999,2026-08-08T12:40:00
beb19006,SBI,insufficient_funds,UPI_AUTOPAY,1499,2026-08-08T12:41:00
ac34491d,ICICI,issuer_unavailable,Visa,4999,2026-08-08T12:42:00
d6f6c609,SBI,issuer_unavailable,Mastercard,1499,2026-08-08T12:44:00
c2eb5c91,Kotak,insufficient_funds,UPI_AUTOPAY,4999,2026-08-08T12:45:00
67be52cf,HDFC,insufficient_funds,UPI_AUTOPAY,999,2026-08-08T12:45:00
af3495bc,ICICI,issuer_unavailable,Visa,2999,2026-08-08T12:54:00
da40167a,Kotak,issuer_unavailable,UPI_AUTOPAY,2999,2026-08-08T12:55:00
88224aa9,ICICI,hard_decline,Visa,299,2026-08-08T13:05:00
be3b5b9b,Kotak,hard_decline,UPI_AUTOPAY,499,2026-08-08T13:06:00
b44a20bc,HDFC,insufficient_funds,RuPay,299,2026-08-08T13:06:00
5d81ae89,Axis,insufficient_funds,UPI_AUTOPAY,499,2026-08-08T13:12:00
ac15d18c,Kotak,issuer_unavailable,RuPay,2999,2026-08-08T13:12:00
c034e4d4,Axis,hard_decline,Visa,1499,2026-08-08T13:15:00
493448f3,Kotak,timeout,RuPay,2999,2026-08-08T13:15:00
03d7b942,ICICI,timeout,Visa,199,2026-08-08T13:21:00
ab5b0255,Kotak,insufficient_funds,RuPay,199,2026-08-08T13:25:00
19b0b0ea,Axis,timeout,UPI_AUTOPAY,499,2026-08-08T13:28:00
d9259159,Kotak,insufficient_funds,UPI_AUTOPAY,299,2026-08-08T13:46:00
4a4ecf60,HDFC,issuer_unavailable,Visa,999,2026-08-08T13:46:00
a9d46b9d,Kotak,issuer_unavailable,UPI_AUTOPAY,199,2026-08-08T13:47:00
e99e19f7,Kotak,hard_decline,UPI_AUTOPAY,499,2026-08-08T13:50:00
ea1c5ebb,ICICI,timeout,RuPay,199,2026-08-08T13:51:00
913a6ce4,Kotak,insufficient_funds,Visa,299,2026-08-08T13:52:00
8070bebb,SBI,timeout,Mastercard,2999,2026-08-08T13:52:00
d5f030fe,HDFC,hard_decline,Visa,499,2026-08-08T13:56:00
47425d1c,SBI,insufficient_funds,UPI_AUTOPAY,499,2026-08-08T14:07:00
032cf2b9,ICICI,issuer_unavailable,Visa,999,2026-08-08T14:08:00
f28b84e1,Kotak,issuer_unavailable,Visa,2999,2026-08-08T14:09:00
ba7f18ca,Axis,insufficient_funds,UPI_AUTOPAY,199,2026-08-08T14:10:00
676a0421,Axis,timeout,UPI_AUTOPAY,1499,2026-08-08T14:19:00
f3e46377,Axis,issuer_unavailable,UPI_AUTOPAY,499,2026-08-08T14:25:00
65e6d18d,Kotak,timeout,UPI_AUTOPAY,1499,2026-08-08T14:25:00
31fc5e06,SBI,timeout,UPI_AUTOPAY,199,2026-08-08T14:26:00
93228c85,SBI,insufficient_funds,RuPay,199,2026-08-08T14:28:00
c68c8f3c,HDFC,hard_decline,UPI_AUTOPAY,999,2026-08-08T14:32:00
4808a9da,Axis,hard_decline,RuPay,299,2026-08-08T14:35:00
070e1f00,SBI,timeout,UPI_AUTOPAY,499,2026-08-08T14:38:00
32f30cf4,ICICI,timeout,Visa,2999,2026-08-08T14:39:00
47b88432,ICICI,insufficient_funds,UPI_AUTOPAY,299,2026-08-08T14:39:00
931604b6,SBI,hard_decline,UPI_AUTOPAY,999,2026-08-08T14:48:00
886f223e,ICICI,timeout,RuPay,299,2026-08-08T14:49:00
c9401f99,Axis,timeout,RuPay,4999,2026-08-08T14:50:00
59c95cd2,SBI,issuer_unavailable,UPI_AUTOPAY,299,2026-08-08T14:51:00
0a1876a2,Kotak,timeout,UPI_AUTOPAY,1499,2026-08-08T14:51:00
898b15ea,HDFC,hard_decline,RuPay,199,2026-08-08T14:51:00
725b73c5,SBI,hard_decline,UPI_AUTOPAY,4999,2026-08-08T14:57:00
c3fc4054,Axis,hard_decline,UPI_AUTOPAY,2999,2026-08-08T15:00:00
768dba5d,Axis,hard_decline,UPI_AUTOPAY,199,2026-08-08T15:02:00
5c633a2d,Axis,insufficient_funds,Visa,4999,2026-08-08T15:04:00
b29d0585,Kotak,timeout,UPI_AUTOPAY,199,2026-08-08T15:08:00
ccce6cf2,ICICI,hard_decline,UPI_AUTOPAY,499,2026-08-08T15:08:00
e5c1c592,Kotak,timeout,UPI_AUTOPAY,2999,2026-08-08T15:09:00
6c238fe2,ICICI,hard_decline,Mastercard,299,2026-08-08T15:21:00
1c9e32c1,SBI,issuer_unavailable,Visa,4999,2026-08-08T15:26:00
e7ce804a,HDFC,insufficient_funds,UPI_AUTOPAY,1499,2026-08-08T15:28:00
497e4206,SBI,hard_decline,UPI_AUTOPAY,199,2026-08-08T15:29:00
4fb71617,SBI,timeout,Mastercard,1499,2026-08-08T15:29:00
5fff09ce,HDFC,timeout,UPI_AUTOPAY,999,2026-08-08T15:30:00
32e171cc,ICICI,issuer_unavailable,Visa,2999,2026-08-08T15:32:00
e0842c09,Kotak,hard_decline,Mastercard,1499,2026-08-08T15:32:00
ebdbe0cb,SBI,timeout,UPI_AUTOPAY,999,2026-08-08T15:32:00
8533d3aa,Axis,hard_decline,UPI_AUTOPAY,499,2026-08-08T15:34:00
9a2fb3eb,Kotak,insufficient_funds,UPI_AUTOPAY,999,2026-08-08T15:38:00
26feddc3,Kotak,insufficient_funds,Visa,4999,2026-08-08T15:42:00
cacdeb35,Axis,timeout,UPI_AUTOPAY,2999,2026-08-08T15:43:00
1ef2f7c5,Kotak,insufficient_funds,UPI_AUTOPAY,499,2026-08-08T15:46:00
6c6c4252,Kotak,issuer_unavailable,Mastercard,199,2026-08-08T15:47:00
6cd433fd,ICICI,insufficient_funds,UPI_AUTOPAY,299,2026-08-08T15:50:00
b0e1bb3a,HDFC,hard_decline,UPI_AUTOPAY,1499,2026-08-08T15:50:00
ff95ba11,ICICI,issuer_unavailable,UPI_AUTOPAY,1499,2026-08-08T15:51:00
77c0599f,Axis,hard_decline,Mastercard,2999,2026-08-08T15:55:00
c93822ab,Kotak,insufficient_funds,Visa,1499,2026-08-08T15:59:00
28dea37a,SBI,timeout,Visa,999,2026-08-08T15:59:00
a3bca931,SBI,insufficient_funds,RuPay,199,2026-08-08T16:01:00
8cc1676f,SBI,timeout,UPI_AUTOPAY,2999,2026-08-08T16:02:00
c6be9d97,Axis,hard_decline,UPI_AUTOPAY,999,2026-08-08T16:06:00
82b3aab9,ICICI,timeout,UPI_AUTOPAY,199,2026-08-08T16:09:00
4f2e52c7,Kotak,timeout,Visa,299,2026-08-08T16:16:00
5ca1db18,Kotak,timeout,UPI_AUTOPAY,2999,2026-08-08T16:18:00
7799eef3,Kotak,issuer_unavailable,RuPay,1499,2026-08-08T16:18:00
fc9ae971,Kotak,insufficient_funds,UPI_AUTOPAY,299,2026-08-08T16:23:00
be7a490d,Axis,insufficient_funds,UPI_AUTOPAY,499,2026-08-08T16:24:00
46020a22,ICICI,insufficient_funds,Mastercard,999,2026-08-08T16:28:00
ce76bc06,HDFC,insufficient_funds,UPI_AUTOPAY,299,2026-08-08T16:32:00
7fa78f45,Kotak,insufficient_funds,Visa,2999,2026-08-08T16:35:00
c8c955bf,SBI,timeout,Visa,1499,2026-08-08T16:36:00
353efe5e,Kotak,insufficient_funds,Mastercard,299,2026-08-08T16:40:00
a80e2884,HDFC,timeout,Visa,2999,2026-08-08T16:40:00
834c895e,Kotak,insufficient_funds,RuPay,299,2026-08-08T16:45:00
e92c9ed0,HDFC,hard_decline,UPI_AUTOPAY,299,2026-08-08T16:59:00
9d18859c,SBI,timeout,RuPay,299,2026-08-08T17:00:00
0fa58e89,Axis,insufficient_funds,Visa,499,2026-08-08T17:01:00
0cab5f58,ICICI,timeout,Visa,4999,2026-08-08T17:01:00
8a345c2a,Kotak,insufficient_funds,RuPay,199,2026-08-08T17:03:00
62ba2bfb,SBI,insufficient_funds,UPI_AUTOPAY,999,2026-08-08T17:03:00
8e7f7f76,HDFC,issuer_unavailable,UPI_AUTOPAY,2999,2026-08-08T17:12:00
dc093af0,ICICI,insufficient_funds,UPI_AUTOPAY,4999,2026-08-08T17:13:00
0122b160,SBI,timeout,Mastercard,299,2026-08-08T17:15:00
28fc828b,Axis,hard_decline,Visa,299,2026-08-08T17:16:00
bf791f00,Kotak,insufficient_funds,UPI_AUTOPAY,299,2026-08-08T17:17:00
c8611afd,SBI,timeout,UPI_AUTOPAY,199,2026-08-08T17:19:00
f83af2ef,Kotak,hard_decline,Visa,299,2026-08-08T17:26:00
c7fe4efd,Axis,timeout,Mastercard,199,2026-08-08T17:28:00
28c87a02,Kotak,timeout,UPI_AUTOPAY,499,2026-08-08T17:33:00
c7c46829,Kotak,insufficient_funds,Mastercard,999,2026-08-08T17:33:00
d9edd072,SBI,timeout,RuPay,199,2026-08-08T17:35:00
423aea5f,SBI,insufficient_funds,UPI_AUTOPAY,499,2026-08-08T17:35:00
51749e57,SBI,timeout,Mastercard,2999,2026-08-08T17:35:00
7b73cada,Axis,timeout,UPI_AUTOPAY,999,2026-08-08T17:35:00
ae7c6de7,HDFC,insufficient_funds,UPI_AUTOPAY,999,2026-08-08T17:44:00
272d02cd,Kotak,timeout,Visa,199,2026-08-08T17:46:00
fb8bf44f,SBI,hard_decline,UPI_AUTOPAY,199,2026-08-08T17:54:00
882d871f,SBI,issuer_unavailable,UPI_AUTOPAY,2999,2026-08-08T17:55:00
fd986efd,ICICI,hard_decline,UPI_AUTOPAY,199,2026-08-08T17:56:00
e2447587,ICICI,insufficient_funds,UPI_AUTOPAY,999,2026-08-08T18:03:00
48a38bd4,Axis,insufficient_funds,UPI_AUTOPAY,499,2026-08-08T18:03:00
9321a549,SBI,insufficient_funds,Mastercard,199,2026-08-08T18:06:00
2754703f,HDFC,issuer_unavailable,UPI_AUTOPAY,999,2026-08-08T18:08:00
ff0f233e,HDFC,timeout,UPI_AUTOPAY,499,2026-08-08T18:16:00
e6ccb26f,HDFC,hard_decline,Visa,4999,2026-08-08T18:17:00
bcfff0cb,Axis,timeout,UPI_AUTOPAY,4999,2026-08-08T18:25:00
1fd4f70c,Axis,insufficient_funds,Visa,299,2026-08-08T18:29:00
98033d46,Kotak,insufficient_funds,UPI_AUTOPAY,4999,2026-08-08T18:30:00
e574507e,Axis,issuer_unavailable,Visa,2999,2026-08-08T18:30:00
eedd0b8a,HDFC,insufficient_funds,Mastercard,4999,2026-08-08T18:40:00
9788981b,Kotak,issuer_unavailable,UPI_AUTOPAY,999,2026-08-08T18:41:00
2b1f9ab0,Kotak,issuer_unavailable,UPI_AUTOPAY,1499,2026-08-08T18:51:00
a32d8aff,Kotak,insufficient_funds,Visa,199,2026-08-08T18:51:00
89568ed1,Axis,timeout,UPI_AUTOPAY,299,2026-08-08T18:55:00
e922031b,Axis,timeout,UPI_AUTOPAY,2999,2026-08-08T18:55:00
d1bae14e,SBI,timeout,UPI_AUTOPAY,199,2026-08-08T18:57:00
2e1ad084,HDFC,issuer_unavailable,RuPay,499,2026-08-08T19:01:00
206f9b61,HDFC,timeout,RuPay,1499,2026-08-08T19:06:00
95b79e89,ICICI,insufficient_funds,UPI_AUTOPAY,999,2026-08-08T19:10:00
e9f1d3ff,Axis,issuer_unavailable,UPI_AUTOPAY,999,2026-08-08T19:10:00
585bac28,Kotak,hard_decline,UPI_AUTOPAY,4999,2026-08-08T19:14:00
8077a33b,Axis,hard_decline,UPI_AUTOPAY,999,2026-08-08T19:23:00
141af55b,HDFC,timeout,UPI_AUTOPAY,999,2026-08-08T19:30:00
72c4eb15,HDFC,hard_decline,UPI_AUTOPAY,2999,2026-08-08T19:33:00
6180bb18,HDFC,issuer_unavailable,UPI_AUTOPAY,199,2026-08-08T19:38:00
3adb3922,ICICI,insufficient_funds,UPI_AUTOPAY,2999,2026-08-08T19:43:00
e0393570,SBI,timeout,UPI_AUTOPAY,4999,2026-08-08T19:45:00
19b0750c,Axis,hard_decline,UPI_AUTOPAY,199,2026-08-08T19:47:00
416bfb4d,SBI,timeout,Mastercard,299,2026-08-08T19:48:00
0e343295,ICICI,timeout,UPI_AUTOPAY,1499,2026-08-08T19:57:00
ab86df2e,Kotak,hard_decline,Visa,1499,2026-08-08T20:00:00
46ed4fb0,SBI,insufficient_funds,RuPay,1499,2026-08-08T20:08:00
adb1ac4e,Axis,timeout,UPI_AUTOPAY,1499,2026-08-08T20:10:00
ed378534,SBI,issuer_unavailable,Visa,499,2026-08-08T20:11:00
faaa3d16,Kotak,timeout,UPI_AUTOPAY,1499,2026-08-08T20:14:00
c4abecd2,Axis,timeout,UPI_AUTOPAY,199,2026-08-08T20:16:00
de86bbf3,Kotak,hard_decline,UPI_AUTOPAY,199,2026-08-08T20:18:00
b0dd71e4,HDFC,hard_decline,UPI_AUTOPAY,999,2026-08-08T20:19:00
34f5f82d,SBI,hard_decline,Visa,199,2026-08-08T20:26:00
e1e424f4,SBI,hard_decline,UPI_AUTOPAY,2999,2026-08-08T20:27:00
6cf3f04e,ICICI,hard_decline,RuPay,199,2026-08-08T20:32:00
53a9f287,HDFC,insufficient_funds,RuPay,999,2026-08-08T20:34:00
6c1e1ff8,HDFC,timeout,UPI_AUTOPAY,2999,2026-08-08T20:39:00
ba03aa61,Axis,timeout,Visa,499,2026-08-08T20:47:00
605f6ffb,Axis,insufficient_funds,RuPay,2999,2026-08-08T20:47:00
88466c02,ICICI,insufficient_funds,UPI_AUTOPAY,1499,2026-08-08T20:50:00
cdbbb04f,Kotak,timeout,Mastercard,199,2026-08-08T20:53:00
ab2cebd4,ICICI,insufficient_funds,UPI_AUTOPAY,499,2026-08-08T21:01:00
6adbfff6,Axis,timeout,Mastercard,999,2026-08-08T21:02:00
7256a10f,HDFC,issuer_unavailable,RuPay,199,2026-08-08T21:03:00
0b8fa1f9,SBI,hard_decline,Visa,299,2026-08-08T21:12:00
5dcc7872,SBI,issuer_unavailable,Mastercard,4999,2026-08-08T21:13:00
68dc79b0,Kotak,hard_decline,Mastercard,1499,2026-08-08T21:15:00
0c8aabec,SBI,insufficient_funds,UPI_AUTOPAY,2999,2026-08-08T21:19:00
265ce59c,ICICI,hard_decline,Visa,4999,2026-08-08T21:19:00
11ef1b6e,SBI,timeout,RuPay,2999,2026-08-08T21:19:00
090be49c,ICICI,insufficient_funds,UPI_AUTOPAY,499,2026-08-08T21:24:00
4b0b175e,Kotak,insufficient_funds,UPI_AUTOPAY,199,2026-08-08T21:35:00
55f577ff,ICICI,insufficient_funds,UPI_AUTOPAY,199,2026-08-08T21:41:00
f2f50a97,HDFC,issuer_unavailable,Visa,499,2026-08-08T21:49:00
164865ea,ICICI,timeout,UPI_AUTOPAY,2999,2026-08-08T21:53:00
3456ad76,Kotak,timeout,Visa,499,2026-08-08T21:54:00
de66b7dc,ICICI,issuer_unavailable,UPI_AUTOPAY,2999,2026-08-08T21:55:00
5068643a,Kotak,timeout,Visa,4999,2026-08-08T21:57:00
0fbce7bc,SBI,timeout,UPI_AUTOPAY,499,2026-08-08T22:02:00
71f65e38,Axis,insufficient_funds,UPI_AUTOPAY,4999,2026-08-08T22:02:00
928ed464,SBI,timeout,Visa,4999,2026-08-08T22:03:00
35a7da5a,SBI,timeout,Visa,4999,2026-08-08T22:04:00
d7b62af7,ICICI,insufficient_funds,UPI_AUTOPAY,199,2026-08-08T22:05:00
028a7899,Kotak,issuer_unavailable,UPI_AUTOPAY,1499,2026-08-08T22:10:00
66df6348,HDFC,insufficient_funds,RuPay,199,2026-08-08T22:12:00
7174a691,Axis,timeout,RuPay,2999,2026-08-08T22:15:00
10a07921,Axis,insufficient_funds,UPI_AUTOPAY,4999,2026-08-08T22:16:00
c59d62fa,Axis,hard_decline,UPI_AUTOPAY,1499,2026-08-08T22:18:00
257c6cb5,ICICI,insufficient_funds,UPI_AUTOPAY,499,2026-08-08T22:21:00
eece735a,ICICI,issuer_unavailable,UPI_AUTOPAY,2999,2026-08-08T22:25:00
0dc9f142,Axis,timeout,UPI_AUTOPAY,999,2026-08-08T22:26:00
b93cb569,ICICI,timeout,RuPay,999,2026-08-08T22:33:00
f6f9e51c,Axis,hard_decline,UPI_AUTOPAY,4999,2026-08-08T22:35:00
c0ea949c,Kotak,hard_decline,RuPay,499,2026-08-08T22:38:00
0b84f4bd,Axis,timeout,Mastercard,1499,2026-08-08T22:39:00
bbc3d341,Axis,insufficient_funds,UPI_AUTOPAY,4999,2026-08-08T22:42:00
1a743246,HDFC,timeout,UPI_AUTOPAY,2999,2026-08-08T22:46:00
bea296f0,SBI,insufficient_funds,Visa,4999,2026-08-08T22:46:00
ca7b8435,ICICI,timeout,RuPay,199,2026-08-08T22:47:00
cb660aaa,ICICI,timeout,Mastercard,1499,2026-08-08T22:50:00
553890b5,Kotak,insufficient_funds,UPI_AUTOPAY,1499,2026-08-08T22:52:00
6772c4e3,SBI,hard_decline,Visa,2999,2026-08-08T23:00:00
4c52d1b7,Axis,hard_decline,RuPay,999,2026-08-08T23:01:00
8fa8f98a,Axis,issuer_unavailable,Visa,999,2026-08-08T23:02:00
225fcca3,Axis,timeout,RuPay,499,2026-08-08T23:06:00
ecbe15b5,Kotak,hard_decline,UPI_AUTOPAY,299,2026-08-08T23:14:00
229292c3,ICICI,issuer_unavailable,RuPay,1499,2026-08-08T23:16:00
ea123537,Kotak,insufficient_funds,Mastercard,999,2026-08-08T23:16:00
452fc8ef,ICICI,hard_decline,UPI_AUTOPAY,999,2026-08-08T23:27:00
b3489f74,Axis,insufficient_funds,Visa,299,2026-08-08T23:30:00
d605a6b1,SBI,issuer_unavailable,Visa,499,2026-08-08T23:40:00
ef064277,Kotak,issuer_unavailable,UPI_AUTOPAY,2999,2026-08-08T23:44:00
c8da5102,Axis,issuer_unavailable,Visa,999,2026-08-08T23:46:00
5f0e15ad,HDFC,insufficient_funds,Mastercard,199,2026-08-08T23:47:00
1494970c,Kotak,insufficient_funds,Mastercard,999,2026-08-08T23:48:00
e0d822bb,Axis,timeout,UPI_AUTOPAY,299,2026-08-08T23:48:00
586dcb1c,Axis,hard_decline,UPI_AUTOPAY,299,2026-08-08T23:49:00
df119a77,Axis,issuer_unavailable,Visa,2999,2026-08-08T23:50:00
1823b30f,HDFC,timeout,UPI_AUTOPAY,1499,2026-08-08T23:52:00
1c2f7021,Axis,insufficient_funds,Visa,499,2026-08-08T23:56:00
d4eaaf6c,Kotak,hard_decline,RuPay,499,2026-08-08T23:56:00
8ea49053,ICICI,issuer_unavailable,UPI_AUTOPAY,199,2026-08-08T23:57:00
5878aefc,ICICI,insufficient_funds,Visa,199,2026-08-08T23:57:00
8640964c,SBI,timeout,UPI_AUTOPAY,4999,2026-08-08T23:57:00
9e80dc94,HDFC,timeout,RuPay,4999,2026-08-09T00:05:00
cd89a072,SBI,issuer_unavailable,UPI_AUTOPAY,199,2026-08-09T00:06:00
256e3781,ICICI,hard_decline,UPI_AUTOPAY,499,2026-08-09T00:10:00
682213f2,SBI,timeout,Visa,499,2026-08-09T00:14:00
d1400e3e,SBI,hard_decline,Visa,499,2026-08-09T00:17:00
6cd2708e,Kotak,issuer_unavailable,UPI_AUTOPAY,2999,2026-08-09T00:18:00
e30d8609,HDFC,issuer_unavailable,Visa,2999,2026-08-09T00:21:00
c7e95374,HDFC,timeout,Mastercard,4999,2026-08-09T00:21:00
a389d749,Axis,insufficient_funds,UPI_AUTOPAY,1499,2026-08-09T00:21:00
df0d2c0e,ICICI,issuer_unavailable,UPI_AUTOPAY,2999,2026-08-09T00:22:00
db35b3dd,SBI,insufficient_funds,Mastercard,299,2026-08-09T00:26:00
9b7e6c7e,Axis,timeout,RuPay,999,2026-08-09T00:29:00
f072fa1e,ICICI,hard_decline,Mastercard,4999,2026-08-09T00:37:00
d9613d09,Axis,insufficient_funds,UPI_AUTOPAY,299,2026-08-09T00:39:00
cc0c62d5,SBI,insufficient_funds,RuPay,1499,2026-08-09T00:42:00
a93a754f,HDFC,timeout,UPI_AUTOPAY,499,2026-08-09T00:42:00
df03b1e8,SBI,hard_decline,UPI_AUTOPAY,999,2026-08-09T00:46:00
026744be,Kotak,issuer_unavailable,Visa,199,2026-08-09T00:47:00
5e457a3b,Axis,insufficient_funds,UPI_AUTOPAY,999,2026-08-09T00:48:00
cca67eb5,Kotak,hard_decline,UPI_AUTOPAY,499,2026-08-09T00:50:00
288f0d28,SBI,timeout,UPI_AUTOPAY,499,2026-08-09T00:51:00
043cb40b,SBI,issuer_unavailable,RuPay,199,2026-08-09T00:56:00
62037e86,SBI,timeout,Visa,499,2026-08-09T01:02:00
719d63db,Axis,hard_decline,UPI_AUTOPAY,199,2026-08-09T01:06:00
6ccc88d7,Kotak,issuer_unavailable,RuPay,299,2026-08-09T01:07:00
21cc98e4,HDFC,timeout,UPI_AUTOPAY,999,2026-08-09T01:13:00
c2cce60e,SBI,timeout,Visa,4999,2026-08-09T01:15:00
5ac4ace4,ICICI,hard_decline,UPI_AUTOPAY,999,2026-08-09T01:20:00
f47d2ed9,SBI,insufficient_funds,RuPay,299,2026-08-09T01:20:00
5f4160d3,SBI,issuer_unavailable,Visa,999,2026-08-09T01:23:00
31b538f0,Axis,insufficient_funds,RuPay,2999,2026-08-09T01:24:00
444a6066,HDFC,insufficient_funds,Mastercard,199,2026-08-09T01:28:00
ac699d19,Axis,insufficient_funds,UPI_AUTOPAY,499,2026-08-09T01:29:00
07380fa1,SBI,insufficient_funds,Visa,2999,2026-08-09T01:33:00
b2e40e5e,SBI,timeout,UPI_AUTOPAY,4999,2026-08-09T01:33:00
4dafe01a,Kotak,hard_decline,RuPay,999,2026-08-09T01:41:00
d6caedba,ICICI,issuer_unavailable,UPI_AUTOPAY,999,2026-08-09T01:53:00
69229f34,Axis,hard_decline,UPI_AUTOPAY,4999,2026-08-09T01:59:00
e412ba6f,Axis,hard_decline,UPI_AUTOPAY,199,2026-08-09T02:00:00
ee4ea3a3,Kotak,timeout,Mastercard,1499,2026-08-09T02:01:00
21b42a02,Axis,timeout,Visa,999,2026-08-09T02:07:00
4c42b6e4,Axis,hard_decline,RuPay,199,2026-08-09T02:07:00
692774ff,SBI,hard_decline,UPI_AUTOPAY,4999,2026-08-09T02:11:00
1dce7e8a,HDFC,hard_decline,UPI_AUTOPAY,199,2026-08-09T02:13:00
f4384aab,SBI,timeout,Mastercard,199,2026-08-09T02:24:00
2d1e89e1,Kotak,timeout,Mastercard,2999,2026-08-09T02:25:00
f695d001,HDFC,timeout,Visa,1499,2026-08-09T02:27:00
850bf08e,Axis,insufficient_funds,Visa,4999,2026-08-09T02:30:00
469603fb,SBI,hard_decline,Visa,4999,2026-08-09T02:37:00
cd14f7ed,HDFC,timeout,Visa,299,2026-08-09T02:37:00
de06db20,Axis,insufficient_funds,RuPay,199,2026-08-09T02:39:00
8cb79b0f,ICICI,issuer_unavailable,Mastercard,499,2026-08-09T02:39:00
6493f131,Kotak,insufficient_funds,RuPay,199,2026-08-09T02:41:00
bd471aa6,SBI,timeout,Mastercard,299,2026-08-09T02:42:00
10c87861,Axis,issuer_unavailable,RuPay,4999,2026-08-09T02:47:00
5269af6c,ICICI,timeout,UPI_AUTOPAY,299,2026-08-09T02:47:00
78fa0630,HDFC,issuer_unavailable,UPI_AUTOPAY,999,2026-08-09T02:49:00
1d7a3f02,Axis,hard_decline,UPI_AUTOPAY,4999,2026-08-09T02:50:00
6bf2b5e6,Kotak,timeout,Visa,999,2026-08-09T02:51:00
1e9bfde6,HDFC,hard_decline,Visa,499,2026-08-09T02:58:00
e969a782,Kotak,issuer_unavailable,UPI_AUTOPAY,999,2026-08-09T03:01:00
c0e8bcd2,ICICI,insufficient_funds,Visa,499,2026-08-09T03:03:00
5ee7b1fc,HDFC,insufficient_funds,RuPay,999,2026-08-09T03:04:00
383a31b7,Kotak,timeout,RuPay,199,2026-08-09T03:04:00
f2f24d54,Kotak,timeout,UPI_AUTOPAY,499,2026-08-09T03:17:00
53553e55,ICICI,insufficient_funds,Mastercard,299,2026-08-09T03:22:00
2c53e30c,HDFC,timeout,Visa,199,2026-08-09T03:25:00
7166a593,HDFC,issuer_unavailable,UPI_AUTOPAY,199,2026-08-09T03:25:00
0f4e1175,SBI,hard_decline,RuPay,999,2026-08-09T03:25:00
b95466e0,HDFC,timeout,RuPay,199,2026-08-09T03:28:00
b0348aa1,ICICI,hard_decline,UPI_AUTOPAY,2999,2026-08-09T03:29:00
94fe8cf9,ICICI,timeout,UPI_AUTOPAY,499,2026-08-09T03:29:00
73c2d29d,ICICI,insufficient_funds,RuPay,499,2026-08-09T03:32:00
67310bf6,Axis,issuer_unavailable,UPI_AUTOPAY,499,2026-08-09T03:33:00
f76a1dd2,Axis,timeout,RuPay,4999,2026-08-09T03:35:00
dce6b51b,HDFC,insufficient_funds,UPI_AUTOPAY,299,2026-08-09T03:37:00
04ad00da,SBI,insufficient_funds,UPI_AUTOPAY,1499,2026-08-09T03:37:00
8ab32a22,SBI,issuer_unavailable,UPI_AUTOPAY,999,2026-08-09T03:47:00
160ab307,ICICI,timeout,UPI_AUTOPAY,199,2026-08-09T03:49:00
cd25e8fd,HDFC,insufficient_funds,UPI_AUTOPAY,2999,2026-08-09T03:52:00
e28aee89,HDFC,timeout,Visa,2999,2026-08-09T03:53:00
5d02b0c1,Kotak,issuer_unavailable,UPI_AUTOPAY,499,2026-08-09T03:53:00
b6d3535c,ICICI,insufficient_funds,Mastercard,199,2026-08-09T03:59:00
993a3f56,Axis,timeout,UPI_AUTOPAY,499,2026-08-09T04:00:00
3ec04a0e,SBI,issuer_unavailable,UPI_AUTOPAY,4999,2026-08-09T04:07:00
5e1691a4,SBI,insufficient_funds,UPI_AUTOPAY,4999,2026-08-09T04:09:00
a6215ae3,Axis,timeout,Visa,4999,2026-08-09T04:10:00
7a3ee4cc,Kotak,insufficient_funds,Mastercard,199,2026-08-09T04:13:00
1ccb4db3,SBI,timeout,RuPay,2999,2026-08-09T04:15:00
0f934e6f,Kotak,timeout,UPI_AUTOPAY,199,2026-08-09T04:16:00
ace159f0,SBI,issuer_unavailable,UPI_AUTOPAY,199,2026-08-09T04:27:00
91aa9d2b,ICICI,timeout,RuPay,2999,2026-08-09T04:28:00
27bd62ab,ICICI,insufficient_funds,RuPay,299,2026-08-09T04:33:00
08a7596d,Axis,issuer_unavailable,Mastercard,2999,2026-08-09T04:36:00
f4e653af,Kotak,issuer_unavailable,UPI_AUTOPAY,199,2026-08-09T04:37:00
8bad3dd3,ICICI,hard_decline,UPI_AUTOPAY,999,2026-08-09T04:38:00
baee1c02,HDFC,hard_decline,Mastercard,1499,2026-08-09T04:46:00
ad5ffe79,HDFC,insufficient_funds,Visa,299,2026-08-09T04:48:00
aa362550,ICICI,timeout,RuPay,499,2026-08-09T04:52:00
7c0ec877,Kotak,hard_decline,Visa,499,2026-08-09T04:57:00
5ee5fac8,Kotak,insufficient_funds,UPI_AUTOPAY,1499,2026-08-09T04:57:00
4a2e9060,Kotak,insufficient_funds,RuPay,299,2026-08-09T04:59:00
e8cc7681,SBI,insufficient_funds,RuPay,4999,2026-08-09T05:04:00
27467f5d,HDFC,timeout,RuPay,4999,2026-08-09T05:05:00
41b70b3a,Axis,insufficient_funds,UPI_AUTOPAY,499,2026-08-09T05:09:00
9791f5d7,HDFC,insufficient_funds,RuPay,999,2026-08-09T05:10:00
2549f1f1,Axis,insufficient_funds,Visa,299,2026-08-09T05:20:00
213eac0a,HDFC,timeout,UPI_AUTOPAY,2999,2026-08-09T05:22:00
c579e4e2,SBI,insufficient_funds,RuPay,199,2026-08-09T05:22:00
29b9d773,SBI,timeout,RuPay,299,2026-08-09T05:23:00
9251dd2e,ICICI,timeout,RuPay,1499,2026-08-09T05:23:00
6d46a970,ICICI,hard_decline,RuPay,999,2026-08-09T05:23:00
5fa46348,HDFC,insufficient_funds,UPI_AUTOPAY,499,2026-08-09T05:25:00
bcc1d6e0,HDFC,issuer_unavailable,Visa,2999,2026-08-09T05:26:00
fbfc1cd5,ICICI,timeout,UPI_AUTOPAY,199,2026-08-09T05:26:00
098fbbaa,Axis,insufficient_funds,Visa,2999,2026-08-09T05:30:00
36d2594e,HDFC,hard_decline,UPI_AUTOPAY,499,2026-08-09T05:32:00
e91921c5,HDFC,issuer_unavailable,Visa,2999,2026-08-09T05:33:00
b4315338,SBI,insufficient_funds,UPI_AUTOPAY,499,2026-08-09T05:37:00
44c61881,Axis,issuer_unavailable,Visa,199,2026-08-09T05:49:00
fdf335d3,Axis,issuer_unavailable,UPI_AUTOPAY,4999,2026-08-09T05:51:00
4415de41,Axis,insufficient_funds,Visa,199,2026-08-09T05:55:00
8ce0e513,Kotak,issuer_unavailable,RuPay,499,2026-08-09T06:08:00
25a5d481,SBI,timeout,UPI_AUTOPAY,1499,2026-08-09T06:08:00
6cbe7fd7,ICICI,timeout,Mastercard,199,2026-08-09T06:09:00
87ecc1e0,HDFC,timeout,Visa,2999,2026-08-09T06:21:00
01f2fe2c,Axis,timeout,RuPay,2999,2026-08-09T06:22:00
107c801d,Kotak,insufficient_funds,UPI_AUTOPAY,2999,2026-08-09T06:23:00
e699e72d,Axis,timeout,Visa,199,2026-08-09T06:24:00
87fcdf10,Axis,insufficient_funds,UPI_AUTOPAY,4999,2026-08-09T06:24:00
165e3ff7,ICICI,issuer_unavailable,UPI_AUTOPAY,299,2026-08-09T06:35:00
02da157f,HDFC,insufficient_funds,Visa,499,2026-08-09T06:36:00
6c2fec4b,Axis,insufficient_funds,RuPay,1499,2026-08-09T06:39:00
bec32fa3,Axis,timeout,RuPay,1499,2026-08-09T06:42:00
a3ea3e47,Axis,timeout,UPI_AUTOPAY,999,2026-08-09T06:44:00
92e1c29e,HDFC,insufficient_funds,UPI_AUTOPAY,4999,2026-08-09T06:50:00
a5c9a462,Axis,hard_decline,UPI_AUTOPAY,999,2026-08-09T06:50:00
846342c1,ICICI,insufficient_funds,UPI_AUTOPAY,299,2026-08-09T06:51:00
503b4ded,Kotak,insufficient_funds,UPI_AUTOPAY,999,2026-08-09T07:02:00
381377b3,Kotak,issuer_unavailable,RuPay,299,2026-08-09T07:06:00
83a57ab6,ICICI,timeout,UPI_AUTOPAY,1499,2026-08-09T07:06:00
2faaad21,Axis,hard_decline,UPI_AUTOPAY,499,2026-08-09T07:10:00
870f3479,ICICI,insufficient_funds,UPI_AUTOPAY,2999,2026-08-09T07:12:00
6fdbdcec,ICICI,timeout,UPI_AUTOPAY,199,2026-08-09T07:21:00
3d09b244,Kotak,insufficient_funds,RuPay,2999,2026-08-09T07:26:00
7fc43f75,ICICI,insufficient_funds,Mastercard,199,2026-08-09T07:29:00
ef35dcf4,Kotak,insufficient_funds,UPI_AUTOPAY,999,2026-08-09T07:30:00
bd8c4737,SBI,timeout,RuPay,299,2026-08-09T07:33:00
621997b0,ICICI,insufficient_funds,RuPay,1499,2026-08-09T07:33:00
9c3eb833,SBI,hard_decline,Visa,999,2026-08-09T07:34:00
418acf31,SBI,issuer_unavailable,Visa,4999,2026-08-09T07:35:00
d43e201f,HDFC,timeout,UPI_AUTOPAY,199,2026-08-09T07:43:00
fc3324e5,SBI,timeout,UPI_AUTOPAY,999,2026-08-09T07:45:00
afdca927,Kotak,insufficient_funds,Mastercard,999,2026-08-09T07:46:00
3d087f69,HDFC,insufficient_funds,UPI_AUTOPAY,4999,2026-08-09T07:48:00
f231ead0,SBI,insufficient_funds,RuPay,199,2026-08-09T07:49:00
c7c686c4,SBI,hard_decline,RuPay,499,2026-08-09T07:53:00
86d7946b,HDFC,hard_decline,UPI_AUTOPAY,999,2026-08-09T07:55:00
367cb34c,HDFC,issuer_unavailable,Mastercard,199,2026-08-09T07:55:00
4185c3de,Kotak,issuer_unavailable,Visa,299,2026-08-09T07:59:00
b50580e1,SBI,insufficient_funds,RuPay,1499,2026-08-09T08:11:00
ecc0d12e,SBI,timeout,UPI_AUTOPAY,199,2026-08-09T08:13:00
9dcc8cd4,SBI,issuer_unavailable,UPI_AUTOPAY,299,2026-08-09T08:15:00
be024e91,Kotak,insufficient_funds,UPI_AUTOPAY,1499,2026-08-09T08:19:00
37060bb7,SBI,insufficient_funds,UPI_AUTOPAY,4999,2026-08-09T08:20:00
ee838d36,Kotak,timeout,UPI_AUTOPAY,4999,2026-08-09T08:23:00
e81341ab,ICICI,hard_decline,Mastercard,199,2026-08-09T08:25:00
726c0798,ICICI,timeout,RuPay,999,2026-08-09T08:29:00
b7bb34f7,SBI,issuer_unavailable,Visa,1499,2026-08-09T08:35:00
dd1b7e66,HDFC,timeout,UPI_AUTOPAY,499,2026-08-09T08:42:00
4bf4c338,Kotak,timeout,Visa,999,2026-08-09T08:47:00
8d59e273,HDFC,insufficient_funds,Mastercard,999,2026-08-09T08:50:00
1eb3bec5,ICICI,insufficient_funds,Visa,999,2026-08-09T08:55:00
2d15da6a,SBI,issuer_unavailable,UPI_AUTOPAY,1499,2026-08-09T09:00:00
cd3b08df,ICICI,hard_decline,UPI_AUTOPAY,2999,2026-08-09T09:03:00
56ef82a7,SBI,issuer_unavailable,RuPay,2999,2026-08-09T09:04:00
27881a91,Axis,timeout,UPI_AUTOPAY,499,2026-08-09T09:04:00
1995f20c,Axis,timeout,RuPay,499,2026-08-09T09:07:00
d92f1a2f,SBI,issuer_unavailable,Mastercard,499,2026-08-09T09:07:00
c69519a1,Axis,issuer_unavailable,UPI_AUTOPAY,2999,2026-08-09T09:11:00
c85b2011,SBI,timeout,Visa,1499,2026-08-09T09:22:00
419d3f21,Kotak,issuer_unavailable,UPI_AUTOPAY,199,2026-08-09T09:24:00
e6424025,HDFC,insufficient_funds,RuPay,199,2026-08-09T09:25:00
bea53107,Axis,insufficient_funds,Visa,1499,2026-08-09T09:27:00
72c13a12,ICICI,issuer_unavailable,RuPay,299,2026-08-09T09:27:00
c97120aa,HDFC,insufficient_funds,UPI_AUTOPAY,499,2026-08-09T09:28:00
af31197d,Kotak,issuer_unavailable,RuPay,499,2026-08-09T09:31:00
bd509725,SBI,hard_decline,UPI_AUTOPAY,999,2026-08-09T09:34:00
7c6f379c,ICICI,insufficient_funds,Visa,2999,2026-08-09T09:34:00
b5e0c6b0,SBI,issuer_unavailable,Visa,499,2026-08-09T09:37:00
95176cb0,SBI,issuer_unavailable,RuPay,1499,2026-08-09T09:42:00
1bba454b,SBI,hard_decline,UPI_AUTOPAY,2999,2026-08-09T09:45:00
c37dc2bf,Kotak,hard_decline,RuPay,4999,2026-08-09T09:49:00
36f56a87,HDFC,timeout,Visa,499,2026-08-09T10:02:00
6886d814,SBI,insufficient_funds,UPI_AUTOPAY,4999,2026-08-09T10:06:00
a660937b,SBI,hard_decline,Visa,199,2026-08-09T10:10:00
cf8a5586,HDFC,timeout,Visa,199,2026-08-09T10:14:00
7a0f58e7,Kotak,insufficient_funds,UPI_AUTOPAY,4999,2026-08-09T10:16:00
c737262a,Kotak,insufficient_funds,UPI_AUTOPAY,199,2026-08-09T10:17:00
b5fa2b46,ICICI,issuer_unavailable,UPI_AUTOPAY,2999,2026-08-09T10:18:00
e4620ec5,Kotak,insufficient_funds,UPI_AUTOPAY,999,2026-08-09T10:21:00
3e6a2d9a,ICICI,timeout,UPI_AUTOPAY,1499,2026-08-09T10:25:00
6acd4c39,SBI,insufficient_funds,Mastercard,999,2026-08-09T10:29:00
b34125f3,SBI,timeout,Mastercard,199,2026-08-09T10:31:00
73f17197,HDFC,insufficient_funds,UPI_AUTOPAY,2999,2026-08-09T10:32:00
a5f33909,Axis,hard_decline,UPI_AUTOPAY,299,2026-08-09T10:46:00
8f32f357,SBI,insufficient_funds,Mastercard,999,2026-08-09T10:46:00
abb910a0,HDFC,insufficient_funds,UPI_AUTOPAY,999,2026-08-09T10:56:00
ffd725db,HDFC,timeout,RuPay,299,2026-08-09T10:57:00
997ca925,HDFC,insufficient_funds,UPI_AUTOPAY,299,2026-08-09T11:03:00
157dbed2,ICICI,issuer_unavailable,RuPay,1499,2026-08-09T11:10:00
a6ebc148,Kotak,timeout,UPI_AUTOPAY,299,2026-08-09T11:11:00
2a1af96f,Axis,issuer_unavailable,Mastercard,1499,2026-08-09T11:11:00
cbf3de62,SBI,timeout,UPI_AUTOPAY,999,2026-08-09T11:18:00
b01042e8,SBI,timeout,UPI_AUTOPAY,2999,2026-08-09T11:24:00
9d67e4c9,Kotak,timeout,Visa,999,2026-08-09T11:27:00
2a223c44,Axis,timeout,RuPay,499,2026-08-09T11:30:00
17fc16ea,ICICI,timeout,RuPay,299,2026-08-09T11:32:00
90d8ca03,SBI,timeout,UPI_AUTOPAY,2999,2026-08-09T11:37:00
9ea2fd10,ICICI,timeout,RuPay,499,2026-08-09T11:40:00
57734cf2,HDFC,insufficient_funds,Mastercard,4999,2026-08-09T11:46:00
e3f76d7c,ICICI,timeout,Mastercard,4999,2026-08-09T11:47:00
5753d9d1,SBI,insufficient_funds,UPI_AUTOPAY,299,2026-08-09T11:52:00
b0be8f7e,ICICI,timeout,RuPay,499,2026-08-09T11:57:00
c7b17931,Kotak,timeout,UPI_AUTOPAY,299,2026-08-09T11:57:00
dc769096,Kotak,timeout,UPI_AUTOPAY,499,2026-08-09T11:59:00
986c5fa6,Axis,timeout,RuPay,299,2026-08-09T12:00:00
30c55e02,Axis,hard_decline,UPI_AUTOPAY,199,2026-08-09T12:01:00
f0388a8e,SBI,issuer_unavailable,RuPay,499,2026-08-09T12:02:00
c7306c80,HDFC,timeout,Visa,1499,2026-08-09T12:06:00
c8c0115b,SBI,timeout,UPI_AUTOPAY,499,2026-08-09T12:07:00
bc5032fa,SBI,hard_decline,UPI_AUTOPAY,499,2026-08-09T12:08:00
df10813d,SBI,timeout,Mastercard,299,2026-08-09T12:10:00
be536276,Kotak,hard_decline,UPI_AUTOPAY,199,2026-08-09T12:11:00
c766645a,Kotak,insufficient_funds,UPI_AUTOPAY,199,2026-08-09T12:11:00
d3125b7e,Axis,insufficient_funds,Mastercard,2999,2026-08-09T12:15:00
a5fc175e,HDFC,timeout,UPI_AUTOPAY,299,2026-08-09T12:17:00
4fe1903e,Kotak,insufficient_funds,Mastercard,4999,2026-08-09T12:22:00
459118c3,Kotak,hard_decline,Mastercard,299,2026-08-09T12:22:00
8409886c,Axis,issuer_unavailable,Visa,1499,2026-08-09T12:29:00
42fb4029,Kotak,insufficient_funds,RuPay,499,2026-08-09T12:31:00
28ea4b8f,HDFC,issuer_unavailable,UPI_AUTOPAY,199,2026-08-09T12:38:00
c4792978,ICICI,issuer_unavailable,Visa,299,2026-08-09T12:38:00
758854c0,Kotak,hard_decline,UPI_AUTOPAY,1499,2026-08-09T12:38:00
5fb3f13f,HDFC,hard_decline,UPI_AUTOPAY,4999,2026-08-09T12:42:00
5fe446d3,Axis,insufficient_funds,UPI_AUTOPAY,499,2026-08-09T12:42:00
aa16f441,Kotak,insufficient_funds,UPI_AUTOPAY,1499,2026-08-09T12:43:00
dabfa302,ICICI,insufficient_funds,RuPay,1499,2026-08-09T12:44:00
b8aa8790,Kotak,timeout,RuPay,499,2026-08-09T12:49:00
fc8ec7f5,Kotak,timeout,UPI_AUTOPAY,499,2026-08-09T12:55:00
978fff8a,Kotak,timeout,UPI_AUTOPAY,1499,2026-08-09T13:00:00
8c4ff03e,ICICI,issuer_unavailable,RuPay,4999,2026-08-09T13:04:00
8d75a968,SBI,timeout,UPI_AUTOPAY,2999,2026-08-09T13:06:00
86315fe1,Axis,hard_decline,UPI_AUTOPAY,499,2026-08-09T13:13:00
9226b73d,HDFC,timeout,Visa,199,2026-08-09T13:22:00
2a79638b,HDFC,insufficient_funds,Visa,1499,2026-08-09T13:32:00
46b4cf65,ICICI,insufficient_funds,RuPay,4999,2026-08-09T13:33:00
8e2e8aa7,ICICI,insufficient_funds,Mastercard,199,2026-08-09T13:41:00
268578e2,Kotak,timeout,RuPay,1499,2026-08-09T13:42:00
26f64d6c,Axis,issuer_unavailable,Visa,2999,2026-08-09T13:43:00
fd33975c,Axis,issuer_unavailable,Visa,2999,2026-08-09T13:44:00
63fc5630,ICICI,hard_decline,Visa,4999,2026-08-09T13:48:00
b05a68c7,SBI,insufficient_funds,Visa,999,2026-08-09T13:51:00
63d5c692,HDFC,insufficient_funds,UPI_AUTOPAY,299,2026-08-09T13:55:00
c0dfd99e,SBI,insufficient_funds,Visa,2999,2026-08-09T14:00:00
d3596bad,SBI,hard_decline,Visa,499,2026-08-09T14:02:00
6b94f38a,ICICI,timeout,RuPay,299,2026-08-09T14:07:00
bc6b897e,Kotak,insufficient_funds,Mastercard,2999,2026-08-09T14:11:00
a54cd47d,HDFC,hard_decline,UPI_AUTOPAY,4999,2026-08-09T14:13:00
72be406c,SBI,timeout,UPI_AUTOPAY,4999,2026-08-09T14:17:00
33749312,SBI,timeout,Visa,999,2026-08-09T14:19:00
d24877ee,Axis,timeout,Visa,1499,2026-08-09T14:20:00
5d6699b3,ICICI,timeout,RuPay,999,2026-08-09T14:24:00
166486c3,Kotak,timeout,UPI_AUTOPAY,499,2026-08-09T14:26:00
0bd7acf9,SBI,timeout,RuPay,299,2026-08-09T14:32:00
7f33624b,SBI,timeout,UPI_AUTOPAY,999,2026-08-09T14:35:00
0d76fc0d,HDFC,insufficient_funds,Visa,499,2026-08-09T14:35:00
ef8f2e22,Kotak,timeout,Visa,1499,2026-08-09T14:36:00
88a7a744,HDFC,hard_decline,Mastercard,1499,2026-08-09T14:38:00
f0f35a59,Axis,timeout,UPI_AUTOPAY,1499,2026-08-09T14:42:00
404b47a1,ICICI,timeout,UPI_AUTOPAY,2999,2026-08-09T14:42:00
804239f5,Kotak,timeout,UPI_AUTOPAY,299,2026-08-09T14:45:00
5d75553e,SBI,timeout,RuPay,999,2026-08-09T14:48:00
4359c317,Axis,timeout,UPI_AUTOPAY,199,2026-08-09T15:08:00
7fdd4af7,Kotak,insufficient_funds,RuPay,2999,2026-08-09T15:10:00
2892d6b7,SBI,hard_decline,UPI_AUTOPAY,199,2026-08-09T15:12:00
8fe021eb,HDFC,insufficient_funds,RuPay,199,2026-08-09T15:14:00
a2035d7d,Kotak,insufficient_funds,UPI_AUTOPAY,299,2026-08-09T15:25:00
48ee50dc,Axis,issuer_unavailable,Visa,199,2026-08-09T15:27:00
064a3baa,ICICI,timeout,Visa,199,2026-08-09T15:28:00
03138ddc,Kotak,timeout,UPI_AUTOPAY,999,2026-08-09T15:29:00
00a89428,HDFC,timeout,UPI_AUTOPAY,499,2026-08-09T15:33:00
3fdf5b5b,Kotak,insufficient_funds,Visa,999,2026-08-09T15:38:00
355e75ed,HDFC,insufficient_funds,UPI_AUTOPAY,199,2026-08-09T15:41:00
85d3a6f4,Axis,timeout,Visa,199,2026-08-09T15:42:00
ea71eec0,HDFC,insufficient_funds,UPI_AUTOPAY,299,2026-08-09T15:46:00
365de966,ICICI,issuer_unavailable,UPI_AUTOPAY,2999,2026-08-09T15:47:00
75d24668,Kotak,insufficient_funds,RuPay,999,2026-08-09T15:47:00
873e77ac,ICICI,issuer_unavailable,Mastercard,199,2026-08-09T15:53:00
e9984ca5,HDFC,hard_decline,UPI_AUTOPAY,999,2026-08-09T16:03:00
a798da23,HDFC,issuer_unavailable,Mastercard,2999,2026-08-09T16:09:00
f06ef6b8,HDFC,insufficient_funds,RuPay,4999,2026-08-09T16:14:00
9698240b,Axis,hard_decline,UPI_AUTOPAY,999,2026-08-09T16:15:00
e947f072,Kotak,timeout,UPI_AUTOPAY,299,2026-08-09T16:19:00
9ea2320a,Kotak,hard_decline,UPI_AUTOPAY,299,2026-08-09T16:27:00
2e232788,SBI,insufficient_funds,Visa,999,2026-08-09T16:33:00
2b0009ef,ICICI,hard_decline,Mastercard,299,2026-08-09T16:41:00
142bbfd6,Axis,issuer_unavailable,UPI_AUTOPAY,4999,2026-08-09T16:42:00
d6861b65,SBI,timeout,Visa,199,2026-08-09T16:52:00
fce8f7ee,SBI,hard_decline,UPI_AUTOPAY,999,2026-08-09T16:54:00
aacdc086,ICICI,insufficient_funds,UPI_AUTOPAY,499,2026-08-09T17:01:00
92c5fd3e,Axis,insufficient_funds,Mastercard,2999,2026-08-09T17:02:00
48ca1132,HDFC,timeout,UPI_AUTOPAY,2999,2026-08-09T17:03:00
f7332ccc,Kotak,issuer_unavailable,UPI_AUTOPAY,299,2026-08-09T17:08:00
50dcd053,Axis,timeout,UPI_AUTOPAY,299,2026-08-09T17:08:00
d0cafe0f,ICICI,issuer_unavailable,UPI_AUTOPAY,2999,2026-08-09T17:12:00
59ea4afa,Kotak,timeout,Mastercard,1499,2026-08-09T17:24:00
71887414,SBI,timeout,UPI_AUTOPAY,999,2026-08-09T17:27:00
a0b5b58d,Kotak,insufficient_funds,RuPay,199,2026-08-09T17:35:00
4e65590c,ICICI,hard_decline,RuPay,999,2026-08-09T17:37:00
19c0df8d,HDFC,hard_decline,Visa,2999,2026-08-09T17:40:00
e99e668b,ICICI,issuer_unavailable,RuPay,499,2026-08-09T17:43:00
684d4edb,HDFC,issuer_unavailable,UPI_AUTOPAY,499,2026-08-09T17:44:00
653208ca,SBI,hard_decline,Visa,2999,2026-08-09T17:50:00
167ad364,SBI,issuer_unavailable,Mastercard,4999,2026-08-09T17:52:00
71c25a7a,HDFC,hard_decline,Visa,999,2026-08-09T17:55:00
c69985b5,Kotak,insufficient_funds,RuPay,499,2026-08-09T17:57:00
c021e6b8,HDFC,hard_decline,UPI_AUTOPAY,499,2026-08-09T18:00:00
9b408a80,SBI,timeout,UPI_AUTOPAY,999,2026-08-09T18:01:00
704f8e50,ICICI,insufficient_funds,RuPay,2999,2026-08-09T18:04:00
cdca2400,ICICI,issuer_unavailable,UPI_AUTOPAY,2999,2026-08-09T18:13:00
a0c98ed4,HDFC,insufficient_funds,UPI_AUTOPAY,1499,2026-08-09T18:16:00
889348d8,Axis,timeout,RuPay,999,2026-08-09T18:17:00
74437b57,HDFC,hard_decline,RuPay,2999,2026-08-09T18:17:00
615e1ab6,Axis,insufficient_funds,Visa,999,2026-08-09T18:17:00
c4758fa7,HDFC,insufficient_funds,Visa,499,2026-08-09T18:17:00
f24360ee,HDFC,issuer_unavailable,Visa,199,2026-08-09T18:19:00
afebb7bb,HDFC,timeout,RuPay,199,2026-08-09T18:22:00
d276e209,ICICI,timeout,RuPay,199,2026-08-09T18:28:00
889c89e0,Axis,issuer_unavailable,UPI_AUTOPAY,1499,2026-08-09T18:32:00
844a6710,SBI,insufficient_funds,RuPay,999,2026-08-09T18:37:00
172f2faa,Axis,timeout,UPI_AUTOPAY,1499,2026-08-09T18:42:00
a0165f63,Kotak,insufficient_funds,UPI_AUTOPAY,999,2026-08-09T18:44:00
7ac22fce,SBI,issuer_unavailable,UPI_AUTOPAY,499,2026-08-09T18:45:00
8ada06e1,SBI,timeout,Visa,199,2026-08-09T18:49:00
b91539a1,HDFC,insufficient_funds,UPI_AUTOPAY,199,2026-08-09T18:50:00
c26bb96b,Axis,insufficient_funds,UPI_AUTOPAY,999,2026-08-09T18:50:00
3aa1c295,ICICI,timeout,UPI_AUTOPAY,299,2026-08-09T18:54:00
b27a8f27,SBI,timeout,RuPay,2999,2026-08-09T19:05:00
d49d52fd,HDFC,insufficient_funds,UPI_AUTOPAY,499,2026-08-09T19:16:00
fd09b82d,ICICI,insufficient_funds,UPI_AUTOPAY,1499,2026-08-09T19:20:00
678f6c0b,HDFC,timeout,Mastercard,4999,2026-08-09T19:22:00
ff8237ed,HDFC,timeout,UPI_AUTOPAY,199,2026-08-09T19:22:00
4b87198c,HDFC,timeout,UPI_AUTOPAY,1499,2026-08-09T19:24:00
8b32a4f5,Axis,issuer_unavailable,UPI_AUTOPAY,299,2026-08-09T19:27:00
0b81fdd3,ICICI,insufficient_funds,Mastercard,499,2026-08-09T19:30:00
751c63f8,SBI,timeout,UPI_AUTOPAY,299,2026-08-09T19:32:00
a7f67fcd,Axis,hard_decline,UPI_AUTOPAY,199,2026-08-09T19:33:00
97e373df,Axis,issuer_unavailable,UPI_AUTOPAY,199,2026-08-09T19:36:00
4010c270,HDFC,issuer_unavailable,Visa,4999,2026-08-09T19:36:00
fce79215,ICICI,timeout,UPI_AUTOPAY,499,2026-08-09T19:36:00
473fde44,Axis,insufficient_funds,RuPay,999,2026-08-09T19:39:00
db537d92,Kotak,issuer_unavailable,Visa,199,2026-08-09T19:42:00
302a8ba5,Axis,timeout,UPI_AUTOPAY,999,2026-08-09T19:49:00
81bd78bf,Kotak,timeout,RuPay,199,2026-08-09T19:52:00
7b7ef2fa,HDFC,insufficient_funds,Mastercard,2999,2026-08-09T19:54:00
63bb7159,ICICI,insufficient_funds,RuPay,999,2026-08-09T19:55:00
e5bfd354,Axis,insufficient_funds,Visa,499,2026-08-09T20:08:00
82588d5c,Kotak,hard_decline,UPI_AUTOPAY,2999,2026-08-09T20:08:00
daebb0b3,ICICI,issuer_unavailable,UPI_AUTOPAY,1499,2026-08-09T20:13:00
b1f4bbb8,Axis,insufficient_funds,Mastercard,499,2026-08-09T20:13:00
067a76ab,SBI,insufficient_funds,RuPay,499,2026-08-09T20:18:00
60a1f6b4,SBI,timeout,Mastercard,199,2026-08-09T20:18:00
6a31c2e9,SBI,timeout,Mastercard,199,2026-08-09T20:26:00
f3e58a4b,SBI,insufficient_funds,UPI_AUTOPAY,1499,2026-08-09T20:26:00
effafc96,HDFC,insufficient_funds,UPI_AUTOPAY,2999,2026-08-09T20:27:00
8f966920,HDFC,timeout,UPI_AUTOPAY,2999,2026-08-09T20:30:00
1615b5d8,Kotak,insufficient_funds,UPI_AUTOPAY,499,2026-08-09T20:35:00
b5fc77f8,Axis,insufficient_funds,RuPay,499,2026-08-09T20:37:00
919cdafc,SBI,timeout,UPI_AUTOPAY,2999,2026-08-09T20:37:00
a2778abc,HDFC,issuer_unavailable,Mastercard,299,2026-08-09T20:39:00
575c1f97,ICICI,timeout,Visa,299,2026-08-09T20:45:00
eb8cb905,ICICI,timeout,UPI_AUTOPAY,999,2026-08-09T20:46:00
4293e937,SBI,timeout,Mastercard,999,2026-08-09T20:47:00
4199ed22,HDFC,insufficient_funds,UPI_AUTOPAY,2999,2026-08-09T20:48:00
267f9c28,HDFC,timeout,UPI_AUTOPAY,199,2026-08-09T20:56:00
8a4bf534,HDFC,issuer_unavailable,Mastercard,199,2026-08-09T21:01:00
ec4be762,Kotak,hard_decline,UPI_AUTOPAY,499,2026-08-09T21:02:00
08e8d493,ICICI,insufficient_funds,RuPay,499,2026-08-09T21:04:00
1ef9bc74,SBI,hard_decline,RuPay,2999,2026-08-09T21:04:00
d0f633ba,Kotak,issuer_unavailable,RuPay,2999,2026-08-09T21:13:00
5bc0d5ac,HDFC,issuer_unavailable,UPI_AUTOPAY,299,2026-08-09T21:14:00
4959fd37,SBI,hard_decline,Mastercard,499,2026-08-09T21:16:00
aaaa1e20,Kotak,issuer_unavailable,Mastercard,499,2026-08-09T21:16:00
5cef6e82,ICICI,timeout,UPI_AUTOPAY,199,2026-08-09T21:22:00
432824ee,HDFC,timeout,UPI_AUTOPAY,499,2026-08-09T21:25:00
89a7b206,HDFC,issuer_unavailable,UPI_AUTOPAY,4999,2026-08-09T21:25:00
390946db,SBI,insufficient_funds,RuPay,1499,2026-08-09T21:27:00
b1ee6443,SBI,issuer_unavailable,Mastercard,299,2026-08-09T21:30:00
dcfac4fe,Kotak,timeout,Visa,4999,2026-08-09T21:32:00
0b5b8d2a,SBI,insufficient_funds,Mastercard,199,2026-08-09T21:38:00
bb9769b8,ICICI,timeout,UPI_AUTOPAY,2999,2026-08-09T21:38:00
283d332e,Axis,hard_decline,Visa,299,2026-08-09T21:40:00
3b0afc9f,HDFC,timeout,Visa,299,2026-08-09T21:46:00
8e4400d4,HDFC,insufficient_funds,UPI_AUTOPAY,199,2026-08-09T21:48:00
68cc1695,ICICI,timeout,UPI_AUTOPAY,999,2026-08-09T21:49:00
49d5c93b,ICICI,insufficient_funds,UPI_AUTOPAY,499,2026-08-09T21:50:00
303a113c,ICICI,insufficient_funds,UPI_AUTOPAY,499,2026-08-09T21:52:00
dc0637ac,ICICI,insufficient_funds,RuPay,299,2026-08-09T21:57:00
ebc1efb3,Kotak,timeout,UPI_AUTOPAY,2999,2026-08-09T21:58:00
ea342212,SBI,timeout,UPI_AUTOPAY,299,2026-08-09T21:58:00
c0390d15,HDFC,hard_decline,UPI_AUTOPAY,199,2026-08-09T22:10:00
0728d6c9,Axis,hard_decline,Visa,499,2026-08-09T22:22:00
5220b8db,SBI,issuer_unavailable,UPI_AUTOPAY,2999,2026-08-09T22:24:00
d94e1c00,Axis,issuer_unavailable,UPI_AUTOPAY,4999,2026-08-09T22:33:00
aad257f1,ICICI,issuer_unavailable,UPI_AUTOPAY,499,2026-08-09T22:35:00
43553e2c,ICICI,timeout,UPI_AUTOPAY,1499,2026-08-09T22:36:00
122df9b0,Axis,issuer_unavailable,UPI_AUTOPAY,2999,2026-08-09T22:43:00
9e7d6d51,Kotak,hard_decline,UPI_AUTOPAY,2999,2026-08-09T22:50:00
0019414b,ICICI,issuer_unavailable,Visa,4999,2026-08-09T22:53:00
aba204c9,ICICI,issuer_unavailable,RuPay,999,2026-08-09T22:54:00
62dcce12,SBI,timeout,UPI_AUTOPAY,199,2026-08-09T22:55:00
3b63adb3,SBI,hard_decline,Visa,199,2026-08-09T23:00:00
d246ad1e,HDFC,hard_decline,UPI_AUTOPAY,999,2026-08-09T23:00:00
5f0d51f2,HDFC,insufficient_funds,UPI_AUTOPAY,4999,2026-08-09T23:01:00
8ce32a58,HDFC,insufficient_funds,UPI_AUTOPAY,499,2026-08-09T23:04:00
ac9f4c83,Kotak,timeout,Mastercard,199,2026-08-09T23:06:00
d9aca70f,Kotak,hard_decline,Mastercard,299,2026-08-09T23:06:00
73f3630e,SBI,insufficient_funds,Visa,199,2026-08-09T23:07:00
6951f271,SBI,timeout,Visa,299,2026-08-09T23:08:00
0317ace4,SBI,hard_decline,UPI_AUTOPAY,999,2026-08-09T23:09:00
c618530b,SBI,insufficient_funds,RuPay,499,2026-08-09T23:10:00
1789e3e0,SBI,insufficient_funds,RuPay,4999,2026-08-09T23:12:00
b9b7f8dd,SBI,timeout,UPI_AUTOPAY,1499,2026-08-09T23:12:00
cf5ed5a2,ICICI,timeout,RuPay,2999,2026-08-09T23:14:00
6f9b1cc4,ICICI,insufficient_funds,UPI_AUTOPAY,999,2026-08-09T23:14:00
f862b608,Axis,insufficient_funds,Visa,299,2026-08-09T23:19:00
36f7ab77,SBI,timeout,Mastercard,499,2026-08-09T23:25:00
71e439df,ICICI,timeout,UPI_AUTOPAY,4999,2026-08-09T23:28:00
ca21ec0f,Axis,hard_decline,UPI_AUTOPAY,299,2026-08-09T23:29:00
94719e1c,SBI,hard_decline,UPI_AUTOPAY,299,2026-08-09T23:29:00
a4062420,ICICI,timeout,RuPay,1499,2026-08-09T23:36:00
82f00f89,ICICI,timeout,RuPay,299,2026-08-09T23:38:00
c766dad8,HDFC,hard_decline,UPI_AUTOPAY,499,2026-08-09T23:38:00
e514720c,ICICI,timeout,RuPay,499,2026-08-09T23:44:00
22a4ccb0,Axis,insufficient_funds,UPI_AUTOPAY,1499,2026-08-09T23:45:00
1d538be8,Kotak,insufficient_funds,RuPay,999,2026-08-09T23:45:00
b09187e3,HDFC,hard_decline,UPI_AUTOPAY,999,2026-08-09T23:50:00
3b972714,HDFC,hard_decline,Mastercard,199,2026-08-09T23:51:00
685ef572,Kotak,issuer_unavailable,Visa,299,2026-08-09T23:53:00
d37eb393,HDFC,issuer_unavailable,RuPay,4999,2026-08-09T23:56:00
6bba80c5,HDFC,timeout,UPI_AUTOPAY,499,2026-08-09T23:57:00
2bc95ca7,Kotak,timeout,UPI_AUTOPAY,199,2026-08-09T23:58:00
5d8904f5,ICICI,insufficient_funds,UPI_AUTOPAY,2999,2026-08-10T00:03:00
81790cf3,ICICI,hard_decline,Mastercard,1499,2026-08-10T00:05:00
8dc45c93,Kotak,issuer_unavailable,Visa,999,2026-08-10T00:09:00
31b530dc,ICICI,timeout,RuPay,1499,2026-08-10T00:21:00
bc35f71f,ICICI,timeout,UPI_AUTOPAY,299,2026-08-10T00:21:00
0c8c8464,ICICI,timeout,UPI_AUTOPAY,299,2026-08-10T00:24:00
b19a7f4e,Axis,timeout,UPI_AUTOPAY,299,2026-08-10T00:26:00
95cc356e,ICICI,hard_decline,Visa,199,2026-08-10T00:30:00
d946d10f,SBI,issuer_unavailable,UPI_AUTOPAY,299,2026-08-10T00:31:00
e6a3ba79,Axis,issuer_unavailable,Mastercard,499,2026-08-10T00:35:00
945854c5,Kotak,issuer_unavailable,UPI_AUTOPAY,2999,2026-08-10T00:36:00
63632fd8,HDFC,insufficient_funds,UPI_AUTOPAY,499,2026-08-10T00:38:00
7a854d82,HDFC,timeout,UPI_AUTOPAY,999,2026-08-10T00:40:00
df5153e6,HDFC,insufficient_funds,UPI_AUTOPAY,199,2026-08-10T00:43:00
beacec20,SBI,timeout,RuPay,499,2026-08-10T00:46:00
48d96894,Axis,timeout,RuPay,4999,2026-08-10T00:47:00
2bc0654e,HDFC,hard_decline,Visa,2999,2026-08-10T00:49:00
928c07a6,Kotak,timeout,Mastercard,499,2026-08-10T00:50:00
7da4d459,Kotak,insufficient_funds,UPI_AUTOPAY,1499,2026-08-10T00:51:00
c9309e87,Axis,issuer_unavailable,RuPay,199,2026-08-10T01:00:00
faff4818,SBI,issuer_unavailable,UPI_AUTOPAY,2999,2026-08-10T01:02:00
a3d837b1,SBI,insufficient_funds,RuPay,499,2026-08-10T01:03:00
2eda0463,SBI,insufficient_funds,RuPay,1499,2026-08-10T01:05:00
184c6ab0,Kotak,issuer_unavailable,Visa,299,2026-08-10T01:08:00
b3eaef6e,ICICI,timeout,UPI_AUTOPAY,999,2026-08-10T01:08:00
d4472481,Axis,hard_decline,UPI_AUTOPAY,1499,2026-08-10T01:11:00
66e1fad2,HDFC,timeout,RuPay,4999,2026-08-10T01:12:00
f6140abd,SBI,hard_decline,RuPay,1499,2026-08-10T01:12:00
623a7af6,Kotak,hard_decline,RuPay,999,2026-08-10T01:15:00
4dbe36b9,ICICI,timeout,Visa,499,2026-08-10T01:15:00
93af5dbc,SBI,hard_decline,Visa,499,2026-08-10T01:16:00
db872e4e,ICICI,hard_decline,Visa,299,2026-08-10T01:17:00
b2a32f51,Kotak,insufficient_funds,UPI_AUTOPAY,199,2026-08-10T01:19:00
69915cca,ICICI,hard_decline,Mastercard,199,2026-08-10T01:21:00
22974e68,SBI,insufficient_funds,UPI_AUTOPAY,999,2026-08-10T01:23:00
675ef352,SBI,hard_decline,UPI_AUTOPAY,999,2026-08-10T01:25:00
d7b6c1c2,HDFC,timeout,UPI_AUTOPAY,499,2026-08-10T01:31:00
1dcaa249,HDFC,issuer_unavailable,Mastercard,2999,2026-08-10T01:40:00
e78c3983,HDFC,insufficient_funds,UPI_AUTOPAY,999,2026-08-10T01:44:00
c49ed0a5,Axis,hard_decline,RuPay,1499,2026-08-10T01:47:00
5bde4bac,Kotak,insufficient_funds,UPI_AUTOPAY,199,2026-08-10T01:50:00
7e543653,HDFC,timeout,RuPay,2999,2026-08-10T01:50:00
fe29c462,Kotak,insufficient_funds,Mastercard,299,2026-08-10T01:52:00
a0001ebd,Kotak,hard_decline,RuPay,2999,2026-08-10T01:53:00
6584f3f2,SBI,timeout,Visa,199,2026-08-10T01:55:00
f756b280,SBI,timeout,UPI_AUTOPAY,4999,2026-08-10T01:55:00
97700695,ICICI,insufficient_funds,RuPay,4999,2026-08-10T02:00:00
0457a0be,Axis,issuer_unavailable,UPI_AUTOPAY,199,2026-08-10T02:01:00
d2beffcc,HDFC,insufficient_funds,RuPay,1499,2026-08-10T02:05:00
ff757690,SBI,hard_decline,Visa,2999,2026-08-10T02:10:00
3f169b6b,Kotak,hard_decline,Mastercard,499,2026-08-10T02:11:00
f0650374,Axis,issuer_unavailable,RuPay,299,2026-08-10T02:12:00
65120d7b,ICICI,timeout,RuPay,1499,2026-08-10T02:12:00
19f417fb,HDFC,issuer_unavailable,UPI_AUTOPAY,199,2026-08-10T02:17:00
ebbabecf,Kotak,timeout,UPI_AUTOPAY,299,2026-08-10T02:18:00
04d5347c,Kotak,timeout,Visa,199,2026-08-10T02:20:00
8f803c52,Kotak,insufficient_funds,UPI_AUTOPAY,499,2026-08-10T02:27:00
28ccd621,ICICI,issuer_unavailable,UPI_AUTOPAY,299,2026-08-10T02:29:00
e157f8a6,Kotak,insufficient_funds,RuPay,1499,2026-08-10T02:33:00
833094c3,SBI,timeout,Visa,299,2026-08-10T02:33:00
673eee6b,HDFC,timeout,Mastercard,199,2026-08-10T02:43:00
36d6532b,Axis,insufficient_funds,UPI_AUTOPAY,2999,2026-08-10T02:45:00
f2a3be94,SBI,timeout,Mastercard,2999,2026-08-10T02:45:00
c183f8fc,Kotak,hard_decline,UPI_AUTOPAY,4999,2026-08-10T02:46:00
0c7abc4d,Axis,timeout,UPI_AUTOPAY,499,2026-08-10T02:47:00
0e57f8a3,Axis,issuer_unavailable,UPI_AUTOPAY,1499,2026-08-10T02:48:00
dc917436,Axis,timeout,Mastercard,199,2026-08-10T02:48:00
936dda74,ICICI,timeout,UPI_AUTOPAY,2999,2026-08-10T02:54:00
f9a184eb,Kotak,insufficient_funds,UPI_AUTOPAY,199,2026-08-10T02:54:00
694f8d26,Kotak,insufficient_funds,UPI_AUTOPAY,999,2026-08-10T03:04:00
7ab4d2dc,SBI,issuer_unavailable,UPI_AUTOPAY,199,2026-08-10T03:08:00
6687a4e4,HDFC,timeout,Visa,299,2026-08-10T03:09:00
ae7866dc,Kotak,timeout,Mastercard,199,2026-08-10T03:09:00
ed7a02e5,Axis,insufficient_funds,Mastercard,299,2026-08-10T03:16:00
bb901d29,SBI,timeout,UPI_AUTOPAY,4999,2026-08-10T03:17:00
5f634e31,ICICI,insufficient_funds,Mastercard,199,2026-08-10T03:22:00
ad0997c7,Axis,hard_decline,Mastercard,4999,2026-08-10T03:26:00
91f3d465,HDFC,insufficient_funds,RuPay,4999,2026-08-10T03:28:00
ecdcf3db,HDFC,timeout,UPI_AUTOPAY,4999,2026-08-10T03:33:00
1c893809,SBI,timeout,Visa,199,2026-08-10T03:33:00
6be778c5,HDFC,insufficient_funds,Mastercard,999,2026-08-10T03:36:00
abd46360,HDFC,insufficient_funds,UPI_AUTOPAY,2999,2026-08-10T03:36:00
a93ea063,HDFC,issuer_unavailable,UPI_AUTOPAY,1499,2026-08-10T03:40:00
6664f658,Axis,timeout,Mastercard,499,2026-08-10T03:52:00
7309ce9e,Kotak,issuer_unavailable,RuPay,499,2026-08-10T03:52:00
3ad5178d,Kotak,insufficient_funds,RuPay,1499,2026-08-10T03:52:00
968bec46,Kotak,timeout,Mastercard,2999,2026-08-10T03:53:00
faed9a6f,Kotak,hard_decline,Visa,2999,2026-08-10T03:56:00
244d88a6,Kotak,timeout,Mastercard,199,2026-08-10T03:57:00
4b2234de,Axis,insufficient_funds,UPI_AUTOPAY,199,2026-08-10T04:02:00
53bfc989,HDFC,timeout,Mastercard,2999,2026-08-10T04:05:00
56316ca4,Kotak,hard_decline,UPI_AUTOPAY,299,2026-08-10T04:08:00
4c1a7985,ICICI,insufficient_funds,UPI_AUTOPAY,999,2026-08-10T04:09:00
96978fe3,Kotak,timeout,RuPay,499,2026-08-10T04:09:00
0d29e8df,Kotak,insufficient_funds,UPI_AUTOPAY,1499,2026-08-10T04:13:00
c3257bd9,Axis,insufficient_funds,RuPay,4999,2026-08-10T04:15:00
3cc2ea8e,SBI,issuer_unavailable,RuPay,499,2026-08-10T04:21:00
d145882f,Kotak,hard_decline,UPI_AUTOPAY,2999,2026-08-10T04:23:00
b2baa41b,HDFC,timeout,RuPay,199,2026-08-10T04:31:00
e0cf2f9b,Kotak,timeout,Visa,199,2026-08-10T04:34:00
4a2385d0,Kotak,insufficient_funds,UPI_AUTOPAY,499,2026-08-10T04:34:00
7368d913,Kotak,timeout,Mastercard,299,2026-08-10T04:44:00
ccacd7e2,HDFC,insufficient_funds,UPI_AUTOPAY,299,2026-08-10T04:50:00
d363eb70,Kotak,timeout,RuPay,4999,2026-08-10T04:54:00
07162d84,Kotak,timeout,Mastercard,299,2026-08-10T04:54:00
0f9f71c2,Kotak,issuer_unavailable,Mastercard,999,2026-08-10T04:55:00
8da088cd,ICICI,timeout,Mastercard,4999,2026-08-10T05:02:00
89e02a09,Axis,timeout,UPI_AUTOPAY,499,2026-08-10T05:03:00
9f2281e5,SBI,issuer_unavailable,RuPay,199,2026-08-10T05:04:00
537884b1,Kotak,insufficient_funds,UPI_AUTOPAY,4999,2026-08-10T05:04:00
6cc6ac34,Kotak,timeout,RuPay,1499,2026-08-10T05:07:00
a32d6081,HDFC,insufficient_funds,UPI_AUTOPAY,999,2026-08-10T05:09:00
c38ecb85,Axis,timeout,Mastercard,299,2026-08-10T05:10:00
1e7d2b97,HDFC,timeout,UPI_AUTOPAY,199,2026-08-10T05:10:00
2c7653b4,SBI,hard_decline,UPI_AUTOPAY,2999,2026-08-10T05:12:00
cb414c69,SBI,timeout,RuPay,4999,2026-08-10T05:13:00
9ea80b19,Axis,timeout,RuPay,1499,2026-08-10T05:20:00
24210e07,Kotak,hard_decline,Visa,1499,2026-08-10T05:23:00
59771c9c,Axis,timeout,Visa,199,2026-08-10T05:24:00
f1441434,Kotak,insufficient_funds,RuPay,1499,2026-08-10T05:28:00
7740403f,ICICI,issuer_unavailable,Visa,199,2026-08-10T05:28:00
b5d40bae,HDFC,insufficient_funds,Mastercard,999,2026-08-10T05:30:00
f9d29dd7,HDFC,timeout,UPI_AUTOPAY,299,2026-08-10T05:32:00
d0e35e29,SBI,insufficient_funds,UPI_AUTOPAY,499,2026-08-10T05:34:00
d3ce2e98,HDFC,insufficient_funds,UPI_AUTOPAY,1499,2026-08-10T05:35:00
479c8618,Kotak,issuer_unavailable,RuPay,499,2026-08-10T05:37:00
5ed99d08,HDFC,insufficient_funds,UPI_AUTOPAY,4999,2026-08-10T05:38:00
e42d61a5,HDFC,timeout,RuPay,299,2026-08-10T05:40:00
586187b2,SBI,timeout,Mastercard,199,2026-08-10T05:42:00
3267e16f,Axis,insufficient_funds,UPI_AUTOPAY,199,2026-08-10T05:43:00
9d4db1ac,ICICI,timeout,UPI_AUTOPAY,199,2026-08-10T05:44:00
9afda61d,ICICI,timeout,UPI_AUTOPAY,199,2026-08-10T05:47:00
424d8f9a,HDFC,timeout,UPI_AUTOPAY,2999,2026-08-10T05:54:00
827df7ad,Axis,insufficient_funds,UPI_AUTOPAY,4999,2026-08-10T05:57:00
4784b708,Kotak,insufficient_funds,Visa,299,2026-08-10T05:57:00
009e37db,Axis,timeout,Visa,2999,2026-08-10T06:01:00
ede78732,Kotak,issuer_unavailable,UPI_AUTOPAY,4999,2026-08-10T06:02:00
e436a813,ICICI,timeout,Visa,1499,2026-08-10T06:09:00
bdd0d439,Axis,timeout,UPI_AUTOPAY,2999,2026-08-10T06:11:00
63220344,SBI,timeout,Visa,499,2026-08-10T06:12:00
e8de1d6f,Kotak,insufficient_funds,Mastercard,999,2026-08-10T06:13:00
9573b9a2,Axis,timeout,Mastercard,999,2026-08-10T06:15:00
b386e168,Kotak,timeout,Mastercard,1499,2026-08-10T06:19:00
78087107,HDFC,insufficient_funds,Visa,999,2026-08-10T06:22:00
c2298360,Axis,issuer_unavailable,UPI_AUTOPAY,999,2026-08-10T06:24:00
164f92fc,Axis,issuer_unavailable,Mastercard,299,2026-08-10T06:25:00
80dad504,HDFC,issuer_unavailable,UPI_AUTOPAY,199,2026-08-10T06:25:00
fdf9bd67,Kotak,issuer_unavailable,UPI_AUTOPAY,299,2026-08-10T06:26:00
dcb514f6,HDFC,insufficient_funds,Visa,299,2026-08-10T06:29:00
5fc505fc,HDFC,insufficient_funds,UPI_AUTOPAY,299,2026-08-10T06:29:00
c00988a4,SBI,insufficient_funds,UPI_AUTOPAY,999,2026-08-10T06:32:00
d432bfe9,HDFC,issuer_unavailable,Visa,499,2026-08-10T06:33:00
ea2463e9,Axis,insufficient_funds,Visa,199,2026-08-10T06:38:00
ed8d63de,ICICI,insufficient_funds,Mastercard,199,2026-08-10T06:42:00
7e9ae35d,Axis,insufficient_funds,UPI_AUTOPAY,199,2026-08-10T06:44:00
4c59352f,Kotak,issuer_unavailable,Visa,4999,2026-08-10T06:44:00
b0983a4a,Kotak,insufficient_funds,Mastercard,499,2026-08-10T06:45:00
64a3102e,HDFC,timeout,Mastercard,499,2026-08-10T06:48:00
104c116e,ICICI,issuer_unavailable,UPI_AUTOPAY,999,2026-08-10T06:49:00
8cb31d8a,ICICI,insufficient_funds,Visa,4999,2026-08-10T06:52:00
2b07d906,ICICI,issuer_unavailable,UPI_AUTOPAY,1499,2026-08-10T06:58:00
f717c173,HDFC,timeout,UPI_AUTOPAY,999,2026-08-10T07:02:00
5eb3d87b,Kotak,insufficient_funds,Mastercard,199,2026-08-10T07:03:00
fb8856a8,SBI,insufficient_funds,Mastercard,1499,2026-08-10T07:04:00
4d939870,SBI,insufficient_funds,Visa,2999,2026-08-10T07:13:00
b3a1a966,ICICI,timeout,Visa,4999,2026-08-10T07:20:00
0b4c782e,SBI,insufficient_funds,Mastercard,499,2026-08-10T07:21:00
618d29dc,Kotak,hard_decline,UPI_AUTOPAY,4999,2026-08-10T07:26:00
f17ec60f,Kotak,hard_decline,UPI_AUTOPAY,499,2026-08-10T07:32:00
cb1ce42c,ICICI,timeout,RuPay,499,2026-08-10T07:32:00
d35dc01c,ICICI,insufficient_funds,UPI_AUTOPAY,4999,2026-08-10T07:34:00
2096bedb,Kotak,insufficient_funds,UPI_AUTOPAY,4999,2026-08-10T07:34:00
512f5cf0,SBI,timeout,Mastercard,4999,2026-08-10T07:36:00
b038eb61,ICICI,timeout,UPI_AUTOPAY,2999,2026-08-10T07:37:00
23471e43,ICICI,insufficient_funds,Mastercard,499,2026-08-10T07:38:00
dda2f371,Kotak,hard_decline,Visa,299,2026-08-10T07:39:00
30f28ba3,HDFC,issuer_unavailable,RuPay,1499,2026-08-10T07:50:00
3ea8322c,SBI,issuer_unavailable,UPI_AUTOPAY,1499,2026-08-10T07:54:00
8fd24e4f,Kotak,timeout,Visa,199,2026-08-10T08:03:00
4d856881,Axis,issuer_unavailable,Mastercard,4999,2026-08-10T08:04:00
fe3c9b98,Axis,insufficient_funds,UPI_AUTOPAY,999,2026-08-10T08:07:00
207c48dc,HDFC,issuer_unavailable,Visa,499,2026-08-10T08:07:00
adc87162,SBI,timeout,UPI_AUTOPAY,1499,2026-08-10T08:13:00
f2514b20,ICICI,hard_decline,Visa,1499,2026-08-10T08:13:00
48309096,SBI,issuer_unavailable,Visa,299,2026-08-10T08:19:00
14f117e1,Kotak,insufficient_funds,UPI_AUTOPAY,1499,2026-08-10T08:21:00
4bcfc216,Kotak,timeout,UPI_AUTOPAY,4999,2026-08-10T08:22:00
2e9ce554,Kotak,timeout,RuPay,4999,2026-08-10T08:26:00
9524c4d2,SBI,hard_decline,Mastercard,499,2026-08-10T08:28:00
f4c3f3b9,SBI,issuer_unavailable,UPI_AUTOPAY,1499,2026-08-10T08:30:00
c5a49649,Kotak,hard_decline,RuPay,199,2026-08-10T08:36:00
c1feecc7,SBI,timeout,Visa,4999,2026-08-10T08:36:00
50678e8d,HDFC,timeout,RuPay,4999,2026-08-10T08:39:00
debade7c,Kotak,hard_decline,UPI_AUTOPAY,299,2026-08-10T08:42:00
638d9159,ICICI,issuer_unavailable,Mastercard,2999,2026-08-10T08:43:00
b1c27edb,SBI,issuer_unavailable,Visa,999,2026-08-10T08:47:00
30c3ee2f,HDFC,insufficient_funds,Mastercard,999,2026-08-10T08:52:00
9a19b12a,Kotak,issuer_unavailable,UPI_AUTOPAY,299,2026-08-10T08:56:00
ca475528,Axis,timeout,UPI_AUTOPAY,2999,2026-08-10T08:58:00
1f7297f4,Kotak,timeout,UPI_AUTOPAY,1499,2026-08-10T09:00:00
6d6fa6ed,HDFC,hard_decline,UPI_AUTOPAY,1499,2026-08-10T09:03:00
7cbac0a3,ICICI,issuer_unavailable,Mastercard,999,2026-08-10T09:13:00
9bb36666,Axis,issuer_unavailable,UPI_AUTOPAY,199,2026-08-10T09:14:00
4d071d5e,Axis,timeout,Visa,999,2026-08-10T09:15:00
6e42b1eb,HDFC,hard_decline,UPI_AUTOPAY,4999,2026-08-10T09:17:00
1fe9b729,Kotak,issuer_unavailable,Mastercard,1499,2026-08-10T09:20:00
6a5851dd,Kotak,timeout,UPI_AUTOPAY,199,2026-08-10T09:22:00
e5d8b2f3,HDFC,insufficient_funds,UPI_AUTOPAY,2999,2026-08-10T09:23:00
21a200f8,Axis,timeout,UPI_AUTOPAY,4999,2026-08-10T09:23:00
71ae8168,ICICI,timeout,Visa,499,2026-08-10T09:24:00
891c0f65,Kotak,insufficient_funds,Visa,299,2026-08-10T09:24:00
c506f6b9,Kotak,timeout,RuPay,999,2026-08-10T09:26:00
4a5a57c8,ICICI,timeout,Mastercard,999,2026-08-10T09:27:00
a9d595e3,Kotak,issuer_unavailable,RuPay,199,2026-08-10T09:28:00
7a1ab4be,HDFC,timeout,RuPay,299,2026-08-10T09:30:00
cf534f82,SBI,insufficient_funds,Mastercard,199,2026-08-10T09:39:00
462bb96e,ICICI,timeout,RuPay,199,2026-08-10T09:41:00
2b07aa10,Kotak,timeout,UPI_AUTOPAY,299,2026-08-10T09:46:00
61d7cfd1,SBI,timeout,Visa,1499,2026-08-10T09:47:00
49efc2e0,SBI,timeout,UPI_AUTOPAY,1499,2026-08-10T09:48:00
0ba35abc,Axis,hard_decline,Mastercard,999,2026-08-10T09:55:00
3c23b603,SBI,timeout,UPI_AUTOPAY,299,2026-08-10T09:55:00
3a525ebd,Kotak,timeout,Visa,199,2026-08-10T09:58:00
0fb1838d,SBI,timeout,UPI_AUTOPAY,2999,2026-08-10T09:59:00
e1897c8d,HDFC,issuer_unavailable,UPI_AUTOPAY,199,2026-08-10T10:06:00
a1d26187,Axis,timeout,UPI_AUTOPAY,2999,2026-08-10T10:07:00
a08fbf99,Axis,timeout,Mastercard,299,2026-08-10T10:15:00
6538bf6c,HDFC,insufficient_funds,UPI_AUTOPAY,999,2026-08-10T10:16:00
2a3aaa86,Kotak,hard_decline,Visa,499,2026-08-10T10:17:00
0778fac8,SBI,hard_decline,Visa,299,2026-08-10T10:18:00
e731acb2,HDFC,issuer_unavailable,RuPay,1499,2026-08-10T10:19:00
1c4cd6e9,SBI,timeout,UPI_AUTOPAY,2999,2026-08-10T10:20:00
92c57aa2,Kotak,timeout,RuPay,299,2026-08-10T10:20:00
b5e81b2e,HDFC,insufficient_funds,UPI_AUTOPAY,999,2026-08-10T10:20:00
a722b7de,ICICI,hard_decline,Visa,2999,2026-08-10T10:28:00
ae5c5810,ICICI,hard_decline,RuPay,499,2026-08-10T10:29:00
a53e6fe2,SBI,issuer_unavailable,RuPay,499,2026-08-10T10:33:00
56011fcd,SBI,insufficient_funds,UPI_AUTOPAY,1499,2026-08-10T10:37:00
a65d3034,ICICI,timeout,Mastercard,2999,2026-08-10T10:42:00
0b5f9641,ICICI,insufficient_funds,Visa,999,2026-08-10T10:43:00
f251f0aa,SBI,timeout,Visa,1499,2026-08-10T10:43:00
ee6f2757,ICICI,issuer_unavailable,Visa,199,2026-08-10T10:48:00
2f422250,Axis,hard_decline,UPI_AUTOPAY,999,2026-08-10T10:52:00
6c20d2c9,ICICI,insufficient_funds,Mastercard,199,2026-08-10T10:56:00
d2414685,Kotak,timeout,UPI_AUTOPAY,4999,2026-08-10T10:57:00
c694a4f2,HDFC,hard_decline,UPI_AUTOPAY,4999,2026-08-10T11:02:00
ed9533b7,Axis,insufficient_funds,Visa,4999,2026-08-10T11:02:00
68a16348,ICICI,issuer_unavailable,UPI_AUTOPAY,1499,2026-08-10T11:07:00
3b45be27,HDFC,insufficient_funds,RuPay,2999,2026-08-10T11:14:00
1b379cd3,Kotak,hard_decline,RuPay,999,2026-08-10T11:20:00
704c490a,Axis,insufficient_funds,RuPay,299,2026-08-10T11:25:00
5eb4089e,SBI,insufficient_funds,Visa,499,2026-08-10T11:26:00
7d203a39,Kotak,timeout,UPI_AUTOPAY,299,2026-08-10T11:29:00
4036fd42,HDFC,hard_decline,Visa,199,2026-08-10T11:29:00
11ace61e,Axis,timeout,UPI_AUTOPAY,2999,2026-08-10T11:29:00
02324a24,ICICI,issuer_unavailable,UPI_AUTOPAY,999,2026-08-10T11:32:00
f8b2116d,SBI,hard_decline,Mastercard,199,2026-08-10T11:34:00
a41ad2cb,HDFC,hard_decline,UPI_AUTOPAY,4999,2026-08-10T11:38:00
9b63f2c1,Axis,hard_decline,UPI_AUTOPAY,299,2026-08-10T11:40:00
7fb0188d,Axis,insufficient_funds,UPI_AUTOPAY,199,2026-08-10T11:40:00
954f2c29,Axis,issuer_unavailable,UPI_AUTOPAY,1499,2026-08-10T11:41:00
195c3407,Axis,issuer_unavailable,UPI_AUTOPAY,4999,2026-08-10T11:46:00
e048baaa,HDFC,insufficient_funds,Visa,1499,2026-08-10T11:51:00
beff3b9f,SBI,timeout,UPI_AUTOPAY,2999,2026-08-10T11:52:00
7509b918,HDFC,insufficient_funds,RuPay,1499,2026-08-10T11:53:00
74de8c76,SBI,hard_decline,UPI_AUTOPAY,1499,2026-08-10T11:56:00
cd454299,HDFC,timeout,Visa,199,2026-08-10T11:57:00
bc830af5,Kotak,insufficient_funds,UPI_AUTOPAY,499,2026-08-10T11:57:00
fb08a9cf,SBI,insufficient_funds,RuPay,4999,2026-08-10T12:01:00
6db90415,SBI,timeout,UPI_AUTOPAY,4999,2026-08-10T12:04:00
f48248cf,ICICI,timeout,Mastercard,299,2026-08-10T12:04:00
36ce8f3f,HDFC,timeout,UPI_AUTOPAY,499,2026-08-10T12:05:00
23a94e3c,HDFC,insufficient_funds,UPI_AUTOPAY,199,2026-08-10T12:07:00
ba13619a,SBI,timeout,UPI_AUTOPAY,499,2026-08-10T12:08:00
281b5dfd,ICICI,issuer_unavailable,UPI_AUTOPAY,499,2026-08-10T12:10:00
3011264f,Axis,timeout,RuPay,299,2026-08-10T12:10:00
f66ed294,SBI,timeout,Visa,2999,2026-08-10T12:13:00
9cfa6dc3,SBI,timeout,UPI_AUTOPAY,2999,2026-08-10T12:14:00
ce5d26c8,SBI,hard_decline,Mastercard,199,2026-08-10T12:14:00
6de4a590,Kotak,hard_decline,UPI_AUTOPAY,499,2026-08-10T12:21:00
9f82e757,Axis,timeout,RuPay,2999,2026-08-10T12:23:00
e4213762,SBI,issuer_unavailable,UPI_AUTOPAY,499,2026-08-10T12:25:00
827e04e0,Axis,issuer_unavailable,RuPay,299,2026-08-10T12:28:00
7814d05b,ICICI,insufficient_funds,UPI_AUTOPAY,2999,2026-08-10T12:29:00
f1795229,SBI,hard_decline,UPI_AUTOPAY,499,2026-08-10T12:31:00
c7d6806d,ICICI,timeout,Visa,999,2026-08-10T12:34:00
af362286,SBI,timeout,UPI_AUTOPAY,199,2026-08-10T12:39:00
e20c8241,Kotak,timeout,Mastercard,4999,2026-08-10T12:43:00
be4603cd,Axis,timeout,RuPay,4999,2026-08-10T12:47:00
c0dcb18b,ICICI,hard_decline,UPI_AUTOPAY,999,2026-08-10T12:47:00
ea1a26cf,Axis,hard_decline,Mastercard,499,2026-08-10T12:48:00
08558931,SBI,insufficient_funds,UPI_AUTOPAY,1499,2026-08-10T12:57:00
541b1511,HDFC,hard_decline,Mastercard,1499,2026-08-10T12:57:00
37412893,SBI,timeout,RuPay,1499,2026-08-10T12:59:00
579d33bb,Axis,hard_decline,RuPay,299,2026-08-10T13:00:00
9bec4be2,Kotak,timeout,UPI_AUTOPAY,299,2026-08-10T13:13:00
285f3ad3,Kotak,insufficient_funds,Visa,199,2026-08-10T13:14:00
ac05d731,Axis,timeout,UPI_AUTOPAY,2999,2026-08-10T13:15:00
3dd59272,Kotak,timeout,Visa,1499,2026-08-10T13:16:00
6a2926ab,HDFC,timeout,UPI_AUTOPAY,999,2026-08-10T13:18:00
c38f0276,SBI,issuer_unavailable,UPI_AUTOPAY,1499,2026-08-10T13:22:00
61716f76,Axis,timeout,Visa,499,2026-08-10T13:28:00
0dc82c5f,SBI,issuer_unavailable,Visa,2999,2026-08-10T13:32:00
e0547f96,SBI,timeout,UPI_AUTOPAY,999,2026-08-10T13:45:00
a2c9e5c7,Kotak,hard_decline,RuPay,1499,2026-08-10T13:49:00
3c49fe1c,ICICI,hard_decline,UPI_AUTOPAY,2999,2026-08-10T14:01:00
e49e7a39,HDFC,timeout,UPI_AUTOPAY,4999,2026-08-10T14:03:00
1cb39cf5,SBI,issuer_unavailable,Visa,299,2026-08-10T14:03:00
02acf7d7,Kotak,timeout,Visa,999,2026-08-10T14:12:00
8541dd79,HDFC,timeout,RuPay,2999,2026-08-10T14:14:00
d3c8899f,Axis,insufficient_funds,Visa,499,2026-08-10T14:14:00
9bbfdb12,Kotak,issuer_unavailable,Visa,4999,2026-08-10T14:23:00
14a669ae,ICICI,issuer_unavailable,UPI_AUTOPAY,999,2026-08-10T14:25:00
47978a67,Axis,issuer_unavailable,UPI_AUTOPAY,4999,2026-08-10T14:26:00
2e647221,SBI,insufficient_funds,UPI_AUTOPAY,299,2026-08-10T14:27:00
f6b79eec,SBI,timeout,UPI_AUTOPAY,499,2026-08-10T14:28:00
97383b1a,ICICI,insufficient_funds,Visa,199,2026-08-10T14:28:00
516027d2,ICICI,timeout,Visa,2999,2026-08-10T14:45:00
79bfbecd,HDFC,insufficient_funds,UPI_AUTOPAY,299,2026-08-10T14:47:00
684ed0bd,HDFC,insufficient_funds,UPI_AUTOPAY,299,2026-08-10T14:49:00
e7b6da54,HDFC,insufficient_funds,Visa,299,2026-08-10T14:51:00
7d248b83,HDFC,insufficient_funds,RuPay,4999,2026-08-10T14:56:00
abf05819,HDFC,issuer_unavailable,RuPay,199,2026-08-10T14:56:00
00bededd,SBI,timeout,Mastercard,499,2026-08-10T15:00:00
a3c04baa,SBI,timeout,Visa,1499,2026-08-10T15:01:00
26c7d59c,ICICI,issuer_unavailable,UPI_AUTOPAY,999,2026-08-10T15:07:00
a7214b1a,Kotak,issuer_unavailable,UPI_AUTOPAY,1499,2026-08-10T15:08:00
2926a716,ICICI,timeout,UPI_AUTOPAY,1499,2026-08-10T15:09:00
41f825bc,HDFC,hard_decline,UPI_AUTOPAY,4999,2026-08-10T15:12:00
2819a8db,HDFC,hard_decline,Mastercard,299,2026-08-10T15:13:00
c1cb7173,SBI,timeout,RuPay,299,2026-08-10T15:19:00
85237bf6,ICICI,timeout,RuPay,1499,2026-08-10T15:21:00
ffd60f05,SBI,insufficient_funds,UPI_AUTOPAY,199,2026-08-10T15:21:00
f8d8caad,HDFC,hard_decline,RuPay,2999,2026-08-10T15:25:00
313b7316,ICICI,hard_decline,Visa,299,2026-08-10T15:25:00
3626b8f9,SBI,timeout,UPI_AUTOPAY,299,2026-08-10T15:31:00
d6299f94,HDFC,insufficient_funds,UPI_AUTOPAY,199,2026-08-10T15:34:00
78ae0648,HDFC,hard_decline,UPI_AUTOPAY,999,2026-08-10T15:42:00
95eb2b1e,Kotak,insufficient_funds,UPI_AUTOPAY,999,2026-08-10T15:44:00
bcb40b11,HDFC,issuer_unavailable,RuPay,299,2026-08-10T15:56:00
ed10ab79,Kotak,issuer_unavailable,RuPay,1499,2026-08-10T16:00:00
9c047790,Kotak,insufficient_funds,Mastercard,299,2026-08-10T16:02:00
ac4792e8,Kotak,timeout,Visa,499,2026-08-10T16:03:00
09f6121d,SBI,timeout,UPI_AUTOPAY,199,2026-08-10T16:06:00
f81985cf,Kotak,timeout,UPI_AUTOPAY,2999,2026-08-10T16:06:00
f8368dbb,Kotak,insufficient_funds,UPI_AUTOPAY,499,2026-08-10T16:11:00
65e161f9,SBI,issuer_unavailable,RuPay,4999,2026-08-10T16:12:00
02b5216a,SBI,issuer_unavailable,Visa,499,2026-08-10T16:14:00
b49198df,SBI,issuer_unavailable,UPI_AUTOPAY,4999,2026-08-10T16:15:00
d7ba57cf,Axis,timeout,Mastercard,199,2026-08-10T16:15:00
807b1e74,HDFC,hard_decline,RuPay,499,2026-08-10T16:17:00
1c319ea3,HDFC,issuer_unavailable,UPI_AUTOPAY,999,2026-08-10T16:18:00
f9835e9e,Axis,insufficient_funds,RuPay,1499,2026-08-10T16:25:00
2b691179,Axis,timeout,Mastercard,299,2026-08-10T16:37:00
bbb0865e,Kotak,hard_decline,RuPay,499,2026-08-10T16:41:00
a038c74f,HDFC,insufficient_funds,RuPay,999,2026-08-10T16:46:00
13297239,ICICI,insufficient_funds,UPI_AUTOPAY,999,2026-08-10T16:48:00
8be963f8,Kotak,insufficient_funds,UPI_AUTOPAY,199,2026-08-10T16:50:00
b4c9701a,SBI,hard_decline,UPI_AUTOPAY,4999,2026-08-10T16:58:00
d886d332,Kotak,issuer_unavailable,UPI_AUTOPAY,999,2026-08-10T17:01:00
ea687768,SBI,timeout,RuPay,1499,2026-08-10T17:02:00
f5686570,ICICI,insufficient_funds,UPI_AUTOPAY,999,2026-08-10T17:03:00
ca7f5fc7,HDFC,insufficient_funds,Visa,999,2026-08-10T17:04:00
f0b6928b,Kotak,insufficient_funds,UPI_AUTOPAY,4999,2026-08-10T17:07:00
b9d3a1b4,Axis,timeout,RuPay,1499,2026-08-10T17:11:00
45a489a9,ICICI,insufficient_funds,UPI_AUTOPAY,299,2026-08-10T17:12:00
53d62408,Kotak,insufficient_funds,UPI_AUTOPAY,299,2026-08-10T17:12:00
8c623efe,HDFC,issuer_unavailable,UPI_AUTOPAY,199,2026-08-10T17:13:00
27a71fb6,Kotak,insufficient_funds,Mastercard,199,2026-08-10T17:16:00
c2e3f071,ICICI,hard_decline,UPI_AUTOPAY,999,2026-08-10T17:18:00
0ea50762,SBI,insufficient_funds,UPI_AUTOPAY,4999,2026-08-10T17:20:00
cd2a07b9,ICICI,timeout,Mastercard,499,2026-08-10T17:21:00
ddea839b,ICICI,insufficient_funds,UPI_AUTOPAY,4999,2026-08-10T17:23:00
9ac70a74,Kotak,issuer_unavailable,Visa,199,2026-08-10T17:26:00
1f2c0231,HDFC,issuer_unavailable,Mastercard,999,2026-08-10T17:35:00
e8cf8958,SBI,issuer_unavailable,UPI_AUTOPAY,299,2026-08-10T17:46:00
1a985097,ICICI,issuer_unavailable,Mastercard,499,2026-08-10T17:48:00
c79e94ba,SBI,issuer_unavailable,RuPay,499,2026-08-10T17:50:00
85f55958,Kotak,hard_decline,UPI_AUTOPAY,199,2026-08-10T17:52:00
acbfa911,ICICI,timeout,UPI_AUTOPAY,299,2026-08-10T17:55:00
f7c0e104,Axis,issuer_unavailable,Mastercard,1499,2026-08-10T18:00:00
f93466b1,Axis,timeout,UPI_AUTOPAY,299,2026-08-10T18:02:00
376c1806,Kotak,issuer_unavailable,RuPay,2999,2026-08-10T18:05:00
940f7dcb,Axis,timeout,RuPay,299,2026-08-10T18:09:00
fd744ee4,Kotak,hard_decline,UPI_AUTOPAY,499,2026-08-10T18:11:00
ecdb8115,SBI,issuer_unavailable,UPI_AUTOPAY,499,2026-08-10T18:14:00
28acfeb2,HDFC,timeout,UPI_AUTOPAY,1499,2026-08-10T18:18:00
ff273aba,HDFC,timeout,UPI_AUTOPAY,2999,2026-08-10T18:19:00
2f6b64bc,HDFC,insufficient_funds,UPI_AUTOPAY,1499,2026-08-10T18:29:00
6ce1b682,SBI,hard_decline,UPI_AUTOPAY,4999,2026-08-10T18:31:00
01173c38,HDFC,insufficient_funds,Mastercard,2999,2026-08-10T18:40:00
61f5c3f4,Axis,timeout,UPI_AUTOPAY,499,2026-08-10T18:42:00
9d9c7e07,Kotak,timeout,UPI_AUTOPAY,199,2026-08-10T18:43:00
6418c523,HDFC,issuer_unavailable,RuPay,299,2026-08-10T18:46:00
23be921e,ICICI,timeout,RuPay,199,2026-08-10T18:46:00
ae7843f2,Kotak,issuer_unavailable,UPI_AUTOPAY,999,2026-08-10T18:51:00
8e289f15,ICICI,insufficient_funds,UPI_AUTOPAY,4999,2026-08-10T18:54:00
e5b66ce2,Axis,timeout,Visa,299,2026-08-10T18:58:00
c20b679d,ICICI,issuer_unavailable,Mastercard,199,2026-08-10T19:04:00
26336744,HDFC,timeout,UPI_AUTOPAY,1499,2026-08-10T19:05:00
e25adeba,ICICI,issuer_unavailable,RuPay,999,2026-08-10T19:05:00
a23a0edb,Axis,insufficient_funds,UPI_AUTOPAY,299,2026-08-10T19:06:00
2e3c6a0e,HDFC,issuer_unavailable,RuPay,999,2026-08-10T19:07:00
f9a14053,Kotak,issuer_unavailable,UPI_AUTOPAY,4999,2026-08-10T19:08:00
87f8f9a7,SBI,insufficient_funds,Visa,299,2026-08-10T19:10:00
0b573484,HDFC,insufficient_funds,Visa,299,2026-08-10T19:13:00
bacde23b,Kotak,insufficient_funds,UPI_AUTOPAY,2999,2026-08-10T19:14:00
50ce73fa,Axis,timeout,UPI_AUTOPAY,1499,2026-08-10T19:19:00
7be30650,Kotak,insufficient_funds,Visa,199,2026-08-10T19:20:00
e3c76c2a,HDFC,issuer_unavailable,RuPay,299,2026-08-10T19:20:00
930e28d1,Axis,timeout,UPI_AUTOPAY,499,2026-08-10T19:22:00
312205ef,HDFC,issuer_unavailable,Mastercard,299,2026-08-10T19:22:00
f57c9dd9,HDFC,timeout,Visa,4999,2026-08-10T19:24:00
70442fde,ICICI,insufficient_funds,RuPay,2999,2026-08-10T19:25:00
c21490b9,HDFC,insufficient_funds,Visa,1499,2026-08-10T19:29:00
b6612f5d,SBI,timeout,Visa,1499,2026-08-10T19:31:00
e60e12fb,SBI,hard_decline,UPI_AUTOPAY,2999,2026-08-10T19:33:00
5d58ca10,Kotak,insufficient_funds,Visa,299,2026-08-10T19:34:00
d2d7cac3,Kotak,insufficient_funds,RuPay,4999,2026-08-10T19:36:00
d589c2b8,SBI,timeout,UPI_AUTOPAY,4999,2026-08-10T19:39:00
3182f6ca,Axis,insufficient_funds,Visa,299,2026-08-10T19:40:00
bd9d49d5,ICICI,timeout,RuPay,199,2026-08-10T19:40:00
e73da2b7,Kotak,timeout,Mastercard,299,2026-08-10T19:44:00
27c2af30,SBI,timeout,UPI_AUTOPAY,2999,2026-08-10T19:55:00
2e1ae6ee,ICICI,issuer_unavailable,RuPay,2999,2026-08-10T19:55:00
df0302ea,Kotak,timeout,RuPay,4999,2026-08-10T19:56:00
4279e5dc,Kotak,issuer_unavailable,UPI_AUTOPAY,999,2026-08-10T19:59:00
418189f8,HDFC,issuer_unavailable,Mastercard,199,2026-08-10T20:02:00
5ebe597c,Kotak,issuer_unavailable,UPI_AUTOPAY,999,2026-08-10T20:05:00
9a10ee53,SBI,issuer_unavailable,Mastercard,1499,2026-08-10T20:09:00
09a689fd,Axis,insufficient_funds,UPI_AUTOPAY,1499,2026-08-10T20:10:00
91c5e713,Kotak,insufficient_funds,Mastercard,499,2026-08-10T20:10:00
7136bf5a,SBI,timeout,UPI_AUTOPAY,999,2026-08-10T20:17:00
23047551,ICICI,insufficient_funds,Mastercard,999,2026-08-10T20:23:00
e20e6e6a,HDFC,insufficient_funds,RuPay,1499,2026-08-10T20:23:00
15e66f77,SBI,insufficient_funds,RuPay,499,2026-08-10T20:29:00
e92559fe,Kotak,timeout,UPI_AUTOPAY,1499,2026-08-10T20:30:00
b3e6dd51,Axis,issuer_unavailable,Visa,299,2026-08-10T20:32:00
ef6b29e8,SBI,timeout,UPI_AUTOPAY,199,2026-08-10T20:34:00
8df7b47d,HDFC,timeout,Visa,1499,2026-08-10T20:39:00
218dbabb,HDFC,insufficient_funds,RuPay,2999,2026-08-10T20:41:00
55595cdd,ICICI,insufficient_funds,UPI_AUTOPAY,1499,2026-08-10T20:42:00
453e98e0,Kotak,insufficient_funds,Mastercard,4999,2026-08-10T20:44:00
de0d1282,HDFC,insufficient_funds,UPI_AUTOPAY,499,2026-08-10T20:46:00
39d9e254,Kotak,timeout,Mastercard,299,2026-08-10T20:46:00
c39228bd,Kotak,timeout,UPI_AUTOPAY,2999,2026-08-10T20:48:00
b01a63ac,Axis,timeout,Visa,499,2026-08-10T20:49:00
6fe65281,ICICI,insufficient_funds,Mastercard,1499,2026-08-10T20:49:00
86e97d6d,Kotak,timeout,Visa,2999,2026-08-10T20:55:00
26893678,HDFC,insufficient_funds,UPI_AUTOPAY,199,2026-08-10T21:03:00
817cf16b,SBI,timeout,Visa,299,2026-08-10T21:05:00
4d8ab68e,ICICI,issuer_unavailable,UPI_AUTOPAY,2999,2026-08-10T21:06:00
80b4e51d,HDFC,hard_decline,RuPay,299,2026-08-10T21:14:00
f7ee5e45,ICICI,insufficient_funds,Mastercard,2999,2026-08-10T21:16:00
30c0748a,Kotak,hard_decline,RuPay,2999,2026-08-10T21:19:00
f7a18c6b,Axis,insufficient_funds,UPI_AUTOPAY,299,2026-08-10T21:22:00
009922b3,HDFC,timeout,UPI_AUTOPAY,499,2026-08-10T21:25:00
9b3b1ac8,ICICI,timeout,UPI_AUTOPAY,299,2026-08-10T21:25:00
b411a80c,Kotak,insufficient_funds,Mastercard,2999,2026-08-10T21:26:00
2ed36466,SBI,timeout,UPI_AUTOPAY,299,2026-08-10T21:28:00
2e40d980,ICICI,timeout,Mastercard,499,2026-08-10T21:29:00
b7ac49bd,Axis,timeout,UPI_AUTOPAY,1499,2026-08-10T21:30:00
9a1ee9f7,HDFC,issuer_unavailable,Mastercard,499,2026-08-10T21:35:00
6e6cdeed,Kotak,insufficient_funds,UPI_AUTOPAY,999,2026-08-10T21:38:00
7971f6d0,ICICI,timeout,RuPay,4999,2026-08-10T21:41:00
33332dea,HDFC,issuer_unavailable,UPI_AUTOPAY,199,2026-08-10T21:42:00
9ea457dc,SBI,issuer_unavailable,RuPay,499,2026-08-10T21:51:00
549ae145,Axis,hard_decline,UPI_AUTOPAY,299,2026-08-10T21:51:00
4e3e3741,Axis,timeout,UPI_AUTOPAY,299,2026-08-10T21:57:00
8f96e9e6,ICICI,insufficient_funds,UPI_AUTOPAY,299,2026-08-10T21:57:00
39016f0b,Kotak,insufficient_funds,UPI_AUTOPAY,999,2026-08-10T21:59:00
40b69843,Kotak,timeout,RuPay,499,2026-08-10T21:59:00
3b6ad2bb,Kotak,hard_decline,Visa,199,2026-08-10T22:01:00
aa82cff0,Axis,issuer_unavailable,Mastercard,4999,2026-08-10T22:08:00
89d06ee0,ICICI,hard_decline,RuPay,499,2026-08-10T22:10:00
262cb537,ICICI,insufficient_funds,UPI_AUTOPAY,299,2026-08-10T22:15:00
47c2c7ff,Kotak,timeout,Mastercard,199,2026-08-10T22:15:00
b498e4cf,Axis,hard_decline,Mastercard,199,2026-08-10T22:15:00
15403801,HDFC,insufficient_funds,UPI_AUTOPAY,4999,2026-08-10T22:15:00
7d7966c7,ICICI,timeout,RuPay,299,2026-08-10T22:16:00
15fbffa3,SBI,insufficient_funds,RuPay,499,2026-08-10T22:21:00
f466bedd,Axis,insufficient_funds,UPI_AUTOPAY,2999,2026-08-10T22:23:00
68cd28ac,Kotak,insufficient_funds,UPI_AUTOPAY,1499,2026-08-10T22:38:00
36954ab0,Kotak,issuer_unavailable,Visa,4999,2026-08-10T22:43:00
461f6ca6,Kotak,issuer_unavailable,RuPay,2999,2026-08-10T22:46:00
6c6b1b71,SBI,insufficient_funds,UPI_AUTOPAY,1499,2026-08-10T22:49:00
a4dc82fa,Axis,timeout,RuPay,4999,2026-08-10T22:52:00
58f4310b,ICICI,timeout,UPI_AUTOPAY,999,2026-08-10T22:56:00
783c72b5,SBI,issuer_unavailable,UPI_AUTOPAY,999,2026-08-10T22:57:00
bcae6513,Axis,issuer_unavailable,UPI_AUTOPAY,1499,2026-08-10T23:00:00
3ecec0b4,HDFC,timeout,UPI_AUTOPAY,299,2026-08-10T23:04:00
8c0601cd,Axis,timeout,Visa,299,2026-08-10T23:04:00
5d4a78f2,HDFC,hard_decline,Mastercard,299,2026-08-10T23:08:00
53e76835,Axis,timeout,RuPay,1499,2026-08-10T23:16:00
252ed7af,ICICI,hard_decline,UPI_AUTOPAY,199,2026-08-10T23:17:00
e99d2948,HDFC,timeout,Visa,4999,2026-08-10T23:18:00
931a47f0,HDFC,timeout,Mastercard,199,2026-08-10T23:18:00
fc30153b,SBI,hard_decline,RuPay,499,2026-08-10T23:22:00
7142bac9,ICICI,insufficient_funds,Visa,1499,2026-08-10T23:22:00
f2d0e40e,HDFC,timeout,RuPay,199,2026-08-10T23:25:00
218f2d91,ICICI,issuer_unavailable,RuPay,299,2026-08-10T23:25:00
f82c05ec,ICICI,insufficient_funds,RuPay,999,2026-08-10T23:28:00
3174fdde,Axis,timeout,UPI_AUTOPAY,199,2026-08-10T23:28:00
cb359841,Kotak,issuer_unavailable,RuPay,199,2026-08-10T23:30:00
30fd4b94,Axis,insufficient_funds,Mastercard,999,2026-08-10T23:30:00
059d28e2,HDFC,insufficient_funds,RuPay,199,2026-08-10T23:32:00
9c9ba3e3,Axis,issuer_unavailable,UPI_AUTOPAY,199,2026-08-10T23:35:00
e8f50dab,Axis,timeout,Visa,199,2026-08-10T23:38:00
1abe3a75,Kotak,issuer_unavailable,Visa,4999,2026-08-10T23:41:00
e7ffb8cb,HDFC,timeout,RuPay,299,2026-08-10T23:41:00
85ebaaa7,SBI,hard_decline,RuPay,499,2026-08-10T23:42:00
70c1eb42,SBI,timeout,Mastercard,199,2026-08-10T23:43:00
ce2477b8,ICICI,timeout,RuPay,2999,2026-08-10T23:47:00
ae66a4f1,Axis,hard_decline,Visa,299,2026-08-11T00:03:00
875b6f0e,SBI,insufficient_funds,UPI_AUTOPAY,1499,2026-08-11T00:04:00
049f42b5,Axis,timeout,Visa,1499,2026-08-11T00:05:00
586d3710,HDFC,issuer_unavailable,Visa,499,2026-08-11T00:06:00
c1ac0f02,SBI,issuer_unavailable,UPI_AUTOPAY,299,2026-08-11T00:08:00
7c0dbd83,HDFC,insufficient_funds,Visa,499,2026-08-11T00:08:00
a71e4c22,Axis,issuer_unavailable,Visa,999,2026-08-11T00:10:00
cd09908e,SBI,issuer_unavailable,RuPay,999,2026-08-11T00:11:00
5875c6a8,Axis,issuer_unavailable,Visa,199,2026-08-11T00:13:00
dc444ce4,HDFC,issuer_unavailable,UPI_AUTOPAY,299,2026-08-11T00:19:00
9500666e,HDFC,hard_decline,UPI_AUTOPAY,2999,2026-08-11T00:27:00
3e429e2e,ICICI,hard_decline,Mastercard,999,2026-08-11T00:28:00
a2b7b57b,Kotak,issuer_unavailable,UPI_AUTOPAY,1499,2026-08-11T00:28:00
c9d4efce,HDFC,timeout,Visa,1499,2026-08-11T00:29:00
8c934376,SBI,timeout,RuPay,499,2026-08-11T00:29:00
40066973,HDFC,issuer_unavailable,UPI_AUTOPAY,2999,2026-08-11T00:34:00
d6a541dd,HDFC,timeout,UPI_AUTOPAY,999,2026-08-11T00:36:00
25b7868a,SBI,issuer_unavailable,Visa,1499,2026-08-11T00:40:00
7bafe197,HDFC,hard_decline,UPI_AUTOPAY,2999,2026-08-11T00:43:00
e7731897,HDFC,issuer_unavailable,Visa,199,2026-08-11T00:43:00
feb50763,SBI,timeout,Mastercard,999,2026-08-11T00:47:00
87a86d4c,SBI,issuer_unavailable,UPI_AUTOPAY,299,2026-08-11T00:58:00
2f2b522e,SBI,timeout,UPI_AUTOPAY,199,2026-08-11T01:00:00
82e166ee,SBI,timeout,UPI_AUTOPAY,4999,2026-08-11T01:01:00
0fcf180e,HDFC,hard_decline,RuPay,1499,2026-08-11T01:03:00
21f9e313,HDFC,timeout,Mastercard,2999,2026-08-11T01:09:00
f2fe1876,HDFC,issuer_unavailable,UPI_AUTOPAY,299,2026-08-11T01:11:00
b90c9c80,Kotak,timeout,Visa,4999,2026-08-11T01:14:00
bbf17de9,HDFC,insufficient_funds,Mastercard,499,2026-08-11T01:18:00
493df2ba,Kotak,insufficient_funds,RuPay,999,2026-08-11T01:23:00
5670435b,Kotak,insufficient_funds,Visa,4999,2026-08-11T01:27:00
9b2af13b,Axis,timeout,UPI_AUTOPAY,299,2026-08-11T01:29:00
ab5571a2,HDFC,hard_decline,RuPay,199,2026-08-11T01:31:00
19da8d7a,SBI,timeout,UPI_AUTOPAY,499,2026-08-11T01:32:00
e4e1c0e3,ICICI,insufficient_funds,RuPay,1499,2026-08-11T01:34:00
61b8d581,Kotak,hard_decline,Visa,999,2026-08-11T01:36:00
2692b3f6,SBI,insufficient_funds,UPI_AUTOPAY,199,2026-08-11T01:39:00
96014b12,Axis,timeout,UPI_AUTOPAY,199,2026-08-11T01:41:00
f7d3ab56,Axis,issuer_unavailable,Mastercard,999,2026-08-11T01:45:00
18a1777c,Axis,timeout,UPI_AUTOPAY,4999,2026-08-11T01:48:00
e14c30bc,Axis,timeout,Mastercard,299,2026-08-11T01:49:00
3e6f7ebd,ICICI,issuer_unavailable,RuPay,499,2026-08-11T01:50:00
a69ca333,SBI,issuer_unavailable,RuPay,2999,2026-08-11T01:54:00
a277f7df,Kotak,issuer_unavailable,Mastercard,1499,2026-08-11T01:59:00
c26afb69,HDFC,issuer_unavailable,UPI_AUTOPAY,299,2026-08-11T01:59:00
7d53070e,Kotak,issuer_unavailable,RuPay,2999,2026-08-11T01:59:00
47048d36,Kotak,hard_decline,UPI_AUTOPAY,199,2026-08-11T01:59:00
466008e9,Kotak,issuer_unavailable,Visa,299,2026-08-11T02:00:00
ba982404,SBI,insufficient_funds,Visa,299,2026-08-11T02:09:00
045d65f2,HDFC,insufficient_funds,RuPay,1499,2026-08-11T02:11:00
1c930815,HDFC,issuer_unavailable,UPI_AUTOPAY,199,2026-08-11T02:14:00
b6486469,Kotak,insufficient_funds,Mastercard,1499,2026-08-11T02:14:00
f5407b3b,ICICI,issuer_unavailable,Mastercard,199,2026-08-11T02:15:00
5465da11,HDFC,insufficient_funds,RuPay,499,2026-08-11T02:15:00
896d6446,SBI,insufficient_funds,Mastercard,2999,2026-08-11T02:19:00
7a39544d,HDFC,timeout,Mastercard,1499,2026-08-11T02:20:00
5b62e9b6,Kotak,insufficient_funds,Visa,299,2026-08-11T02:24:00
0432a839,ICICI,timeout,UPI_AUTOPAY,499,2026-08-11T02:28:00
9d1b52b6,ICICI,issuer_unavailable,RuPay,4999,2026-08-11T02:29:00
ff5fdc6e,HDFC,hard_decline,Mastercard,1499,2026-08-11T02:29:00
d3da2298,HDFC,insufficient_funds,Visa,2999,2026-08-11T02:30:00
56ff5f20,SBI,hard_decline,Mastercard,4999,2026-08-11T02:30:00
621fdf8e,HDFC,timeout,RuPay,299,2026-08-11T02:35:00
ea736c43,Kotak,issuer_unavailable,UPI_AUTOPAY,4999,2026-08-11T02:38:00
e7f81cec,SBI,insufficient_funds,Mastercard,999,2026-08-11T02:39:00
c44fa067,HDFC,hard_decline,Visa,999,2026-08-11T02:41:00
c53ded64,SBI,timeout,Mastercard,999,2026-08-11T02:48:00
d1cbf8f4,ICICI,timeout,Visa,999,2026-08-11T02:50:00
d30fa4fe,ICICI,timeout,UPI_AUTOPAY,299,2026-08-11T02:58:00
49b805ec,HDFC,timeout,RuPay,499,2026-08-11T03:01:00
73294575,HDFC,issuer_unavailable,UPI_AUTOPAY,1499,2026-08-11T03:02:00
d865538d,Axis,timeout,Mastercard,1499,2026-08-11T03:06:00
81e504ec,Kotak,insufficient_funds,UPI_AUTOPAY,4999,2026-08-11T03:07:00
a953e7da,HDFC,issuer_unavailable,RuPay,1499,2026-08-11T03:09:00
7a339922,SBI,timeout,RuPay,299,2026-08-11T03:10:00
6144a43c,Kotak,insufficient_funds,UPI_AUTOPAY,4999,2026-08-11T03:11:00
45f8923b,Kotak,timeout,Visa,2999,2026-08-11T03:12:00
9e60726b,SBI,timeout,UPI_AUTOPAY,1499,2026-08-11T03:17:00
0530765e,HDFC,timeout,UPI_AUTOPAY,2999,2026-08-11T03:20:00
92ffcc1b,ICICI,hard_decline,Visa,999,2026-08-11T03:20:00
7563c8d7,Kotak,issuer_unavailable,Visa,299,2026-08-11T03:26:00
1eb5cc17,Kotak,hard_decline,UPI_AUTOPAY,199,2026-08-11T03:28:00
f7056392,Kotak,issuer_unavailable,UPI_AUTOPAY,2999,2026-08-11T03:30:00
bdc013bf,SBI,insufficient_funds,UPI_AUTOPAY,2999,2026-08-11T03:33:00
f540b17a,SBI,timeout,UPI_AUTOPAY,2999,2026-08-11T03:38:00
dcac1165,Kotak,hard_decline,UPI_AUTOPAY,4999,2026-08-11T03:45:00
f336e18b,Kotak,insufficient_funds,Visa,299,2026-08-11T03:48:00
b18c4069,HDFC,insufficient_funds,UPI_AUTOPAY,2999,2026-08-11T03:49:00
4f9170a3,Kotak,timeout,UPI_AUTOPAY,4999,2026-08-11T03:52:00
cc809030,Axis,timeout,Visa,4999,2026-08-11T03:53:00
202e9112,ICICI,insufficient_funds,RuPay,4999,2026-08-11T03:55:00
ed7a80c4,HDFC,timeout,Mastercard,499,2026-08-11T03:55:00
5ec24c58,ICICI,hard_decline,Mastercard,4999,2026-08-11T03:56:00
e11b7a11,Axis,timeout,UPI_AUTOPAY,4999,2026-08-11T03:58:00
1ed7864a,Kotak,timeout,RuPay,199,2026-08-11T04:00:00
951c135e,Axis,insufficient_funds,UPI_AUTOPAY,1499,2026-08-11T04:02:00
e460221f,Kotak,insufficient_funds,Mastercard,199,2026-08-11T04:03:00
9da62010,SBI,timeout,Mastercard,2999,2026-08-11T04:03:00
8795d298,Axis,hard_decline,UPI_AUTOPAY,199,2026-08-11T04:04:00
08f0e660,ICICI,timeout,Visa,2999,2026-08-11T04:09:00
8890a8e3,SBI,issuer_unavailable,UPI_AUTOPAY,199,2026-08-11T04:09:00
3afe8b09,Kotak,insufficient_funds,UPI_AUTOPAY,1499,2026-08-11T04:10:00
02ced6bd,ICICI,issuer_unavailable,UPI_AUTOPAY,499,2026-08-11T04:12:00
700e6b43,SBI,insufficient_funds,Visa,1499,2026-08-11T04:19:00
e310d115,Axis,insufficient_funds,UPI_AUTOPAY,999,2026-08-11T04:21:00
1ada0b3f,HDFC,insufficient_funds,UPI_AUTOPAY,4999,2026-08-11T04:24:00
a688900e,HDFC,timeout,Visa,4999,2026-08-11T04:31:00
167119a3,ICICI,issuer_unavailable,Mastercard,199,2026-08-11T04:38:00
020139bd,Axis,insufficient_funds,UPI_AUTOPAY,4999,2026-08-11T04:38:00
45c41c77,HDFC,hard_decline,Visa,2999,2026-08-11T04:39:00
5fd37ed7,HDFC,insufficient_funds,UPI_AUTOPAY,999,2026-08-11T04:40:00
07d1646c,HDFC,timeout,Mastercard,4999,2026-08-11T04:40:00
3b408b41,SBI,timeout,Mastercard,299,2026-08-11T04:43:00
79824bdb,Axis,issuer_unavailable,RuPay,4999,2026-08-11T04:49:00
716c0a8a,HDFC,insufficient_funds,UPI_AUTOPAY,999,2026-08-11T04:54:00
288dee78,Axis,hard_decline,Visa,499,2026-08-11T04:55:00
eccc5a98,Axis,insufficient_funds,UPI_AUTOPAY,2999,2026-08-11T05:00:00
0e21fb5d,ICICI,insufficient_funds,Visa,999,2026-08-11T05:00:00
097d9cc2,ICICI,insufficient_funds,Visa,2999,2026-08-11T05:00:00
20f5b52b,HDFC,timeout,UPI_AUTOPAY,2999,2026-08-11T05:02:00
6b228739,Kotak,issuer_unavailable,Visa,299,2026-08-11T05:07:00
1aa3e193,SBI,timeout,Visa,1499,2026-08-11T05:09:00
85b0e817,SBI,issuer_unavailable,UPI_AUTOPAY,4999,2026-08-11T05:12:00
e564df04,Axis,issuer_unavailable,UPI_AUTOPAY,499,2026-08-11T05:14:00
c3117f28,Kotak,insufficient_funds,UPI_AUTOPAY,299,2026-08-11T05:16:00
40dc842a,Kotak,issuer_unavailable,Mastercard,199,2026-08-11T05:17:00
c9bcba8a,Axis,timeout,UPI_AUTOPAY,1499,2026-08-11T05:26:00
51e59512,Axis,timeout,UPI_AUTOPAY,199,2026-08-11T05:32:00
b9f2f9b2,Axis,timeout,UPI_AUTOPAY,999,2026-08-11T05:36:00
ffba4dcc,ICICI,insufficient_funds,RuPay,499,2026-08-11T05:38:00
df7f7c63,SBI,issuer_unavailable,Mastercard,999,2026-08-11T05:43:00
b4ecf3e0,Kotak,insufficient_funds,Visa,1499,2026-08-11T05:49:00
12678fef,SBI,hard_decline,Mastercard,1499,2026-08-11T05:52:00
bd2d6344,Axis,timeout,RuPay,1499,2026-08-11T05:53:00
a03a5792,HDFC,hard_decline,Visa,1499,2026-08-11T05:55:00
b96d25a1,Axis,insufficient_funds,UPI_AUTOPAY,4999,2026-08-11T05:55:00
a6701d98,HDFC,issuer_unavailable,UPI_AUTOPAY,4999,2026-08-11T05:58:00
e2120fc3,Axis,timeout,UPI_AUTOPAY,2999,2026-08-11T05:58:00
5672bebe,Axis,timeout,UPI_AUTOPAY,299,2026-08-11T06:00:00
de2d3ae8,Axis,timeout,RuPay,299,2026-08-11T06:03:00
5eec9958,ICICI,insufficient_funds,UPI_AUTOPAY,199,2026-08-11T06:06:00
47343368,Kotak,issuer_unavailable,RuPay,299,2026-08-11T06:06:00
63422947,Axis,issuer_unavailable,UPI_AUTOPAY,499,2026-08-11T06:09:00
0e227435,SBI,timeout,Visa,1499,2026-08-11T06:09:00
3b561a3f,HDFC,insufficient_funds,Mastercard,499,2026-08-11T06:10:00
09db23f0,HDFC,hard_decline,UPI_AUTOPAY,4999,2026-08-11T06:11:00
cb8a3010,Kotak,insufficient_funds,UPI_AUTOPAY,1499,2026-08-11T06:17:00
fe54347a,Axis,timeout,UPI_AUTOPAY,1499,2026-08-11T06:17:00
b31e7753,Kotak,insufficient_funds,Visa,299,2026-08-11T06:19:00
10dc33c4,HDFC,timeout,RuPay,1499,2026-08-11T06:23:00
0f2c82e8,ICICI,timeout,UPI_AUTOPAY,299,2026-08-11T06:25:00
5f0f2a47,ICICI,issuer_unavailable,UPI_AUTOPAY,499,2026-08-11T06:26:00
43572cd7,Axis,timeout,UPI_AUTOPAY,1499,2026-08-11T06:27:00
eb8b3b2d,Axis,issuer_unavailable,UPI_AUTOPAY,999,2026-08-11T06:42:00
ec58c719,SBI,issuer_unavailable,RuPay,4999,2026-08-11T06:45:00
4d11844f,HDFC,issuer_unavailable,RuPay,1499,2026-08-11T06:46:00
9c350021,HDFC,hard_decline,Visa,999,2026-08-11T06:50:00
aaa5782b,ICICI,hard_decline,Mastercard,1499,2026-08-11T06:54:00
3e4d2406,ICICI,timeout,UPI_AUTOPAY,2999,2026-08-11T07:01:00
c3e2af57,Axis,hard_decline,UPI_AUTOPAY,1499,2026-08-11T07:03:00
ba9e5475,Axis,insufficient_funds,Mastercard,499,2026-08-11T07:10:00
12c9892e,HDFC,insufficient_funds,UPI_AUTOPAY,1499,2026-08-11T07:12:00
33e3459a,Axis,insufficient_funds,RuPay,999,2026-08-11T07:12:00
06db641f,ICICI,timeout,Mastercard,199,2026-08-11T07:14:00
b506fdd6,Kotak,timeout,RuPay,499,2026-08-11T07:16:00
6f22057b,HDFC,insufficient_funds,UPI_AUTOPAY,999,2026-08-11T07:20:00
7f47dbff,SBI,timeout,RuPay,999,2026-08-11T07:20:00
88abe10a,SBI,timeout,UPI_AUTOPAY,4999,2026-08-11T07:23:00
a8dd9185,ICICI,hard_decline,UPI_AUTOPAY,299,2026-08-11T07:26:00
80b02470,ICICI,hard_decline,RuPay,4999,2026-08-11T07:28:00
874c1cb5,Axis,timeout,Mastercard,999,2026-08-11T07:28:00
cfbaef1e,Axis,insufficient_funds,Visa,2999,2026-08-11T07:32:00
69ac82b8,Axis,issuer_unavailable,RuPay,1499,2026-08-11T07:32:00
a873e158,HDFC,issuer_unavailable,UPI_AUTOPAY,999,2026-08-11T07:37:00
379c65ec,Axis,issuer_unavailable,Visa,4999,2026-08-11T07:38:00
d25eccc6,ICICI,insufficient_funds,RuPay,199,2026-08-11T07:45:00
52aebbf5,Kotak,timeout,Visa,2999,2026-08-11T07:47:00
2835d9a9,Axis,timeout,RuPay,299,2026-08-11T07:52:00
0b71772c,ICICI,insufficient_funds,RuPay,4999,2026-08-11T07:55:00
9c7bc5f8,ICICI,timeout,UPI_AUTOPAY,199,2026-08-11T07:58:00
88db6eb6,ICICI,issuer_unavailable,Mastercard,4999,2026-08-11T08:00:00
e2da0e86,Kotak,timeout,UPI_AUTOPAY,499,2026-08-11T08:00:00
5ba2347e,Axis,issuer_unavailable,Visa,199,2026-08-11T08:01:00
957e12c2,SBI,issuer_unavailable,UPI_AUTOPAY,499,2026-08-11T08:03:00
b9622760,ICICI,timeout,Mastercard,4999,2026-08-11T08:03:00
a9ba2c97,Kotak,insufficient_funds,UPI_AUTOPAY,2999,2026-08-11T08:04:00
052e9a59,HDFC,insufficient_funds,Visa,499,2026-08-11T08:04:00
66187266,HDFC,insufficient_funds,UPI_AUTOPAY,499,2026-08-11T08:16:00
da55dc3c,HDFC,timeout,RuPay,4999,2026-08-11T08:18:00
a3f4edbf,SBI,issuer_unavailable,UPI_AUTOPAY,299,2026-08-11T08:30:00
d7252393,ICICI,issuer_unavailable,RuPay,499,2026-08-11T08:31:00
c69337dc,SBI,insufficient_funds,UPI_AUTOPAY,2999,2026-08-11T08:40:00
ad84974f,SBI,timeout,UPI_AUTOPAY,2999,2026-08-11T08:42:00
4fa206c2,ICICI,insufficient_funds,UPI_AUTOPAY,299,2026-08-11T08:46:00
4bf96d84,ICICI,insufficient_funds,Visa,499,2026-08-11T08:50:00
23e57a2e,HDFC,issuer_unavailable,Mastercard,299,2026-08-11T08:54:00
cb8ca10e,SBI,timeout,Mastercard,199,2026-08-11T08:56:00
1198eee9,SBI,insufficient_funds,UPI_AUTOPAY,4999,2026-08-11T09:00:00
4f532a2d,HDFC,timeout,Mastercard,4999,2026-08-11T09:01:00
c4e53b58,Kotak,issuer_unavailable,Visa,4999,2026-08-11T09:05:00
48c8b465,Axis,hard_decline,UPI_AUTOPAY,299,2026-08-11T09:14:00
71b6194a,ICICI,issuer_unavailable,UPI_AUTOPAY,199,2026-08-11T09:14:00
b34dc836,ICICI,issuer_unavailable,RuPay,4999,2026-08-11T09:16:00
8bdae683,HDFC,insufficient_funds,Mastercard,499,2026-08-11T09:16:00
9d69d02f,Axis,issuer_unavailable,RuPay,2999,2026-08-11T09:19:00
a9c81c3a,Kotak,insufficient_funds,UPI_AUTOPAY,299,2026-08-11T09:22:00
00447559,ICICI,hard_decline,Mastercard,199,2026-08-11T09:23:00
2814c155,Kotak,insufficient_funds,Mastercard,1499,2026-08-11T09:29:00
3dcddf05,Axis,timeout,Visa,2999,2026-08-11T09:33:00
ea0b601c,HDFC,insufficient_funds,Visa,999,2026-08-11T09:35:00
61d34496,ICICI,timeout,Visa,4999,2026-08-11T09:37:00
2d5811fb,Axis,issuer_unavailable,UPI_AUTOPAY,4999,2026-08-11T09:38:00
a50346dc,SBI,insufficient_funds,RuPay,999,2026-08-11T09:40:00
c1f9f9e3,ICICI,timeout,UPI_AUTOPAY,299,2026-08-11T09:44:00
2f66ffb9,Axis,hard_decline,Mastercard,299,2026-08-11T09:45:00
27f1573d,Kotak,timeout,Mastercard,299,2026-08-11T09:48:00
0374ecae,HDFC,timeout,UPI_AUTOPAY,999,2026-08-11T09:49:00
efa2ea1f,HDFC,insufficient_funds,Visa,1499,2026-08-11T09:51:00
be956cf3,HDFC,timeout,UPI_AUTOPAY,999,2026-08-11T09:51:00
fcb98d59,Axis,insufficient_funds,Visa,999,2026-08-11T09:55:00
df30d90b,HDFC,timeout,Mastercard,1499,2026-08-11T09:59:00
2c53824e,Axis,insufficient_funds,UPI_AUTOPAY,1499,2026-08-11T10:03:00
17bc7d5c,Kotak,hard_decline,UPI_AUTOPAY,499,2026-08-11T10:03:00
5e375519,HDFC,hard_decline,Mastercard,199,2026-08-11T10:07:00
38bc1a6d,ICICI,issuer_unavailable,Visa,1499,2026-08-11T10:11:00
60ed62f4,Axis,issuer_unavailable,Visa,999,2026-08-11T10:11:00
beb1653e,Axis,timeout,UPI_AUTOPAY,299,2026-08-11T10:13:00
1e9c987f,HDFC,timeout,UPI_AUTOPAY,999,2026-08-11T10:14:00
8b5a0532,HDFC,insufficient_funds,RuPay,2999,2026-08-11T10:16:00
fb3cbbcf,SBI,insufficient_funds,UPI_AUTOPAY,2999,2026-08-11T10:18:00
9e1d6097,ICICI,insufficient_funds,UPI_AUTOPAY,199,2026-08-11T10:18:00
7c533e35,SBI,insufficient_funds,RuPay,999,2026-08-11T10:19:00
42cc066d,Kotak,issuer_unavailable,Visa,2999,2026-08-11T10:26:00
1ad926aa,Axis,timeout,RuPay,1499,2026-08-11T10:28:00
57ba3e1c,Kotak,timeout,Mastercard,199,2026-08-11T10:34:00
5dbd78e6,Axis,insufficient_funds,UPI_AUTOPAY,299,2026-08-11T10:34:00
7ec226f9,Kotak,insufficient_funds,UPI_AUTOPAY,4999,2026-08-11T10:40:00
71f49510,HDFC,insufficient_funds,UPI_AUTOPAY,999,2026-08-11T10:41:00
9ba3fcf3,ICICI,issuer_unavailable,RuPay,499,2026-08-11T10:43:00
bd9fb161,Kotak,insufficient_funds,Mastercard,2999,2026-08-11T10:44:00
45b9d848,Axis,hard_decline,RuPay,2999,2026-08-11T10:44:00
5bdf27b2,SBI,insufficient_funds,RuPay,1499,2026-08-11T10:46:00
75437151,Kotak,timeout,RuPay,999,2026-08-11T10:47:00
02e35472,Kotak,issuer_unavailable,UPI_AUTOPAY,2999,2026-08-11T10:47:00
f8113f70,Kotak,issuer_unavailable,RuPay,2999,2026-08-11T10:48:00
929be45c,SBI,timeout,UPI_AUTOPAY,499,2026-08-11T10:50:00
d6ddc5de,Kotak,insufficient_funds,RuPay,4999,2026-08-11T10:51:00
fbf90f69,ICICI,issuer_unavailable,UPI_AUTOPAY,999,2026-08-11T10:54:00
d1d90eeb,SBI,insufficient_funds,Visa,4999,2026-08-11T10:58:00
7e42ffbc,Kotak,insufficient_funds,Mastercard,2999,2026-08-11T10:58:00
b9884f57,ICICI,insufficient_funds,UPI_AUTOPAY,4999,2026-08-11T10:59:00
303ce2e8,Axis,timeout,Visa,199,2026-08-11T10:59:00
f1605387,ICICI,insufficient_funds,Mastercard,199,2026-08-11T11:00:00
f7a40bdd,SBI,insufficient_funds,Mastercard,2999,2026-08-11T11:00:00
efba5ef4,HDFC,hard_decline,UPI_AUTOPAY,2999,2026-08-11T11:10:00
7ee15335,HDFC,hard_decline,Visa,2999,2026-08-11T11:12:00
52f99c5a,ICICI,insufficient_funds,Visa,2999,2026-08-11T11:15:00
623abd66,SBI,insufficient_funds,Visa,4999,2026-08-11T11:17:00
5bd6b319,ICICI,timeout,UPI_AUTOPAY,199,2026-08-11T11:18:00
a8c09d92,Axis,timeout,UPI_AUTOPAY,2999,2026-08-11T11:22:00
7ccfb8bf,Kotak,hard_decline,RuPay,999,2026-08-11T11:24:00
1dc26df9,Axis,insufficient_funds,UPI_AUTOPAY,2999,2026-08-11T11:25:00
f447cd35,SBI,insufficient_funds,Mastercard,499,2026-08-11T11:31:00
2da96f8a,SBI,issuer_unavailable,Visa,199,2026-08-11T11:33:00
81c7d296,ICICI,timeout,Mastercard,199,2026-08-11T11:39:00
8b3951de,Axis,hard_decline,Mastercard,199,2026-08-11T11:43:00
26fb5412,Axis,hard_decline,UPI_AUTOPAY,999,2026-08-11T11:45:00
c242c263,HDFC,timeout,UPI_AUTOPAY,299,2026-08-11T11:47:00
a1bc1dc8,SBI,hard_decline,Visa,299,2026-08-11T11:58:00
27a784bc,ICICI,issuer_unavailable,RuPay,999,2026-08-11T11:59:00
25f460d6,Axis,insufficient_funds,UPI_AUTOPAY,2999,2026-08-11T12:05:00
fab978b1,Kotak,issuer_unavailable,RuPay,1499,2026-08-11T12:10:00
b1b724db,Kotak,insufficient_funds,UPI_AUTOPAY,199,2026-08-11T12:11:00
56becec5,Axis,insufficient_funds,Visa,299,2026-08-11T12:12:00
3826e7f4,HDFC,issuer_unavailable,RuPay,999,2026-08-11T12:16:00
7b69ded0,ICICI,timeout,UPI_AUTOPAY,499,2026-08-11T12:20:00
151c83f6,HDFC,hard_decline,Visa,299,2026-08-11T12:23:00
2f7e6789,ICICI,hard_decline,UPI_AUTOPAY,4999,2026-08-11T12:29:00
bdffafed,Kotak,insufficient_funds,UPI_AUTOPAY,1499,2026-08-11T12:30:00
d71a1769,Axis,timeout,Visa,2999,2026-08-11T12:32:00
50fd2b57,ICICI,insufficient_funds,Mastercard,499,2026-08-11T12:34:00
a66309d1,SBI,insufficient_funds,Mastercard,999,2026-08-11T12:34:00
aca26120,HDFC,insufficient_funds,UPI_AUTOPAY,4999,2026-08-11T12:37:00
0b5662bc,Kotak,issuer_unavailable,Visa,299,2026-08-11T12:41:00
6068f4c4,HDFC,insufficient_funds,UPI_AUTOPAY,4999,2026-08-11T12:42:00
7909fb6e,Kotak,insufficient_funds,Visa,2999,2026-08-11T12:49:00
897f5e92,ICICI,insufficient_funds,Mastercard,4999,2026-08-11T12:49:00
3fba9058,Kotak,hard_decline,RuPay,4999,2026-08-11T12:54:00
e3a13e6f,Kotak,hard_decline,Mastercard,199,2026-08-11T12:55:00
908d1290,HDFC,hard_decline,UPI_AUTOPAY,1499,2026-08-11T12:58:00
79155788,Axis,timeout,Mastercard,499,2026-08-11T13:14:00
7d39f50a,SBI,insufficient_funds,UPI_AUTOPAY,4999,2026-08-11T13:16:00
18954bc6,ICICI,timeout,Visa,1499,2026-08-11T13:17:00
f4ab606e,ICICI,hard_decline,RuPay,299,2026-08-11T13:18:00
3d3dfca2,Axis,insufficient_funds,UPI_AUTOPAY,499,2026-08-11T13:19:00
7f6350ed,SBI,insufficient_funds,Visa,199,2026-08-11T13:20:00
802d8210,HDFC,issuer_unavailable,Mastercard,499,2026-08-11T13:21:00
1c4f2de3,SBI,hard_decline,UPI_AUTOPAY,2999,2026-08-11T13:22:00
71716708,Kotak,timeout,Visa,299,2026-08-11T13:25:00
4c7b8c31,Kotak,timeout,Visa,499,2026-08-11T13:32:00
3981940d,Kotak,timeout,UPI_AUTOPAY,299,2026-08-11T13:41:00
efc3b287,SBI,insufficient_funds,Visa,4999,2026-08-11T13:45:00
b96d2cdb,ICICI,issuer_unavailable,UPI_AUTOPAY,2999,2026-08-11T13:47:00
3a891abe,SBI,hard_decline,UPI_AUTOPAY,999,2026-08-11T13:54:00
a7c013a6,HDFC,hard_decline,UPI_AUTOPAY,1499,2026-08-11T13:55:00
5ee7b03a,Axis,issuer_unavailable,Visa,199,2026-08-11T13:56:00
9e3e3439,Axis,issuer_unavailable,UPI_AUTOPAY,199,2026-08-11T13:58:00
d1f77bb2,Kotak,insufficient_funds,UPI_AUTOPAY,199,2026-08-11T14:02:00
40aa54f7,Axis,timeout,Visa,999,2026-08-11T14:02:00
71da6088,Axis,insufficient_funds,UPI_AUTOPAY,199,2026-08-11T14:06:00
1adf8521,Axis,insufficient_funds,RuPay,1499,2026-08-11T14:09:00
7c8526fe,Axis,timeout,UPI_AUTOPAY,1499,2026-08-11T14:09:00
fe2fa71c,Kotak,insufficient_funds,UPI_AUTOPAY,499,2026-08-11T14:09:00
f1283048,Axis,issuer_unavailable,UPI_AUTOPAY,999,2026-08-11T14:11:00
2f3048c6,HDFC,insufficient_funds,UPI_AUTOPAY,4999,2026-08-11T14:21:00
6ee2b2dd,HDFC,insufficient_funds,RuPay,1499,2026-08-11T14:21:00
7af68c46,ICICI,insufficient_funds,RuPay,199,2026-08-11T14:26:00
78a514b3,Axis,insufficient_funds,RuPay,4999,2026-08-11T14:27:00
0f7137a0,Axis,hard_decline,RuPay,4999,2026-08-11T14:29:00
db94c43c,SBI,timeout,UPI_AUTOPAY,999,2026-08-11T14:29:00
2f445c92,ICICI,hard_decline,UPI_AUTOPAY,2999,2026-08-11T14:29:00
b23c6592,Axis,timeout,RuPay,299,2026-08-11T14:31:00
65366b64,Axis,timeout,Mastercard,2999,2026-08-11T14:33:00
5f6eec50,ICICI,insufficient_funds,RuPay,1499,2026-08-11T14:38:00
fbb89a9b,Kotak,insufficient_funds,RuPay,499,2026-08-11T14:38:00
9c60cf86,SBI,issuer_unavailable,Mastercard,999,2026-08-11T14:39:00
2cbda962,HDFC,timeout,UPI_AUTOPAY,199,2026-08-11T14:44:00
8c51178c,ICICI,timeout,Visa,199,2026-08-11T14:51:00
232e3963,HDFC,insufficient_funds,UPI_AUTOPAY,4999,2026-08-11T14:56:00
ebebbf1f,SBI,timeout,RuPay,1499,2026-08-11T14:59:00
69d64e6a,ICICI,insufficient_funds,RuPay,199,2026-08-11T15:02:00
fb8bccb5,SBI,timeout,UPI_AUTOPAY,199,2026-08-11T15:07:00
cb235b27,Kotak,issuer_unavailable,Mastercard,199,2026-08-11T15:10:00
369237f2,Axis,timeout,Visa,1499,2026-08-11T15:25:00
074466b2,HDFC,timeout,Visa,999,2026-08-11T15:32:00
6ed6469e,HDFC,timeout,Visa,2999,2026-08-11T15:33:00
d2a92bd0,Kotak,insufficient_funds,UPI_AUTOPAY,499,2026-08-11T15:34:00
1357ef08,ICICI,insufficient_funds,UPI_AUTOPAY,999,2026-08-11T15:34:00
629d9a92,Kotak,hard_decline,RuPay,2999,2026-08-11T15:41:00
26b10efe,Kotak,hard_decline,Mastercard,1499,2026-08-11T15:42:00
e08cd1ac,Axis,timeout,Mastercard,299,2026-08-11T15:42:00
28447043,SBI,timeout,Mastercard,1499,2026-08-11T15:43:00
300ebcd6,HDFC,timeout,UPI_AUTOPAY,1499,2026-08-11T15:47:00
a4b659dc,Axis,timeout,Mastercard,499,2026-08-11T15:48:00
3fdecac1,ICICI,timeout,UPI_AUTOPAY,499,2026-08-11T15:48:00
e4571bc4,Axis,timeout,UPI_AUTOPAY,199,2026-08-11T15:52:00
d3f8975a,SBI,issuer_unavailable,RuPay,999,2026-08-11T15:53:00
a50afe9f,Kotak,insufficient_funds,Visa,999,2026-08-11T15:54:00
fd0a7986,ICICI,insufficient_funds,UPI_AUTOPAY,4999,2026-08-11T16:01:00
7e09fa94,Axis,timeout,RuPay,299,2026-08-11T16:02:00
7e46240d,Kotak,insufficient_funds,Visa,4999,2026-08-11T16:05:00
45e6b1ae,ICICI,issuer_unavailable,Visa,4999,2026-08-11T16:07:00
b11e0ece,Kotak,insufficient_funds,Visa,2999,2026-08-11T16:08:00
ce8ef671,Kotak,timeout,Visa,2999,2026-08-11T16:11:00
9d0a3db2,Kotak,timeout,UPI_AUTOPAY,199,2026-08-11T16:11:00
a17e5ce2,Kotak,issuer_unavailable,RuPay,199,2026-08-11T16:12:00
45900013,ICICI,insufficient_funds,Mastercard,2999,2026-08-11T16:14:00
5d2a8888,Kotak,timeout,Visa,4999,2026-08-11T16:17:00
822f23c9,ICICI,hard_decline,UPI_AUTOPAY,499,2026-08-11T16:25:00
b18c5711,SBI,hard_decline,RuPay,499,2026-08-11T16:26:00
7361f51b,HDFC,timeout,UPI_AUTOPAY,1499,2026-08-11T16:27:00
f49a303e,HDFC,timeout,Mastercard,199,2026-08-11T16:36:00
18ad89ec,HDFC,hard_decline,UPI_AUTOPAY,199,2026-08-11T16:38:00
d3e1b677,ICICI,issuer_unavailable,UPI_AUTOPAY,1499,2026-08-11T16:39:00
114385e6,Kotak,issuer_unavailable,RuPay,4999,2026-08-11T16:41:00
6e4683f9,Axis,insufficient_funds,Mastercard,199,2026-08-11T16:42:00
2f49fa4b,HDFC,timeout,Mastercard,299,2026-08-11T16:42:00
a7448d15,HDFC,issuer_unavailable,UPI_AUTOPAY,999,2026-08-11T16:44:00
7213c360,ICICI,hard_decline,UPI_AUTOPAY,2999,2026-08-11T16:46:00
65929c97,ICICI,insufficient_funds,RuPay,499,2026-08-11T16:47:00
9f968e4b,ICICI,timeout,Visa,2999,2026-08-11T16:48:00
412bc881,Kotak,issuer_unavailable,RuPay,2999,2026-08-11T16:54:00
f61cec5f,ICICI,timeout,RuPay,499,2026-08-11T16:58:00
b8495527,ICICI,timeout,UPI_AUTOPAY,999,2026-08-11T17:00:00
3d471636,ICICI,timeout,RuPay,4999,2026-08-11T17:01:00
c8ad2628,SBI,issuer_unavailable,UPI_AUTOPAY,2999,2026-08-11T17:03:00
7ca31fb2,ICICI,timeout,Visa,299,2026-08-11T17:07:00
d9cc210c,SBI,hard_decline,UPI_AUTOPAY,4999,2026-08-11T17:08:00
7c275b9c,Axis,issuer_unavailable,UPI_AUTOPAY,1499,2026-08-11T17:09:00
8faac9de,Kotak,timeout,Mastercard,199,2026-08-11T17:10:00
4b2a3294,ICICI,timeout,Mastercard,499,2026-08-11T17:10:00
033116b3,Axis,insufficient_funds,RuPay,199,2026-08-11T17:10:00
cf0cfcf0,Kotak,timeout,RuPay,499,2026-08-11T17:18:00
6ca16a69,SBI,insufficient_funds,Mastercard,299,2026-08-11T17:19:00
a382eb68,HDFC,timeout,Mastercard,999,2026-08-11T17:21:00
c635853e,HDFC,insufficient_funds,UPI_AUTOPAY,499,2026-08-11T17:23:00
31bbda33,Axis,issuer_unavailable,RuPay,499,2026-08-11T17:23:00
c472f787,Axis,timeout,UPI_AUTOPAY,199,2026-08-11T17:24:00
6e0578b2,Axis,insufficient_funds,RuPay,999,2026-08-11T17:26:00
1eada300,SBI,timeout,UPI_AUTOPAY,2999,2026-08-11T17:36:00
7ea81e23,Kotak,timeout,UPI_AUTOPAY,1499,2026-08-11T17:40:00
8e087c43,Kotak,hard_decline,UPI_AUTOPAY,299,2026-08-11T17:43:00
2a6b5115,HDFC,issuer_unavailable,UPI_AUTOPAY,199,2026-08-11T17:46:00
0e9ebde1,Axis,timeout,RuPay,999,2026-08-11T17:50:00
815d1319,Axis,timeout,UPI_AUTOPAY,2999,2026-08-11T17:57:00
a8892565,SBI,hard_decline,Visa,999,2026-08-11T17:58:00
37fadee3,Axis,issuer_unavailable,UPI_AUTOPAY,199,2026-08-11T18:02:00
17194645,Axis,insufficient_funds,Visa,2999,2026-08-11T18:03:00
e7528f27,HDFC,timeout,Visa,999,2026-08-11T18:03:00
64962ad3,HDFC,timeout,Visa,299,2026-08-11T18:03:00
a6eca0ee,HDFC,hard_decline,Visa,199,2026-08-11T18:08:00
e3a280c1,SBI,insufficient_funds,RuPay,4999,2026-08-11T18:10:00
bee7331e,ICICI,issuer_unavailable,RuPay,1499,2026-08-11T18:12:00
b561fc66,ICICI,timeout,Mastercard,499,2026-08-11T18:22:00
6683ea7e,Axis,insufficient_funds,RuPay,2999,2026-08-11T18:23:00
41dd0123,ICICI,insufficient_funds,UPI_AUTOPAY,499,2026-08-11T18:29:00
013438df,Axis,timeout,UPI_AUTOPAY,999,2026-08-11T18:31:00
fa57da11,HDFC,hard_decline,UPI_AUTOPAY,1499,2026-08-11T18:32:00
748eab4a,HDFC,hard_decline,UPI_AUTOPAY,499,2026-08-11T18:32:00
33ce57f7,HDFC,timeout,Visa,199,2026-08-11T18:36:00
d1b5dc5c,Axis,timeout,Mastercard,1499,2026-08-11T18:42:00
0bc5f1f9,SBI,timeout,UPI_AUTOPAY,499,2026-08-11T18:51:00
72d7b506,SBI,issuer_unavailable,Mastercard,299,2026-08-11T18:53:00
8dcd40f8,HDFC,timeout,RuPay,999,2026-08-11T18:58:00
8521c87b,SBI,insufficient_funds,Visa,1499,2026-08-11T18:59:00
72eca515,SBI,timeout,RuPay,999,2026-08-11T19:02:00
5f9f62be,Axis,insufficient_funds,UPI_AUTOPAY,4999,2026-08-11T19:03:00
2ddb713e,Axis,insufficient_funds,UPI_AUTOPAY,4999,2026-08-11T19:04:00
43541f14,HDFC,insufficient_funds,RuPay,299,2026-08-11T19:09:00
70af4cb5,SBI,insufficient_funds,RuPay,2999,2026-08-11T19:15:00
faa265e5,Kotak,issuer_unavailable,Mastercard,999,2026-08-11T19:23:00
ca8fdce2,SBI,insufficient_funds,RuPay,299,2026-08-11T19:26:00
a911df03,ICICI,issuer_unavailable,UPI_AUTOPAY,299,2026-08-11T19:27:00
7dccf752,ICICI,timeout,RuPay,199,2026-08-11T19:29:00
93fc2036,ICICI,issuer_unavailable,UPI_AUTOPAY,499,2026-08-11T19:31:00
1a9d5410,ICICI,timeout,RuPay,2999,2026-08-11T19:35:00
4311876f,ICICI,insufficient_funds,UPI_AUTOPAY,499,2026-08-11T19:40:00
0996ee3c,Axis,insufficient_funds,UPI_AUTOPAY,1499,2026-08-11T19:43:00
efbd6230,Kotak,insufficient_funds,UPI_AUTOPAY,1499,2026-08-11T19:44:00
2c2bd590,HDFC,hard_decline,RuPay,4999,2026-08-11T19:56:00
d3eb1b22,HDFC,timeout,UPI_AUTOPAY,299,2026-08-11T19:57:00
bce42942,Kotak,issuer_unavailable,UPI_AUTOPAY,499,2026-08-11T20:07:00
0c6da17e,SBI,hard_decline,UPI_AUTOPAY,199,2026-08-11T20:13:00
9e46c0c2,SBI,timeout,Visa,4999,2026-08-11T20:17:00
b39ed326,Kotak,issuer_unavailable,Mastercard,199,2026-08-11T20:21:00
0a0391a0,SBI,issuer_unavailable,RuPay,4999,2026-08-11T20:22:00
2a3c2974,HDFC,timeout,UPI_AUTOPAY,4999,2026-08-11T20:22:00
daf057ed,HDFC,hard_decline,UPI_AUTOPAY,4999,2026-08-11T20:23:00
dc170074,SBI,issuer_unavailable,UPI_AUTOPAY,499,2026-08-11T20:24:00
b9772b5e,SBI,timeout,Visa,2999,2026-08-11T20:24:00
4971bacd,ICICI,insufficient_funds,Mastercard,999,2026-08-11T20:27:00
de187af2,ICICI,hard_decline,UPI_AUTOPAY,999,2026-08-11T20:29:00
235e1846,SBI,hard_decline,UPI_AUTOPAY,999,2026-08-11T20:32:00
277feb50,Kotak,timeout,Visa,4999,2026-08-11T20:34:00
f19760b5,SBI,insufficient_funds,Mastercard,4999,2026-08-11T20:34:00
75f6742d,ICICI,timeout,Mastercard,999,2026-08-11T20:35:00
f38ec06b,Kotak,issuer_unavailable,RuPay,2999,2026-08-11T20:36:00
dc37ad75,Kotak,timeout,RuPay,4999,2026-08-11T20:38:00
a8d65783,Axis,timeout,Mastercard,299,2026-08-11T20:40:00
8672c1c0,Kotak,insufficient_funds,UPI_AUTOPAY,199,2026-08-11T20:42:00
12eb0f37,Kotak,issuer_unavailable,UPI_AUTOPAY,299,2026-08-11T20:48:00
25e93758,HDFC,timeout,UPI_AUTOPAY,999,2026-08-11T20:53:00
3b958f61,HDFC,hard_decline,Mastercard,1499,2026-08-11T20:54:00
545e0c2a,HDFC,timeout,RuPay,1499,2026-08-11T21:01:00
eb02bb6c,SBI,timeout,UPI_AUTOPAY,999,2026-08-11T21:01:00
690f97a0,Axis,timeout,UPI_AUTOPAY,4999,2026-08-11T21:02:00
c11be5ad,SBI,insufficient_funds,Mastercard,999,2026-08-11T21:08:00
164e1eaa,SBI,insufficient_funds,UPI_AUTOPAY,999,2026-08-11T21:09:00
2199e0f8,ICICI,insufficient_funds,UPI_AUTOPAY,499,2026-08-11T21:16:00
8e96a556,HDFC,insufficient_funds,UPI_AUTOPAY,199,2026-08-11T21:17:00
bd378a78,Kotak,timeout,UPI_AUTOPAY,4999,2026-08-11T21:19:00
03d23b30,Kotak,hard_decline,RuPay,199,2026-08-11T21:22:00
5ff93c84,SBI,issuer_unavailable,UPI_AUTOPAY,2999,2026-08-11T21:23:00
abc6ea68,Kotak,issuer_unavailable,RuPay,499,2026-08-11T21:32:00
6913f46e,HDFC,insufficient_funds,UPI_AUTOPAY,4999,2026-08-11T21:32:00
ef539a0e,Axis,hard_decline,RuPay,499,2026-08-11T21:34:00
5ceedd0f,Axis,hard_decline,UPI_AUTOPAY,1499,2026-08-11T21:37:00
4312b81a,SBI,insufficient_funds,UPI_AUTOPAY,999,2026-08-11T21:41:00
5cab7db0,SBI,timeout,UPI_AUTOPAY,199,2026-08-11T21:41:00
f33dc832,ICICI,insufficient_funds,Visa,499,2026-08-11T21:41:00
fc2e5aa9,Axis,insufficient_funds,Visa,1499,2026-08-11T21:51:00
6641a528,ICICI,insufficient_funds,UPI_AUTOPAY,299,2026-08-11T21:51:00
0cee9ce0,Axis,timeout,Visa,499,2026-08-11T21:54:00
8d27cd39,ICICI,hard_decline,UPI_AUTOPAY,499,2026-08-11T22:02:00
4ac9bac3,SBI,hard_decline,Mastercard,4999,2026-08-11T22:04:00
f3ab568d,SBI,hard_decline,Visa,4999,2026-08-11T22:07:00
b383b5d3,Kotak,timeout,UPI_AUTOPAY,4999,2026-08-11T22:13:00
f966b92b,Axis,hard_decline,UPI_AUTOPAY,499,2026-08-11T22:16:00
fab9dd66,Kotak,issuer_unavailable,UPI_AUTOPAY,999,2026-08-11T22:16:00
6c04523e,SBI,hard_decline,Visa,499,2026-08-11T22:17:00
eb926afc,ICICI,issuer_unavailable,UPI_AUTOPAY,299,2026-08-11T22:24:00
9f9e9000,Axis,hard_decline,UPI_AUTOPAY,1499,2026-08-11T22:24:00
42e70458,SBI,issuer_unavailable,Mastercard,999,2026-08-11T22:32:00
aad895f3,ICICI,insufficient_funds,Mastercard,2999,2026-08-11T22:32:00
44ee2f32,Kotak,timeout,UPI_AUTOPAY,4999,2026-08-11T22:33:00
69efe311,SBI,insufficient_funds,Mastercard,499,2026-08-11T22:33:00
75645de9,HDFC,insufficient_funds,UPI_AUTOPAY,999,2026-08-11T22:38:00
46fe5353,Kotak,timeout,Visa,199,2026-08-11T22:41:00
35e83c96,Kotak,insufficient_funds,UPI_AUTOPAY,499,2026-08-11T22:44:00
8858ebe5,Kotak,insufficient_funds,UPI_AUTOPAY,2999,2026-08-11T22:46:00
2865b254,ICICI,insufficient_funds,Visa,1499,2026-08-11T22:51:00
6f598ab2,ICICI,insufficient_funds,RuPay,4999,2026-08-11T22:52:00
36c6e45d,SBI,timeout,RuPay,999,2026-08-11T22:52:00
95274a12,SBI,insufficient_funds,UPI_AUTOPAY,299,2026-08-11T22:58:00
1a2b9081,SBI,issuer_unavailable,Visa,299,2026-08-11T22:59:00
e63a66c5,HDFC,insufficient_funds,Visa,1499,2026-08-11T23:06:00
91f6e068,SBI,hard_decline,UPI_AUTOPAY,4999,2026-08-11T23:08:00
7ae9e599,ICICI,issuer_unavailable,Visa,299,2026-08-11T23:09:00
d6259deb,ICICI,issuer_unavailable,UPI_AUTOPAY,199,2026-08-11T23:10:00
b4680066,Kotak,insufficient_funds,Visa,2999,2026-08-11T23:16:00
7bb5e82b,Kotak,timeout,Mastercard,4999,2026-08-11T23:19:00
e6e8eb99,SBI,hard_decline,Visa,4999,2026-08-11T23:19:00
6bd2ce45,HDFC,issuer_unavailable,UPI_AUTOPAY,499,2026-08-11T23:20:00
5519b81b,Axis,timeout,RuPay,4999,2026-08-11T23:20:00
9e6feb9d,SBI,insufficient_funds,UPI_AUTOPAY,1499,2026-08-11T23:22:00
62e0fac8,ICICI,hard_decline,RuPay,1499,2026-08-11T23:40:00
cbb29469,ICICI,timeout,Mastercard,2999,2026-08-11T23:43:00
6eae03a8,HDFC,timeout,RuPay,1499,2026-08-11T23:44:00
9e367d5c,SBI,insufficient_funds,Visa,199,2026-08-11T23:48:00
f90c9249,Axis,insufficient_funds,Visa,1499,2026-08-11T23:50:00
e844ccf0,HDFC,timeout,UPI_AUTOPAY,999,2026-08-11T23:50:00
ba6281b4,HDFC,hard_decline,Visa,299,2026-08-11T23:54:00
0b0a9aaa,SBI,hard_decline,RuPay,999,2026-08-11T23:58:00
4c4ed34e,SBI,hard_decline,Mastercard,299,2026-08-11T23:59:00
678880fc,HDFC,issuer_unavailable,UPI_AUTOPAY,999,2026-08-12T00:03:00
39cb51a1,ICICI,insufficient_funds,Mastercard,499,2026-08-12T00:05:00
6d22093d,HDFC,insufficient_funds,UPI_AUTOPAY,299,2026-08-12T00:05:00
d4974641,ICICI,hard_decline,UPI_AUTOPAY,999,2026-08-12T00:08:00
618b2a3c,Kotak,issuer_unavailable,RuPay,2999,2026-08-12T00:17:00
91052082,Kotak,insufficient_funds,Visa,299,2026-08-12T00:17:00
177f242f,Axis,timeout,UPI_AUTOPAY,299,2026-08-12T00:21:00
b05755e1,HDFC,timeout,UPI_AUTOPAY,299,2026-08-12T00:25:00
5b57a2b3,Axis,timeout,Mastercard,299,2026-08-12T00:32:00
6a2a69ed,Kotak,issuer_unavailable,RuPay,4999,2026-08-12T00:34:00
bb8f6cfe,Kotak,issuer_unavailable,Visa,999,2026-08-12T00:34:00
10716a6d,Axis,hard_decline,Mastercard,999,2026-08-12T00:35:00
b31cbe94,SBI,timeout,Mastercard,199,2026-08-12T00:37:00
966d032f,ICICI,timeout,Mastercard,499,2026-08-12T00:40:00
68ef516d,Kotak,timeout,Visa,2999,2026-08-12T00:44:00
4f28b26c,Kotak,insufficient_funds,Visa,199,2026-08-12T00:44:00
5e71d387,Kotak,timeout,UPI_AUTOPAY,2999,2026-08-12T00:48:00
c7dfeece,Axis,hard_decline,UPI_AUTOPAY,499,2026-08-12T00:48:00
50e3fbb8,ICICI,issuer_unavailable,RuPay,999,2026-08-12T00:48:00
a0908b45,Kotak,insufficient_funds,UPI_AUTOPAY,2999,2026-08-12T00:49:00
81d98ccc,ICICI,issuer_unavailable,UPI_AUTOPAY,999,2026-08-12T00:53:00
b374cb78,Kotak,insufficient_funds,Visa,999,2026-08-12T00:57:00
cb6fe7b7,SBI,timeout,RuPay,499,2026-08-12T00:59:00
2245fb20,HDFC,issuer_unavailable,RuPay,999,2026-08-12T01:00:00
1b9c6eb3,HDFC,insufficient_funds,Visa,499,2026-08-12T01:05:00
4ce2957a,Kotak,issuer_unavailable,RuPay,1499,2026-08-12T01:15:00
3dc9534d,HDFC,insufficient_funds,UPI_AUTOPAY,4999,2026-08-12T01:17:00
553f50d7,Kotak,hard_decline,RuPay,2999,2026-08-12T01:19:00
3cfbe474,SBI,insufficient_funds,RuPay,199,2026-08-12T01:21:00
9763a9a3,Kotak,issuer_unavailable,UPI_AUTOPAY,999,2026-08-12T01:24:00
055d0f36,Axis,timeout,UPI_AUTOPAY,199,2026-08-12T01:25:00
876344ce,SBI,issuer_unavailable,Mastercard,299,2026-08-12T01:28:00
c33cb733,Axis,issuer_unavailable,Visa,999,2026-08-12T01:29:00
834fee01,ICICI,issuer_unavailable,UPI_AUTOPAY,4999,2026-08-12T01:31:00
0ec8c10c,SBI,issuer_unavailable,UPI_AUTOPAY,1499,2026-08-12T01:32:00
6ca428b1,HDFC,timeout,UPI_AUTOPAY,2999,2026-08-12T01:34:00
9d14b8e7,Axis,issuer_unavailable,Visa,1499,2026-08-12T01:35:00
4ee57bff,SBI,timeout,RuPay,4999,2026-08-12T01:35:00
0cbcf5b5,HDFC,insufficient_funds,Visa,2999,2026-08-12T01:36:00
2a8bdc83,Kotak,issuer_unavailable,UPI_AUTOPAY,1499,2026-08-12T01:38:00
000db784,Kotak,issuer_unavailable,Visa,4999,2026-08-12T01:39:00
8f6b3a98,HDFC,issuer_unavailable,Mastercard,4999,2026-08-12T01:39:00
3c8faa00,ICICI,timeout,RuPay,1499,2026-08-12T01:43:00
9a6593c0,SBI,timeout,UPI_AUTOPAY,1499,2026-08-12T01:53:00
d86c5bdb,SBI,issuer_unavailable,Visa,999,2026-08-12T01:54:00
5aecc891,SBI,insufficient_funds,UPI_AUTOPAY,1499,2026-08-12T01:57:00
f4d78249,ICICI,hard_decline,Mastercard,2999,2026-08-12T01:57:00
44972d8e,Kotak,timeout,Mastercard,2999,2026-08-12T01:58:00
8eb7b356,Axis,insufficient_funds,Visa,2999,2026-08-12T02:00:00
c2d9ad48,Axis,insufficient_funds,RuPay,999,2026-08-12T02:01:00
07076d10,ICICI,insufficient_funds,UPI_AUTOPAY,199,2026-08-12T02:05:00
5a32275a,ICICI,timeout,Visa,1499,2026-08-12T02:05:00
a2da5092,SBI,timeout,Visa,4999,2026-08-12T02:11:00
419a8d56,HDFC,insufficient_funds,Mastercard,1499,2026-08-12T02:13:00
f1f28e6b,Axis,issuer_unavailable,UPI_AUTOPAY,999,2026-08-12T02:13:00
106ece46,Axis,timeout,UPI_AUTOPAY,999,2026-08-12T02:14:00
05940190,ICICI,insufficient_funds,Visa,1499,2026-08-12T02:17:00
cc1a694c,ICICI,timeout,UPI_AUTOPAY,499,2026-08-12T02:25:00
8bf91745,HDFC,insufficient_funds,RuPay,999,2026-08-12T02:29:00
df30c9c2,HDFC,insufficient_funds,RuPay,199,2026-08-12T02:37:00
f5869be6,Kotak,timeout,Mastercard,1499,2026-08-12T02:49:00
d96c9cf9,Kotak,hard_decline,Visa,499,2026-08-12T02:55:00
0c1305f6,ICICI,insufficient_funds,Visa,199,2026-08-12T03:04:00
79aba707,SBI,issuer_unavailable,Mastercard,1499,2026-08-12T03:08:00
5a977a92,HDFC,timeout,UPI_AUTOPAY,1499,2026-08-12T03:08:00
37bfc440,HDFC,issuer_unavailable,UPI_AUTOPAY,999,2026-08-12T03:13:00
7f548734,Kotak,insufficient_funds,UPI_AUTOPAY,199,2026-08-12T03:16:00
b0818384,Axis,hard_decline,UPI_AUTOPAY,2999,2026-08-12T03:21:00
63ced09e,HDFC,timeout,Visa,499,2026-08-12T03:27:00
fe4d2e7c,ICICI,insufficient_funds,Mastercard,1499,2026-08-12T03:32:00
cb9d27e4,SBI,hard_decline,Mastercard,499,2026-08-12T03:34:00
22779aaa,SBI,timeout,UPI_AUTOPAY,4999,2026-08-12T03:36:00
8a66d20c,SBI,timeout,Visa,299,2026-08-12T03:38:00
9cbe59bc,ICICI,hard_decline,RuPay,1499,2026-08-12T03:40:00
0a884c68,Kotak,timeout,UPI_AUTOPAY,4999,2026-08-12T03:41:00
0b2f6a22,Axis,timeout,UPI_AUTOPAY,299,2026-08-12T03:43:00
f93d74bb,ICICI,insufficient_funds,RuPay,999,2026-08-12T03:44:00
6468d8e4,ICICI,issuer_unavailable,UPI_AUTOPAY,499,2026-08-12T03:45:00
826dc30d,SBI,insufficient_funds,Mastercard,199,2026-08-12T03:50:00
cd7264fd,Axis,timeout,UPI_AUTOPAY,999,2026-08-12T03:57:00
2dd2539e,SBI,insufficient_funds,RuPay,1499,2026-08-12T04:01:00
a55ac743,SBI,insufficient_funds,Mastercard,199,2026-08-12T04:10:00
0fd90f92,SBI,insufficient_funds,RuPay,4999,2026-08-12T04:12:00
81315d52,Kotak,insufficient_funds,RuPay,4999,2026-08-12T04:19:00
3825c139,Axis,insufficient_funds,RuPay,4999,2026-08-12T04:19:00
51cff898,ICICI,timeout,Visa,1499,2026-08-12T04:20:00
7a22ed8b,HDFC,hard_decline,Visa,199,2026-08-12T04:20:00
145a40fe,Axis,timeout,UPI_AUTOPAY,199,2026-08-12T04:21:00
d47c7d4f,SBI,issuer_unavailable,UPI_AUTOPAY,299,2026-08-12T04:28:00
a97c5eaa,SBI,insufficient_funds,RuPay,1499,2026-08-12T04:35:00
5cd8568a,HDFC,timeout,Visa,1499,2026-08-12T04:37:00
2642ad31,Kotak,issuer_unavailable,UPI_AUTOPAY,299,2026-08-12T04:39:00
8afd27cc,HDFC,issuer_unavailable,UPI_AUTOPAY,4999,2026-08-12T04:46:00
60101122,Axis,issuer_unavailable,RuPay,299,2026-08-12T04:53:00
51945fa4,Axis,insufficient_funds,Visa,2999,2026-08-12T05:00:00
7ac3ad3a,SBI,insufficient_funds,Visa,299,2026-08-12T05:02:00
31af993f,Axis,timeout,UPI_AUTOPAY,299,2026-08-12T05:05:00
eae6add6,HDFC,issuer_unavailable,UPI_AUTOPAY,999,2026-08-12T05:08:00
034c5140,Kotak,insufficient_funds,UPI_AUTOPAY,4999,2026-08-12T05:11:00
508bde4d,HDFC,issuer_unavailable,RuPay,999,2026-08-12T05:11:00
06d6c7c1,ICICI,timeout,UPI_AUTOPAY,199,2026-08-12T05:11:00
3c9f55a6,Axis,timeout,Mastercard,4999,2026-08-12T05:24:00
83349fc5,Kotak,insufficient_funds,Mastercard,999,2026-08-12T05:25:00
c5495f50,HDFC,hard_decline,Visa,999,2026-08-12T05:29:00
a7ebc98b,Axis,issuer_unavailable,UPI_AUTOPAY,4999,2026-08-12T05:33:00
d42a7fae,HDFC,timeout,Mastercard,1499,2026-08-12T05:33:00
b35dcdbe,HDFC,insufficient_funds,UPI_AUTOPAY,499,2026-08-12T05:33:00
504208a5,HDFC,timeout,UPI_AUTOPAY,999,2026-08-12T05:46:00
2f5962e8,HDFC,insufficient_funds,RuPay,199,2026-08-12T05:52:00
67b458d9,SBI,hard_decline,UPI_AUTOPAY,4999,2026-08-12T05:54:00
27b52987,HDFC,timeout,UPI_AUTOPAY,1499,2026-08-12T06:02:00
140b563a,SBI,hard_decline,Visa,499,2026-08-12T06:02:00
c893d64d,SBI,hard_decline,Mastercard,2999,2026-08-12T06:11:00
8b31a6a0,ICICI,issuer_unavailable,UPI_AUTOPAY,4999,2026-08-12T06:11:00
56fbc905,HDFC,timeout,RuPay,299,2026-08-12T06:12:00
5bfbedba,SBI,insufficient_funds,RuPay,2999,2026-08-12T06:15:00
17e242f3,HDFC,hard_decline,Visa,299,2026-08-12T06:16:00
99cdb2de,HDFC,issuer_unavailable,UPI_AUTOPAY,4999,2026-08-12T06:17:00
cb3148ee,SBI,timeout,Mastercard,499,2026-08-12T06:20:00
0f5b3105,Axis,issuer_unavailable,RuPay,2999,2026-08-12T06:25:00
216a4b91,SBI,hard_decline,UPI_AUTOPAY,999,2026-08-12T06:26:00
31f0058f,SBI,insufficient_funds,UPI_AUTOPAY,4999,2026-08-12T06:26:00
a9077f95,Axis,timeout,Visa,199,2026-08-12T06:30:00
089bd83c,ICICI,issuer_unavailable,RuPay,299,2026-08-12T06:31:00
05eab383,Kotak,issuer_unavailable,Mastercard,499,2026-08-12T06:34:00
74d794ca,ICICI,timeout,Visa,299,2026-08-12T06:35:00
1a6d5749,HDFC,hard_decline,Mastercard,2999,2026-08-12T06:35:00
0ad68328,ICICI,timeout,Mastercard,299,2026-08-12T06:36:00
15a15bb9,SBI,timeout,Visa,2999,2026-08-12T06:39:00
8d4cd783,ICICI,timeout,Mastercard,999,2026-08-12T06:40:00
0e80c8d0,Kotak,issuer_unavailable,UPI_AUTOPAY,299,2026-08-12T06:47:00
eedb245b,SBI,timeout,RuPay,1499,2026-08-12T06:52:00
aa1ff96f,Axis,issuer_unavailable,Mastercard,299,2026-08-12T06:57:00
a6e9f4d8,HDFC,timeout,RuPay,499,2026-08-12T06:58:00
1277d22c,Kotak,timeout,UPI_AUTOPAY,1499,2026-08-12T06:59:00
df801162,ICICI,insufficient_funds,RuPay,499,2026-08-12T07:06:00
a80d1357,ICICI,issuer_unavailable,Mastercard,499,2026-08-12T07:10:00
a8cf32b8,HDFC,issuer_unavailable,UPI_AUTOPAY,499,2026-08-12T07:12:00
50d15dba,Axis,issuer_unavailable,Mastercard,499,2026-08-12T07:13:00
89f40bd2,HDFC,insufficient_funds,UPI_AUTOPAY,1499,2026-08-12T07:14:00
f469f508,Kotak,insufficient_funds,Visa,1499,2026-08-12T07:23:00
dfe2c14b,SBI,timeout,UPI_AUTOPAY,4999,2026-08-12T07:30:00
1c06b51e,ICICI,insufficient_funds,UPI_AUTOPAY,2999,2026-08-12T07:31:00
d3b5e831,Axis,timeout,Visa,199,2026-08-12T07:33:00
910aa131,Kotak,insufficient_funds,Mastercard,299,2026-08-12T07:33:00
581248d5,SBI,timeout,UPI_AUTOPAY,1499,2026-08-12T07:34:00
d370e870,Axis,insufficient_funds,UPI_AUTOPAY,999,2026-08-12T07:35:00
f2d74760,SBI,hard_decline,UPI_AUTOPAY,1499,2026-08-12T07:36:00
0fb3dc49,SBI,hard_decline,UPI_AUTOPAY,199,2026-08-12T07:45:00
125dd4b1,HDFC,insufficient_funds,RuPay,999,2026-08-12T07:47:00
bbf3835d,Kotak,timeout,Mastercard,499,2026-08-12T07:49:00
32f44848,ICICI,insufficient_funds,Visa,2999,2026-08-12T07:51:00
b35f5bdc,Kotak,timeout,UPI_AUTOPAY,199,2026-08-12T07:54:00
1ce656b6,Axis,hard_decline,RuPay,999,2026-08-12T07:54:00
47db6175,ICICI,timeout,UPI_AUTOPAY,999,2026-08-12T08:01:00
9e64cbd2,Kotak,hard_decline,RuPay,499,2026-08-12T08:04:00
f96df549,SBI,issuer_unavailable,RuPay,4999,2026-08-12T08:04:00
04aabc36,Axis,insufficient_funds,RuPay,1499,2026-08-12T08:05:00
1e0c9801,SBI,insufficient_funds,Mastercard,199,2026-08-12T08:06:00
b6373d80,HDFC,timeout,RuPay,4999,2026-08-12T08:13:00
240c5f70,Axis,issuer_unavailable,Visa,4999,2026-08-12T08:14:00
e58955e5,ICICI,issuer_unavailable,UPI_AUTOPAY,199,2026-08-12T08:20:00
97b6f279,HDFC,timeout,Visa,299,2026-08-12T08:20:00
11e6c21d,ICICI,timeout,RuPay,299,2026-08-12T08:27:00
a67e46dc,ICICI,insufficient_funds,UPI_AUTOPAY,4999,2026-08-12T08:30:00
2db04237,HDFC,timeout,UPI_AUTOPAY,2999,2026-08-12T08:35:00
2356bac7,SBI,timeout,Mastercard,299,2026-08-12T08:36:00
92f85d43,SBI,insufficient_funds,UPI_AUTOPAY,299,2026-08-12T08:38:00
9f104555,Kotak,issuer_unavailable,UPI_AUTOPAY,199,2026-08-12T08:39:00
56f19572,HDFC,insufficient_funds,UPI_AUTOPAY,499,2026-08-12T08:44:00
93ef7514,ICICI,timeout,Visa,2999,2026-08-12T08:56:00
2e001551,HDFC,hard_decline,UPI_AUTOPAY,499,2026-08-12T08:59:00
d8d38e26,Kotak,insufficient_funds,RuPay,4999,2026-08-12T08:59:00
da123425,SBI,timeout,UPI_AUTOPAY,999,2026-08-12T08:59:00
57ff3908,ICICI,insufficient_funds,Mastercard,4999,2026-08-12T09:03:00
f7fbb123,HDFC,hard_decline,Visa,299,2026-08-12T09:08:00
9bbe1a6d,SBI,timeout,Visa,2999,2026-08-12T09:08:00
dc5db0e3,Kotak,issuer_unavailable,RuPay,299,2026-08-12T09:10:00
87522e52,HDFC,timeout,RuPay,199,2026-08-12T09:25:00
7d06b9b7,Axis,insufficient_funds,Visa,999,2026-08-12T09:37:00
b004d9c4,HDFC,insufficient_funds,UPI_AUTOPAY,499,2026-08-12T09:37:00
c1f71238,Axis,hard_decline,UPI_AUTOPAY,299,2026-08-12T09:38:00
35b38236,SBI,insufficient_funds,UPI_AUTOPAY,4999,2026-08-12T09:39:00
16a318f5,Axis,timeout,UPI_AUTOPAY,4999,2026-08-12T09:48:00
0d76146b,ICICI,issuer_unavailable,Mastercard,4999,2026-08-12T09:51:00
e1822870,Axis,insufficient_funds,UPI_AUTOPAY,1499,2026-08-12T09:55:00
b1061bde,HDFC,timeout,RuPay,999,2026-08-12T09:58:00
0c04c6cf,Axis,insufficient_funds,RuPay,4999,2026-08-12T10:01:00
e1d24c77,Axis,insufficient_funds,UPI_AUTOPAY,199,2026-08-12T10:02:00
1a9a07fa,SBI,timeout,UPI_AUTOPAY,199,2026-08-12T10:04:00
82cbe4a9,Kotak,insufficient_funds,UPI_AUTOPAY,299,2026-08-12T10:05:00
4a78014b,Axis,timeout,Visa,199,2026-08-12T10:11:00
122f2170,SBI,issuer_unavailable,UPI_AUTOPAY,2999,2026-08-12T10:12:00
c14d10fc,ICICI,issuer_unavailable,UPI_AUTOPAY,299,2026-08-12T10:20:00
a5ba6f78,SBI,insufficient_funds,Mastercard,199,2026-08-12T10:21:00
666cb677,HDFC,insufficient_funds,UPI_AUTOPAY,299,2026-08-12T10:25:00
9023c609,Kotak,insufficient_funds,Visa,199,2026-08-12T10:29:00
d53afad2,Kotak,timeout,RuPay,499,2026-08-12T10:30:00
9f84c77c,SBI,issuer_unavailable,Mastercard,999,2026-08-12T10:30:00
dfe9558d,SBI,insufficient_funds,Visa,299,2026-08-12T10:36:00
213cca78,Axis,timeout,Visa,1499,2026-08-12T10:38:00
c60e7a9b,Axis,hard_decline,RuPay,499,2026-08-12T10:41:00
a95c1a01,HDFC,insufficient_funds,UPI_AUTOPAY,199,2026-08-12T10:42:00
1007df3c,HDFC,issuer_unavailable,Visa,4999,2026-08-12T10:45:00
dc0284f8,Kotak,timeout,Mastercard,999,2026-08-12T10:46:00
b5fb70e9,SBI,insufficient_funds,UPI_AUTOPAY,1499,2026-08-12T10:51:00
3cef3316,ICICI,issuer_unavailable,Mastercard,199,2026-08-12T10:53:00
bea141f5,HDFC,timeout,UPI_AUTOPAY,4999,2026-08-12T10:58:00
bddb2636,ICICI,timeout,RuPay,199,2026-08-12T11:00:00
049fa1aa,SBI,issuer_unavailable,UPI_AUTOPAY,2999,2026-08-12T11:04:00
b6df4225,Axis,insufficient_funds,RuPay,1499,2026-08-12T11:04:00
107b3054,SBI,insufficient_funds,UPI_AUTOPAY,1499,2026-08-12T11:05:00
d4024ee6,Axis,timeout,UPI_AUTOPAY,499,2026-08-12T11:05:00
975ed3b3,Axis,insufficient_funds,Mastercard,299,2026-08-12T11:09:00
187e9865,ICICI,issuer_unavailable,Mastercard,999,2026-08-12T11:14:00
da5cb285,Kotak,issuer_unavailable,Mastercard,199,2026-08-12T11:14:00
1d0739a0,ICICI,hard_decline,UPI_AUTOPAY,199,2026-08-12T11:17:00
bec0e33c,ICICI,insufficient_funds,RuPay,4999,2026-08-12T11:24:00
74e23ee3,HDFC,issuer_unavailable,UPI_AUTOPAY,299,2026-08-12T11:24:00
55d1becc,SBI,issuer_unavailable,RuPay,299,2026-08-12T11:26:00
bf718a2e,ICICI,timeout,Visa,2999,2026-08-12T11:26:00
9d88adef,ICICI,timeout,Mastercard,199,2026-08-12T11:26:00
1d4d8228,Axis,hard_decline,RuPay,999,2026-08-12T11:38:00
69f97521,HDFC,issuer_unavailable,Visa,299,2026-08-12T11:39:00
c2d3580d,HDFC,hard_decline,Mastercard,4999,2026-08-12T11:39:00
09b1d4c4,Axis,insufficient_funds,RuPay,499,2026-08-12T11:40:00
8cd2dc13,SBI,issuer_unavailable,Mastercard,1499,2026-08-12T11:48:00
1f89338f,Kotak,issuer_unavailable,Visa,1499,2026-08-12T11:49:00
b52cac8c,Axis,timeout,UPI_AUTOPAY,1499,2026-08-12T11:57:00
2898173a,SBI,insufficient_funds,Mastercard,2999,2026-08-12T12:02:00
b285e766,ICICI,issuer_unavailable,RuPay,199,2026-08-12T12:05:00
9e3b96f9,SBI,insufficient_funds,UPI_AUTOPAY,4999,2026-08-12T12:19:00
1ffca016,ICICI,timeout,Visa,4999,2026-08-12T12:19:00
9aaf265f,SBI,timeout,Mastercard,2999,2026-08-12T12:21:00
34482e99,Kotak,timeout,UPI_AUTOPAY,2999,2026-08-12T12:25:00
768a5480,HDFC,timeout,RuPay,499,2026-08-12T12:34:00
f37a5205,SBI,timeout,RuPay,4999,2026-08-12T12:34:00
a8edf316,Axis,issuer_unavailable,UPI_AUTOPAY,4999,2026-08-12T12:35:00
2965c382,ICICI,issuer_unavailable,Mastercard,499,2026-08-12T12:36:00
6744872d,Axis,issuer_unavailable,UPI_AUTOPAY,199,2026-08-12T12:45:00
6179bf4b,Kotak,hard_decline,UPI_AUTOPAY,4999,2026-08-12T12:45:00
f807a128,SBI,insufficient_funds,Mastercard,999,2026-08-12T12:48:00
894b5d6e,SBI,issuer_unavailable,RuPay,299,2026-08-12T12:49:00
94525f4e,ICICI,issuer_unavailable,UPI_AUTOPAY,1499,2026-08-12T12:50:00
ae19b442,Kotak,timeout,UPI_AUTOPAY,999,2026-08-12T12:52:00
bc6579fe,SBI,timeout,UPI_AUTOPAY,1499,2026-08-12T12:55:00
9eeca0be,ICICI,timeout,RuPay,1499,2026-08-12T12:55:00
1c0a61b7,HDFC,insufficient_funds,Visa,999,2026-08-12T12:56:00
957dba72,HDFC,timeout,Visa,999,2026-08-12T12:58:00
cf918850,HDFC,hard_decline,UPI_AUTOPAY,199,2026-08-12T12:59:00
1ce038b0,ICICI,hard_decline,UPI_AUTOPAY,999,2026-08-12T13:01:00
55b77f83,Kotak,hard_decline,UPI_AUTOPAY,199,2026-08-12T13:04:00
ea11a3b3,Kotak,issuer_unavailable,RuPay,1499,2026-08-12T13:07:00
e8bc01a2,Axis,timeout,RuPay,999,2026-08-12T13:09:00
d965a86b,Kotak,insufficient_funds,UPI_AUTOPAY,4999,2026-08-12T13:11:00
55409f96,SBI,issuer_unavailable,Visa,1499,2026-08-12T13:11:00
0392276a,HDFC,timeout,UPI_AUTOPAY,1499,2026-08-12T13:12:00
2df2fca5,ICICI,insufficient_funds,UPI_AUTOPAY,2999,2026-08-12T13:18:00
c40e6cf1,SBI,timeout,Visa,499,2026-08-12T13:23:00
5c8038ed,HDFC,hard_decline,UPI_AUTOPAY,2999,2026-08-12T13:28:00
8e189c10,Axis,issuer_unavailable,Visa,199,2026-08-12T13:35:00
1c83f99b,ICICI,insufficient_funds,RuPay,499,2026-08-12T13:42:00
97509559,SBI,issuer_unavailable,Mastercard,2999,2026-08-12T13:48:00
36f17274,HDFC,insufficient_funds,UPI_AUTOPAY,299,2026-08-12T13:49:00
1f96759a,SBI,insufficient_funds,RuPay,1499,2026-08-12T13:54:00
6a7e0b06,Kotak,insufficient_funds,UPI_AUTOPAY,299,2026-08-12T13:55:00
3f39b9f9,Axis,timeout,UPI_AUTOPAY,2999,2026-08-12T13:56:00
fac9c987,Kotak,insufficient_funds,Visa,999,2026-08-12T13:58:00
201049c3,SBI,timeout,UPI_AUTOPAY,4999,2026-08-12T13:59:00
641d44d1,Axis,insufficient_funds,UPI_AUTOPAY,299,2026-08-12T14:00:00
d4ef491c,HDFC,timeout,UPI_AUTOPAY,499,2026-08-12T14:01:00
a5230f2a,HDFC,timeout,Visa,999,2026-08-12T14:04:00
5bcfc657,Axis,timeout,UPI_AUTOPAY,4999,2026-08-12T14:04:00
e0c51eac,Axis,timeout,Mastercard,299,2026-08-12T14:05:00
a48060bd,Axis,timeout,RuPay,4999,2026-08-12T14:07:00
65867217,SBI,timeout,RuPay,299,2026-08-12T14:13:00
cd52ea8a,Axis,timeout,Visa,1499,2026-08-12T14:13:00
66e1b01b,ICICI,hard_decline,RuPay,999,2026-08-12T14:14:00
e0495a33,HDFC,insufficient_funds,Visa,999,2026-08-12T14:25:00
8d27f59a,ICICI,hard_decline,UPI_AUTOPAY,199,2026-08-12T14:27:00
a23a157d,SBI,timeout,Mastercard,1499,2026-08-12T14:28:00
248c185c,ICICI,timeout,Mastercard,1499,2026-08-12T14:31:00
932ef97a,Axis,insufficient_funds,UPI_AUTOPAY,1499,2026-08-12T14:54:00
d9624bd5,Kotak,issuer_unavailable,RuPay,999,2026-08-12T14:58:00
85842030,HDFC,timeout,UPI_AUTOPAY,299,2026-08-12T14:58:00
5f9308d5,Kotak,insufficient_funds,UPI_AUTOPAY,199,2026-08-12T14:59:00
17c551e9,Axis,insufficient_funds,RuPay,199,2026-08-12T14:59:00
f7407e80,Kotak,timeout,UPI_AUTOPAY,499,2026-08-12T15:01:00
ddb86d46,ICICI,insufficient_funds,UPI_AUTOPAY,999,2026-08-12T15:01:00
78a92aa0,Axis,insufficient_funds,Mastercard,4999,2026-08-12T15:04:00
7830637d,Kotak,timeout,UPI_AUTOPAY,499,2026-08-12T15:08:00
fdf6260c,ICICI,hard_decline,Visa,499,2026-08-12T15:14:00
a54d32cc,HDFC,issuer_unavailable,Visa,299,2026-08-12T15:16:00
71b48137,ICICI,issuer_unavailable,UPI_AUTOPAY,4999,2026-08-12T15:17:00
a470039e,ICICI,timeout,RuPay,2999,2026-08-12T15:18:00
9c3fc588,ICICI,timeout,UPI_AUTOPAY,199,2026-08-12T15:28:00
faddeccf,Kotak,timeout,Visa,2999,2026-08-12T15:30:00
59b072e3,HDFC,insufficient_funds,Mastercard,499,2026-08-12T15:32:00
bd673811,SBI,insufficient_funds,Mastercard,999,2026-08-12T15:36:00
b279acef,HDFC,timeout,RuPay,1499,2026-08-12T15:43:00
e28916c0,Kotak,insufficient_funds,Visa,4999,2026-08-12T15:45:00
e42229a4,Kotak,issuer_unavailable,RuPay,4999,2026-08-12T15:46:00
03a88753,Kotak,insufficient_funds,RuPay,4999,2026-08-12T15:46:00
f506d503,SBI,insufficient_funds,Mastercard,4999,2026-08-12T15:53:00
14aa04a8,Axis,hard_decline,UPI_AUTOPAY,999,2026-08-12T15:53:00
38f88501,Kotak,insufficient_funds,UPI_AUTOPAY,4999,2026-08-12T15:54:00
a20ff97e,ICICI,timeout,UPI_AUTOPAY,1499,2026-08-12T16:03:00
6b87139d,HDFC,issuer_unavailable,RuPay,299,2026-08-12T16:05:00
c6d1a065,SBI,insufficient_funds,Visa,199,2026-08-12T16:06:00
5b7823eb,Kotak,hard_decline,Mastercard,499,2026-08-12T16:07:00
cf717bb8,HDFC,issuer_unavailable,UPI_AUTOPAY,199,2026-08-12T16:07:00
a9b69277,Axis,issuer_unavailable,UPI_AUTOPAY,1499,2026-08-12T16:10:00
9e3368a7,SBI,hard_decline,UPI_AUTOPAY,1499,2026-08-12T16:10:00
22a967da,Kotak,timeout,Visa,1499,2026-08-12T16:11:00
3313935a,Axis,timeout,Visa,499,2026-08-12T16:16:00
fe354af3,Axis,insufficient_funds,UPI_AUTOPAY,299,2026-08-12T16:20:00
8b5c5977,Axis,insufficient_funds,UPI_AUTOPAY,2999,2026-08-12T16:21:00
c3a7b086,Axis,insufficient_funds,Mastercard,4999,2026-08-12T16:22:00
72b7b959,HDFC,timeout,UPI_AUTOPAY,2999,2026-08-12T16:22:00
af3fa0ee,Kotak,timeout,Visa,499,2026-08-12T16:23:00
fa577e9f,Axis,issuer_unavailable,UPI_AUTOPAY,2999,2026-08-12T16:23:00
8cbf6487,HDFC,hard_decline,Mastercard,499,2026-08-12T16:23:00
96b3bf09,Kotak,issuer_unavailable,UPI_AUTOPAY,1499,2026-08-12T16:27:00
78083626,SBI,insufficient_funds,Mastercard,2999,2026-08-12T16:29:00
0d44986b,HDFC,insufficient_funds,Visa,2999,2026-08-12T16:40:00
25660240,Kotak,issuer_unavailable,UPI_AUTOPAY,2999,2026-08-12T16:43:00
05c003f9,ICICI,timeout,Mastercard,199,2026-08-12T16:43:00
fc548398,HDFC,insufficient_funds,UPI_AUTOPAY,999,2026-08-12T16:46:00
6519f9aa,SBI,timeout,UPI_AUTOPAY,499,2026-08-12T16:49:00
ff036a11,SBI,insufficient_funds,UPI_AUTOPAY,1499,2026-08-12T16:53:00
9db7ba7d,ICICI,timeout,Visa,2999,2026-08-12T17:00:00
026650d5,ICICI,hard_decline,RuPay,4999,2026-08-12T17:02:00
7030b8c0,HDFC,issuer_unavailable,Mastercard,299,2026-08-12T17:05:00
27eee271,Axis,hard_decline,RuPay,299,2026-08-12T17:10:00
09b6e320,HDFC,issuer_unavailable,Mastercard,499,2026-08-12T17:20:00
ecae21cc,HDFC,issuer_unavailable,UPI_AUTOPAY,1499,2026-08-12T17:24:00
cd770aa7,HDFC,timeout,UPI_AUTOPAY,299,2026-08-12T17:32:00
09f0118e,SBI,timeout,UPI_AUTOPAY,299,2026-08-12T17:38:00
96922c3b,SBI,timeout,UPI_AUTOPAY,4999,2026-08-12T17:38:00
e2fdb0ab,ICICI,hard_decline,RuPay,299,2026-08-12T17:41:00
68841e23,ICICI,timeout,Mastercard,299,2026-08-12T17:45:00
3d2ec4f8,Axis,issuer_unavailable,UPI_AUTOPAY,1499,2026-08-12T17:48:00
da560a63,SBI,insufficient_funds,UPI_AUTOPAY,999,2026-08-12T17:50:00
0e9ac04e,HDFC,insufficient_funds,RuPay,199,2026-08-12T17:51:00
bb35e056,ICICI,issuer_unavailable,UPI_AUTOPAY,999,2026-08-12T17:59:00
d1a2b77b,SBI,insufficient_funds,UPI_AUTOPAY,299,2026-08-12T18:01:00
b90eed51,Axis,insufficient_funds,RuPay,499,2026-08-12T18:16:00
a921d085,HDFC,issuer_unavailable,UPI_AUTOPAY,199,2026-08-12T18:17:00
9f1785f4,Axis,timeout,UPI_AUTOPAY,1499,2026-08-12T18:22:00
80f65882,Axis,timeout,Mastercard,499,2026-08-12T18:24:00
0cc91bf0,Kotak,timeout,Visa,1499,2026-08-12T18:31:00
52893992,ICICI,issuer_unavailable,RuPay,499,2026-08-12T18:35:00
6d0f47de,HDFC,timeout,RuPay,299,2026-08-12T18:39:00
6125b180,Axis,timeout,UPI_AUTOPAY,199,2026-08-12T18:49:00
725f840c,ICICI,hard_decline,UPI_AUTOPAY,199,2026-08-12T19:00:00
85251571,SBI,timeout,UPI_AUTOPAY,2999,2026-08-12T19:03:00
4b5726be,SBI,timeout,Visa,999,2026-08-12T19:04:00
aeb4c327,HDFC,issuer_unavailable,UPI_AUTOPAY,1499,2026-08-12T19:08:00
d481f4c5,ICICI,issuer_unavailable,RuPay,199,2026-08-12T19:10:00
102a3071,HDFC,insufficient_funds,Visa,999,2026-08-12T19:11:00
fb680686,ICICI,issuer_unavailable,UPI_AUTOPAY,499,2026-08-12T19:12:00
711e2d6f,Axis,timeout,Visa,199,2026-08-12T19:12:00
946d0e8a,SBI,insufficient_funds,Visa,499,2026-08-12T19:18:00
164d7666,HDFC,timeout,UPI_AUTOPAY,499,2026-08-12T19:22:00
7f011c94,HDFC,timeout,UPI_AUTOPAY,1499,2026-08-12T19:25:00
3a65c662,HDFC,issuer_unavailable,UPI_AUTOPAY,299,2026-08-12T19:26:00
e742bb51,SBI,insufficient_funds,RuPay,199,2026-08-12T19:28:00
ab1b8938,ICICI,timeout,UPI_AUTOPAY,499,2026-08-12T19:35:00
a2dec839,Kotak,timeout,Visa,499,2026-08-12T19:36:00
a618764a,ICICI,insufficient_funds,UPI_AUTOPAY,299,2026-08-12T19:39:00
1214406b,Kotak,issuer_unavailable,UPI_AUTOPAY,2999,2026-08-12T19:41:00
4d922692,SBI,timeout,Mastercard,299,2026-08-12T19:45:00
cc758eba,SBI,insufficient_funds,UPI_AUTOPAY,199,2026-08-12T19:47:00
d0a240ae,Kotak,insufficient_funds,Mastercard,1499,2026-08-12T19:53:00
3507f9d6,Kotak,hard_decline,UPI_AUTOPAY,999,2026-08-12T19:54:00
2879fd69,ICICI,insufficient_funds,RuPay,4999,2026-08-12T19:56:00
de07cf03,ICICI,timeout,RuPay,2999,2026-08-12T19:57:00
89d6ec8c,HDFC,insufficient_funds,UPI_AUTOPAY,4999,2026-08-12T19:57:00
e707b8bc,HDFC,hard_decline,Visa,999,2026-08-12T20:09:00
7fa45b20,Kotak,insufficient_funds,UPI_AUTOPAY,999,2026-08-12T20:10:00
ddf9b289,HDFC,timeout,Mastercard,1499,2026-08-12T20:11:00
d1fb6a47,Axis,issuer_unavailable,Visa,499,2026-08-12T20:12:00
8a4a01dd,ICICI,timeout,Visa,2999,2026-08-12T20:13:00
ec76ca7e,SBI,timeout,Visa,2999,2026-08-12T20:15:00
cc20fba2,SBI,hard_decline,UPI_AUTOPAY,199,2026-08-12T20:15:00
9ebdd89c,Kotak,timeout,RuPay,299,2026-08-12T20:15:00
8e428ed9,HDFC,issuer_unavailable,UPI_AUTOPAY,4999,2026-08-12T20:19:00
4556e525,Axis,timeout,Mastercard,199,2026-08-12T20:20:00
0f833376,HDFC,insufficient_funds,UPI_AUTOPAY,2999,2026-08-12T20:25:00
856f580c,HDFC,hard_decline,UPI_AUTOPAY,199,2026-08-12T20:28:00
73686e2f,HDFC,timeout,RuPay,299,2026-08-12T20:36:00
8cbb286f,Axis,hard_decline,Visa,1499,2026-08-12T20:38:00
d310c974,HDFC,hard_decline,Mastercard,4999,2026-08-12T20:42:00
d984a136,Kotak,issuer_unavailable,Mastercard,1499,2026-08-12T20:43:00
60215160,ICICI,insufficient_funds,RuPay,2999,2026-08-12T20:44:00
24ba0d77,HDFC,timeout,RuPay,199,2026-08-12T20:45:00
6337d5a1,SBI,timeout,Visa,499,2026-08-12T20:47:00
33119d32,SBI,issuer_unavailable,RuPay,499,2026-08-12T20:48:00
eaaa9a7f,HDFC,insufficient_funds,Mastercard,1499,2026-08-12T20:49:00
793dc821,Axis,timeout,UPI_AUTOPAY,299,2026-08-12T20:50:00
f6f67294,SBI,hard_decline,RuPay,4999,2026-08-12T20:52:00
b010f5fd,ICICI,insufficient_funds,Mastercard,1499,2026-08-12T20:54:00
f9a570a0,Axis,issuer_unavailable,UPI_AUTOPAY,999,2026-08-12T20:54:00
941a17f1,SBI,issuer_unavailable,UPI_AUTOPAY,999,2026-08-12T20:56:00
d4896f46,Axis,timeout,UPI_AUTOPAY,299,2026-08-12T20:59:00
0f65397d,ICICI,insufficient_funds,Mastercard,2999,2026-08-12T20:59:00
6d0fff2d,Axis,timeout,Visa,299,2026-08-12T21:05:00
84fc6137,Axis,timeout,Mastercard,999,2026-08-12T21:06:00
1f3f50ef,Kotak,timeout,RuPay,299,2026-08-12T21:07:00
035f4b66,SBI,insufficient_funds,RuPay,499,2026-08-12T21:10:00
bf30559a,SBI,timeout,UPI_AUTOPAY,299,2026-08-12T21:11:00
58a8e5ee,Axis,issuer_unavailable,Visa,299,2026-08-12T21:11:00
5bda8379,SBI,hard_decline,RuPay,999,2026-08-12T21:14:00
16042685,Axis,timeout,UPI_AUTOPAY,999,2026-08-12T21:17:00
b41df34b,HDFC,issuer_unavailable,Mastercard,999,2026-08-12T21:20:00
ca56c4e6,ICICI,insufficient_funds,UPI_AUTOPAY,299,2026-08-12T21:22:00
e575266a,HDFC,hard_decline,RuPay,4999,2026-08-12T21:22:00
6b330601,HDFC,hard_decline,Visa,4999,2026-08-12T21:25:00
09ac527c,Axis,timeout,RuPay,1499,2026-08-12T21:26:00
233d0583,SBI,timeout,UPI_AUTOPAY,2999,2026-08-12T21:28:00
d594f2e0,SBI,insufficient_funds,Visa,199,2026-08-12T21:30:00
c972b417,ICICI,issuer_unavailable,Visa,299,2026-08-12T21:39:00
7e1587e0,Axis,timeout,UPI_AUTOPAY,499,2026-08-12T21:44:00
94d01177,Axis,issuer_unavailable,RuPay,499,2026-08-12T21:44:00
0f75c926,Kotak,issuer_unavailable,UPI_AUTOPAY,2999,2026-08-12T21:46:00
79fae1d5,HDFC,insufficient_funds,UPI_AUTOPAY,199,2026-08-12T21:51:00
68bb30a4,HDFC,hard_decline,Mastercard,4999,2026-08-12T21:52:00
6ca3fda4,Axis,issuer_unavailable,Visa,999,2026-08-12T22:03:00
62331d6c,ICICI,issuer_unavailable,RuPay,499,2026-08-12T22:04:00
08b28fc6,ICICI,timeout,Mastercard,1499,2026-08-12T22:06:00
981029da,HDFC,insufficient_funds,UPI_AUTOPAY,499,2026-08-12T22:07:00
0616575b,Axis,timeout,UPI_AUTOPAY,299,2026-08-12T22:11:00
2cd49c04,Kotak,hard_decline,UPI_AUTOPAY,299,2026-08-12T22:12:00
34550d4f,ICICI,issuer_unavailable,UPI_AUTOPAY,999,2026-08-12T22:13:00
ac15665f,Axis,insufficient_funds,RuPay,199,2026-08-12T22:22:00
dc02ee61,Axis,timeout,Mastercard,999,2026-08-12T22:25:00
82161d3b,ICICI,insufficient_funds,RuPay,999,2026-08-12T22:29:00
0d54c33e,HDFC,insufficient_funds,Mastercard,1499,2026-08-12T22:29:00
5a2ba6c5,SBI,timeout,UPI_AUTOPAY,2999,2026-08-12T22:37:00
2310f5c8,ICICI,issuer_unavailable,RuPay,299,2026-08-12T22:38:00
33116da2,HDFC,timeout,Visa,999,2026-08-12T22:44:00
1a7e6848,Kotak,issuer_unavailable,UPI_AUTOPAY,4999,2026-08-12T22:50:00
0b1006d9,Axis,issuer_unavailable,RuPay,299,2026-08-12T22:50:00
a57c1872,ICICI,hard_decline,UPI_AUTOPAY,499,2026-08-12T22:50:00
e7146edb,Kotak,issuer_unavailable,UPI_AUTOPAY,2999,2026-08-12T22:53:00
3c968bf7,ICICI,timeout,UPI_AUTOPAY,999,2026-08-12T22:57:00
0f364575,Axis,insufficient_funds,Visa,199,2026-08-12T23:01:00
063ee41e,HDFC,insufficient_funds,Visa,1499,2026-08-12T23:07:00
d512af82,Kotak,hard_decline,UPI_AUTOPAY,4999,2026-08-12T23:08:00
091a4cef,HDFC,hard_decline,UPI_AUTOPAY,2999,2026-08-12T23:12:00
56abc149,HDFC,timeout,RuPay,2999,2026-08-12T23:23:00
ac8c93f2,ICICI,hard_decline,UPI_AUTOPAY,499,2026-08-12T23:27:00
498ebbca,HDFC,timeout,RuPay,499,2026-08-12T23:31:00
f724cc3a,HDFC,timeout,UPI_AUTOPAY,2999,2026-08-12T23:35:00
c939ba2b,HDFC,insufficient_funds,Mastercard,4999,2026-08-12T23:40:00
98ee93b6,Kotak,timeout,UPI_AUTOPAY,1499,2026-08-12T23:49:00
392f50bb,Kotak,issuer_unavailable,Visa,1499,2026-08-12T23:56:00
ffede807,SBI,timeout,UPI_AUTOPAY,199,2026-08-12T23:56:00
088c7389,Kotak,issuer_unavailable,UPI_AUTOPAY,2999,2026-08-12T23:58:00
1f8d5cee,SBI,insufficient_funds,UPI_AUTOPAY,2999,2026-08-13T00:01:00
766f36ac,HDFC,hard_decline,UPI_AUTOPAY,299,2026-08-13T00:01:00
4e732859,ICICI,timeout,RuPay,999,2026-08-13T00:05:00
cfe3fa7b,Axis,timeout,RuPay,4999,2026-08-13T00:05:00
28d0c55b,Axis,issuer_unavailable,UPI_AUTOPAY,199,2026-08-13T00:08:00
732e4bdd,Axis,timeout,UPI_AUTOPAY,199,2026-08-13T00:09:00
13d69166,Axis,issuer_unavailable,Visa,2999,2026-08-13T00:12:00
55797297,Kotak,hard_decline,Visa,1499,2026-08-13T00:15:00
334daf4c,SBI,insufficient_funds,Visa,2999,2026-08-13T00:16:00
54c5f4b9,Kotak,insufficient_funds,Visa,4999,2026-08-13T00:18:00
3c39c6c6,HDFC,timeout,Mastercard,1499,2026-08-13T00:25:00
7f838833,Kotak,hard_decline,UPI_AUTOPAY,199,2026-08-13T00:26:00
b478f712,Kotak,insufficient_funds,Visa,999,2026-08-13T00:28:00
c933325d,ICICI,issuer_unavailable,RuPay,4999,2026-08-13T00:33:00
ec69f485,Axis,timeout,UPI_AUTOPAY,2999,2026-08-13T00:36:00
bafe85f0,SBI,timeout,Visa,1499,2026-08-13T00:37:00
64dd64b6,SBI,hard_decline,UPI_AUTOPAY,499,2026-08-13T00:46:00
d6b9cc3b,Kotak,hard_decline,Visa,999,2026-08-13T00:48:00
b27d44bb,ICICI,timeout,UPI_AUTOPAY,299,2026-08-13T00:49:00
1d0727d5,SBI,issuer_unavailable,RuPay,499,2026-08-13T00:53:00
f0344937,Axis,hard_decline,Visa,499,2026-08-13T00:54:00
ee5636bf,ICICI,timeout,Mastercard,4999,2026-08-13T00:55:00
0ae25367,Axis,timeout,UPI_AUTOPAY,4999,2026-08-13T00:55:00
ae688b98,SBI,insufficient_funds,UPI_AUTOPAY,2999,2026-08-13T00:58:00
a16d0730,Kotak,issuer_unavailable,UPI_AUTOPAY,2999,2026-08-13T00:58:00
1ebe208d,ICICI,timeout,Mastercard,299,2026-08-13T01:02:00
36ea561d,SBI,timeout,RuPay,499,2026-08-13T01:17:00
ebe06635,HDFC,timeout,UPI_AUTOPAY,499,2026-08-13T01:18:00
dc47417c,SBI,issuer_unavailable,UPI_AUTOPAY,999,2026-08-13T01:19:00
e4794ca6,Kotak,timeout,UPI_AUTOPAY,299,2026-08-13T01:21:00
a1217ae7,Kotak,issuer_unavailable,Mastercard,299,2026-08-13T01:21:00
4ed93cc4,HDFC,timeout,UPI_AUTOPAY,2999,2026-08-13T01:25:00
816711a9,ICICI,hard_decline,Mastercard,1499,2026-08-13T01:26:00
c734a23d,ICICI,timeout,Mastercard,499,2026-08-13T01:29:00
e049dd74,Kotak,issuer_unavailable,UPI_AUTOPAY,299,2026-08-13T01:32:00
e22c6436,HDFC,timeout,RuPay,199,2026-08-13T01:38:00
6493b950,HDFC,hard_decline,UPI_AUTOPAY,1499,2026-08-13T01:41:00
16fdaac7,SBI,insufficient_funds,Mastercard,1499,2026-08-13T01:44:00
3d69c317,SBI,issuer_unavailable,Mastercard,499,2026-08-13T01:48:00
acc14275,Axis,timeout,Visa,1499,2026-08-13T01:54:00
d5edbeb9,ICICI,timeout,UPI_AUTOPAY,4999,2026-08-13T01:56:00
33e45ddf,Axis,hard_decline,RuPay,199,2026-08-13T02:04:00
d9260986,Kotak,timeout,UPI_AUTOPAY,4999,2026-08-13T02:05:00
fb70def1,Kotak,timeout,Mastercard,499,2026-08-13T02:12:00
33b352ac,ICICI,hard_decline,UPI_AUTOPAY,499,2026-08-13T02:14:00
33b29cce,ICICI,timeout,UPI_AUTOPAY,299,2026-08-13T02:14:00
bd497e1b,SBI,timeout,Visa,2999,2026-08-13T02:16:00
df49fe89,Kotak,timeout,UPI_AUTOPAY,4999,2026-08-13T02:24:00
95f071ae,ICICI,timeout,UPI_AUTOPAY,1499,2026-08-13T02:27:00
46db7596,SBI,issuer_unavailable,UPI_AUTOPAY,299,2026-08-13T02:31:00
26c1dca5,Kotak,insufficient_funds,Mastercard,2999,2026-08-13T02:32:00
d0181933,Axis,timeout,UPI_AUTOPAY,1499,2026-08-13T02:34:00
b82d9bef,HDFC,timeout,UPI_AUTOPAY,299,2026-08-13T02:35:00
08fd582f,Kotak,insufficient_funds,UPI_AUTOPAY,299,2026-08-13T02:36:00
154819a1,SBI,insufficient_funds,UPI_AUTOPAY,499,2026-08-13T02:42:00
d1ea4bdd,HDFC,issuer_unavailable,UPI_AUTOPAY,2999,2026-08-13T02:48:00
512af7f3,ICICI,timeout,Mastercard,4999,2026-08-13T02:53:00
0104e75e,Axis,hard_decline,Mastercard,4999,2026-08-13T02:53:00
d0f6a927,SBI,hard_decline,Visa,2999,2026-08-13T02:54:00
423e3778,Axis,timeout,UPI_AUTOPAY,199,2026-08-13T02:58:00
af0ec2f6,HDFC,issuer_unavailable,UPI_AUTOPAY,299,2026-08-13T02:59:00
9f0042aa,HDFC,insufficient_funds,UPI_AUTOPAY,299,2026-08-13T03:00:00
b3538cc5,ICICI,insufficient_funds,Visa,499,2026-08-13T03:20:00
f1b2dc84,Kotak,issuer_unavailable,UPI_AUTOPAY,4999,2026-08-13T03:23:00
69185e4b,SBI,timeout,Mastercard,2999,2026-08-13T03:26:00
7aae0f01,HDFC,insufficient_funds,Visa,299,2026-08-13T03:30:00
f0868c64,HDFC,timeout,Visa,199,2026-08-13T03:34:00
c9050565,SBI,insufficient_funds,UPI_AUTOPAY,499,2026-08-13T03:40:00
3a75ff9e,SBI,timeout,UPI_AUTOPAY,1499,2026-08-13T03:43:00
179b48b8,Axis,insufficient_funds,Visa,299,2026-08-13T03:50:00
9de1a66c,Axis,timeout,Visa,2999,2026-08-13T03:52:00
630219fc,Kotak,hard_decline,UPI_AUTOPAY,199,2026-08-13T03:57:00
359402b4,HDFC,issuer_unavailable,UPI_AUTOPAY,499,2026-08-13T04:08:00
062977ef,Kotak,hard_decline,UPI_AUTOPAY,4999,2026-08-13T04:20:00
d4a4ec97,HDFC,issuer_unavailable,Visa,199,2026-08-13T04:22:00
8e82f0fd,Kotak,insufficient_funds,RuPay,1499,2026-08-13T04:25:00
b158c623,SBI,timeout,UPI_AUTOPAY,1499,2026-08-13T04:26:00
ff91e8f3,HDFC,hard_decline,Visa,4999,2026-08-13T04:31:00
f276c05b,SBI,insufficient_funds,UPI_AUTOPAY,299,2026-08-13T04:41:00
24d1b148,ICICI,issuer_unavailable,Mastercard,199,2026-08-13T04:41:00
3182aa77,Kotak,timeout,Mastercard,2999,2026-08-13T04:48:00
d6b876e8,ICICI,timeout,Mastercard,4999,2026-08-13T04:51:00
fc3b3c1e,ICICI,issuer_unavailable,Mastercard,299,2026-08-13T04:51:00
a3b8e35f,ICICI,insufficient_funds,RuPay,4999,2026-08-13T04:56:00
3ceaf3d8,SBI,issuer_unavailable,UPI_AUTOPAY,2999,2026-08-13T04:59:00
0a9a25cb,Kotak,timeout,Visa,1499,2026-08-13T05:03:00
adcfde6a,HDFC,insufficient_funds,Visa,999,2026-08-13T05:05:00
ae7640a6,SBI,issuer_unavailable,Visa,4999,2026-08-13T05:06:00
431296e5,HDFC,timeout,UPI_AUTOPAY,2999,2026-08-13T05:08:00
4f0b4c6d,HDFC,timeout,Visa,2999,2026-08-13T05:09:00
483a3984,Kotak,insufficient_funds,UPI_AUTOPAY,4999,2026-08-13T05:10:00
37625b4f,Axis,timeout,Visa,1499,2026-08-13T05:16:00
2bd354b6,ICICI,issuer_unavailable,UPI_AUTOPAY,199,2026-08-13T05:19:00
170b9eae,SBI,issuer_unavailable,UPI_AUTOPAY,4999,2026-08-13T05:23:00
51607b2f,ICICI,timeout,Mastercard,199,2026-08-13T05:24:00
5963f71e,ICICI,timeout,UPI_AUTOPAY,499,2026-08-13T05:33:00
aa8eca92,Kotak,hard_decline,Mastercard,1499,2026-08-13T05:35:00
32039bf7,SBI,timeout,UPI_AUTOPAY,999,2026-08-13T05:38:00
65de8c91,ICICI,timeout,Mastercard,2999,2026-08-13T05:40:00
5b5c9197,HDFC,insufficient_funds,Mastercard,4999,2026-08-13T05:41:00
33a79c6a,Axis,insufficient_funds,UPI_AUTOPAY,299,2026-08-13T05:41:00
9ef4592b,ICICI,insufficient_funds,UPI_AUTOPAY,199,2026-08-13T05:43:00
23709413,Kotak,insufficient_funds,RuPay,299,2026-08-13T05:47:00
df76210b,Axis,hard_decline,UPI_AUTOPAY,199,2026-08-13T05:48:00
6e15642f,HDFC,issuer_unavailable,UPI_AUTOPAY,2999,2026-08-13T05:54:00
83a41ac3,HDFC,timeout,RuPay,2999,2026-08-13T05:55:00
5c3a203c,Axis,issuer_unavailable,UPI_AUTOPAY,2999,2026-08-13T05:56:00
64ed6d09,SBI,timeout,Visa,199,2026-08-13T06:03:00
d5f2cfa4,Kotak,issuer_unavailable,UPI_AUTOPAY,1499,2026-08-13T06:04:00
707afbdb,SBI,timeout,UPI_AUTOPAY,2999,2026-08-13T06:12:00
fe791382,Axis,hard_decline,Visa,199,2026-08-13T06:13:00
4b606e2e,Kotak,issuer_unavailable,UPI_AUTOPAY,299,2026-08-13T06:15:00
62083724,Kotak,issuer_unavailable,UPI_AUTOPAY,1499,2026-08-13T06:21:00
f5f0912c,HDFC,issuer_unavailable,Visa,299,2026-08-13T06:24:00
de20456e,SBI,insufficient_funds,UPI_AUTOPAY,299,2026-08-13T06:26:00
440f8bac,HDFC,hard_decline,Mastercard,2999,2026-08-13T06:27:00
e1560e09,ICICI,insufficient_funds,UPI_AUTOPAY,199,2026-08-13T06:32:00
45ee1e12,Kotak,timeout,UPI_AUTOPAY,2999,2026-08-13T06:36:00
77730b62,SBI,insufficient_funds,Visa,299,2026-08-13T06:40:00
695e666d,Axis,timeout,Visa,2999,2026-08-13T06:41:00
9cc818db,ICICI,timeout,UPI_AUTOPAY,1499,2026-08-13T06:41:00
5fc1feb2,Axis,insufficient_funds,Visa,999,2026-08-13T06:43:00
e2cd713e,Axis,timeout,RuPay,999,2026-08-13T06:49:00
5072c936,Kotak,insufficient_funds,Visa,199,2026-08-13T06:53:00
43d63a3a,HDFC,insufficient_funds,UPI_AUTOPAY,1499,2026-08-13T06:55:00
7f1febdb,HDFC,timeout,Visa,4999,2026-08-13T06:57:00
c1f2c023,ICICI,hard_decline,UPI_AUTOPAY,199,2026-08-13T06:59:00
7e926ae4,ICICI,insufficient_funds,UPI_AUTOPAY,1499,2026-08-13T07:00:00
42908677,HDFC,hard_decline,UPI_AUTOPAY,999,2026-08-13T07:02:00
584b1b17,Kotak,insufficient_funds,UPI_AUTOPAY,4999,2026-08-13T07:02:00
8e9e072d,HDFC,timeout,UPI_AUTOPAY,4999,2026-08-13T07:02:00
126b4306,Kotak,hard_decline,UPI_AUTOPAY,199,2026-08-13T07:09:00
fef5d4cd,SBI,timeout,UPI_AUTOPAY,299,2026-08-13T07:21:00
0e1d0226,Kotak,issuer_unavailable,UPI_AUTOPAY,499,2026-08-13T07:24:00
64e23cbd,ICICI,hard_decline,Visa,4999,2026-08-13T07:25:00
46b96b4f,ICICI,timeout,Visa,199,2026-08-13T07:28:00
eba22ba8,Kotak,timeout,UPI_AUTOPAY,2999,2026-08-13T07:29:00
09812c5f,Axis,timeout,RuPay,4999,2026-08-13T07:31:00
e4dc4ed5,ICICI,insufficient_funds,UPI_AUTOPAY,299,2026-08-13T07:47:00
0adce343,SBI,insufficient_funds,UPI_AUTOPAY,2999,2026-08-13T07:54:00
69b2b19a,Kotak,insufficient_funds,Visa,499,2026-08-13T07:56:00
a960e537,ICICI,insufficient_funds,Visa,499,2026-08-13T07:56:00
e2994f99,Kotak,issuer_unavailable,RuPay,2999,2026-08-13T07:57:00
cd57e1a5,Kotak,issuer_unavailable,Mastercard,299,2026-08-13T08:00:00
37a5b79a,HDFC,insufficient_funds,Visa,499,2026-08-13T08:02:00
387d6bb5,Axis,timeout,RuPay,199,2026-08-13T08:07:00
977b1c72,Kotak,issuer_unavailable,Mastercard,4999,2026-08-13T08:10:00
fc83923e,Kotak,timeout,UPI_AUTOPAY,999,2026-08-13T08:10:00
1ceaa7bc,SBI,hard_decline,UPI_AUTOPAY,999,2026-08-13T08:11:00
1d24ddb9,ICICI,insufficient_funds,Visa,4999,2026-08-13T08:14:00
bc66ecb8,Axis,timeout,RuPay,1499,2026-08-13T08:27:00
1f943082,ICICI,issuer_unavailable,UPI_AUTOPAY,199,2026-08-13T08:28:00
530ebd5f,SBI,insufficient_funds,UPI_AUTOPAY,2999,2026-08-13T08:42:00
5f60606c,ICICI,insufficient_funds,Mastercard,999,2026-08-13T08:43:00
1ec8ec27,SBI,insufficient_funds,UPI_AUTOPAY,4999,2026-08-13T08:48:00
abc60f0a,Axis,insufficient_funds,Mastercard,4999,2026-08-13T08:55:00
0777214d,SBI,insufficient_funds,Visa,999,2026-08-13T08:57:00
16b14611,SBI,insufficient_funds,UPI_AUTOPAY,299,2026-08-13T09:01:00
674809d2,ICICI,insufficient_funds,RuPay,299,2026-08-13T09:09:00
f39af9b2,Kotak,timeout,Visa,299,2026-08-13T09:12:00
5fcf7c60,HDFC,timeout,Visa,4999,2026-08-13T09:21:00
d6a809dc,ICICI,timeout,Mastercard,2999,2026-08-13T09:21:00
006b51ea,SBI,hard_decline,Visa,4999,2026-08-13T09:25:00
c202a748,ICICI,insufficient_funds,Mastercard,199,2026-08-13T09:26:00
f81f353d,Kotak,issuer_unavailable,UPI_AUTOPAY,2999,2026-08-13T09:45:00
d0c18eb7,Axis,timeout,UPI_AUTOPAY,499,2026-08-13T09:46:00
801ad759,HDFC,issuer_unavailable,UPI_AUTOPAY,199,2026-08-13T09:50:00
88b45258,ICICI,insufficient_funds,Mastercard,2999,2026-08-13T09:52:00
994e6cda,HDFC,timeout,Visa,2999,2026-08-13T09:52:00
64af8b45,Axis,insufficient_funds,Visa,299,2026-08-13T09:54:00
129e87f3,ICICI,timeout,UPI_AUTOPAY,199,2026-08-13T09:57:00
760c8f55,Kotak,hard_decline,RuPay,999,2026-08-13T09:58:00
2c425de6,SBI,timeout,UPI_AUTOPAY,499,2026-08-13T10:01:00
fbf2e22c,ICICI,hard_decline,UPI_AUTOPAY,499,2026-08-13T10:01:00
9b3a2abf,SBI,hard_decline,UPI_AUTOPAY,4999,2026-08-13T10:04:00
5395a32b,ICICI,hard_decline,RuPay,999,2026-08-13T10:06:00
d9017b8e,Axis,issuer_unavailable,RuPay,4999,2026-08-13T10:13:00
8b66f4d4,HDFC,hard_decline,Mastercard,4999,2026-08-13T10:13:00
d099bf78,Kotak,insufficient_funds,Mastercard,2999,2026-08-13T10:21:00
f6cab645,ICICI,hard_decline,UPI_AUTOPAY,499,2026-08-13T10:21:00
81921216,ICICI,issuer_unavailable,RuPay,4999,2026-08-13T10:38:00
bc0bfeeb,HDFC,issuer_unavailable,Mastercard,499,2026-08-13T10:41:00
2bc6fc68,SBI,insufficient_funds,Visa,199,2026-08-13T10:43:00
d18e6d94,Axis,timeout,Visa,2999,2026-08-13T10:43:00
91dc411a,Axis,insufficient_funds,Visa,499,2026-08-13T10:49:00
25e4fcbb,Kotak,issuer_unavailable,RuPay,2999,2026-08-13T10:49:00
4c31426b,SBI,timeout,Visa,499,2026-08-13T10:54:00
c8cea752,Kotak,insufficient_funds,Visa,999,2026-08-13T10:54:00
fed6016a,SBI,timeout,UPI_AUTOPAY,4999,2026-08-13T11:00:00
3f51b420,SBI,timeout,UPI_AUTOPAY,1499,2026-08-13T11:01:00
993cf2d3,Kotak,timeout,UPI_AUTOPAY,1499,2026-08-13T11:04:00
ac067927,ICICI,timeout,RuPay,1499,2026-08-13T11:05:00
751e5eb5,HDFC,issuer_unavailable,Visa,999,2026-08-13T11:08:00
14849e1a,SBI,issuer_unavailable,UPI_AUTOPAY,1499,2026-08-13T11:15:00
b26dcf39,HDFC,timeout,Mastercard,499,2026-08-13T11:16:00
3f52a8fa,HDFC,timeout,UPI_AUTOPAY,2999,2026-08-13T11:22:00
38bcd4c6,ICICI,timeout,UPI_AUTOPAY,999,2026-08-13T11:23:00
da60b550,ICICI,timeout,UPI_AUTOPAY,4999,2026-08-13T11:23:00
e9ae415a,Kotak,hard_decline,RuPay,499,2026-08-13T11:23:00
1c17b59d,Axis,insufficient_funds,UPI_AUTOPAY,2999,2026-08-13T11:27:00
a4e75da8,HDFC,timeout,UPI_AUTOPAY,499,2026-08-13T11:29:00
99fe2009,ICICI,hard_decline,RuPay,2999,2026-08-13T11:30:00
54756f3a,SBI,insufficient_funds,Visa,499,2026-08-13T11:33:00
511b1c63,ICICI,issuer_unavailable,Mastercard,499,2026-08-13T11:33:00
6c195b4b,Kotak,timeout,Mastercard,999,2026-08-13T11:40:00
686fa439,Axis,timeout,Mastercard,199,2026-08-13T11:46:00
5945d4b2,SBI,issuer_unavailable,UPI_AUTOPAY,2999,2026-08-13T11:47:00
8070752b,Axis,insufficient_funds,RuPay,4999,2026-08-13T11:49:00
a24b63fd,HDFC,issuer_unavailable,Visa,4999,2026-08-13T11:55:00
5ee0f86e,ICICI,insufficient_funds,UPI_AUTOPAY,499,2026-08-13T11:57:00
5cb62766,HDFC,insufficient_funds,RuPay,4999,2026-08-13T12:00:00
43101e6d,Kotak,hard_decline,UPI_AUTOPAY,1499,2026-08-13T12:04:00
d94f2e55,SBI,insufficient_funds,RuPay,4999,2026-08-13T12:04:00
da09ded8,SBI,issuer_unavailable,RuPay,199,2026-08-13T12:06:00
47dfbae2,Kotak,insufficient_funds,UPI_AUTOPAY,299,2026-08-13T12:06:00
0c9a5e42,Kotak,insufficient_funds,Mastercard,999,2026-08-13T12:09:00
d3a096cb,Axis,insufficient_funds,RuPay,2999,2026-08-13T12:12:00
e970c203,Kotak,hard_decline,Mastercard,999,2026-08-13T12:15:00
abb93308,HDFC,issuer_unavailable,UPI_AUTOPAY,499,2026-08-13T12:16:00
c09b7c3a,SBI,insufficient_funds,Mastercard,4999,2026-08-13T12:21:00
85ee776c,ICICI,insufficient_funds,UPI_AUTOPAY,199,2026-08-13T12:23:00
a1698346,SBI,hard_decline,UPI_AUTOPAY,2999,2026-08-13T12:23:00
1f95ead8,HDFC,timeout,UPI_AUTOPAY,4999,2026-08-13T12:25:00
988d20c2,Axis,hard_decline,UPI_AUTOPAY,199,2026-08-13T12:30:00
e19cd791,SBI,insufficient_funds,RuPay,1499,2026-08-13T12:30:00
ca400be9,Kotak,hard_decline,RuPay,199,2026-08-13T12:31:00
c0d2ab48,HDFC,issuer_unavailable,UPI_AUTOPAY,199,2026-08-13T12:32:00
688915df,SBI,insufficient_funds,RuPay,199,2026-08-13T12:34:00
8a438c1e,SBI,hard_decline,Visa,1499,2026-08-13T12:37:00
9a487d42,ICICI,issuer_unavailable,Visa,299,2026-08-13T12:38:00
8692767c,Kotak,timeout,Mastercard,999,2026-08-13T12:38:00
fbb1a321,SBI,issuer_unavailable,Mastercard,1499,2026-08-13T12:42:00
fa27d262,SBI,insufficient_funds,UPI_AUTOPAY,2999,2026-08-13T12:42:00
2c107fbb,HDFC,timeout,UPI_AUTOPAY,1499,2026-08-13T12:47:00
eda55fdb,SBI,timeout,UPI_AUTOPAY,1499,2026-08-13T12:48:00
e534d692,SBI,timeout,Visa,299,2026-08-13T12:50:00
905e2f7d,SBI,timeout,Visa,2999,2026-08-13T12:58:00
249c831e,HDFC,insufficient_funds,UPI_AUTOPAY,199,2026-08-13T12:59:00
3c691bc1,SBI,timeout,RuPay,499,2026-08-13T12:59:00
f25c74d2,HDFC,insufficient_funds,RuPay,4999,2026-08-13T13:02:00
cd4c6155,Axis,hard_decline,UPI_AUTOPAY,999,2026-08-13T13:10:00
22e38465,ICICI,issuer_unavailable,Visa,4999,2026-08-13T13:11:00
7082a88d,Kotak,insufficient_funds,UPI_AUTOPAY,199,2026-08-13T13:16:00
1a8b80e3,HDFC,issuer_unavailable,UPI_AUTOPAY,1499,2026-08-13T13:18:00
4d66a3bb,Axis,timeout,RuPay,299,2026-08-13T13:19:00
fb3372da,HDFC,timeout,UPI_AUTOPAY,4999,2026-08-13T13:25:00
7b934ee2,Axis,timeout,RuPay,199,2026-08-13T13:26:00
72da90c6,Kotak,issuer_unavailable,UPI_AUTOPAY,1499,2026-08-13T13:30:00
fffe1315,Axis,timeout,RuPay,499,2026-08-13T13:35:00
ef7ac1d0,HDFC,timeout,Visa,4999,2026-08-13T13:35:00
cc83e8fc,SBI,insufficient_funds,UPI_AUTOPAY,199,2026-08-13T13:41:00
2746c6ce,Kotak,insufficient_funds,UPI_AUTOPAY,1499,2026-08-13T13:41:00
cc5cca96,Axis,insufficient_funds,UPI_AUTOPAY,499,2026-08-13T13:45:00
ecd5f67f,Axis,timeout,Mastercard,1499,2026-08-13T13:45:00
c06ae412,Kotak,insufficient_funds,Mastercard,999,2026-08-13T13:51:00
45ea39b9,HDFC,timeout,RuPay,2999,2026-08-13T13:55:00
c03c20b2,ICICI,timeout,RuPay,299,2026-08-13T14:04:00
baa6d84f,Kotak,issuer_unavailable,RuPay,199,2026-08-13T14:14:00
7fc1c0de,HDFC,timeout,Visa,499,2026-08-13T14:17:00
f4f1761f,Kotak,insufficient_funds,RuPay,2999,2026-08-13T14:18:00
b9253b1e,Kotak,timeout,UPI_AUTOPAY,1499,2026-08-13T14:24:00
63ee8ef9,HDFC,issuer_unavailable,Mastercard,2999,2026-08-13T14:27:00
38e5b982,ICICI,timeout,UPI_AUTOPAY,1499,2026-08-13T14:30:00
ad85c8be,Axis,timeout,Visa,299,2026-08-13T14:31:00
a8ed1b32,ICICI,hard_decline,UPI_AUTOPAY,299,2026-08-13T14:34:00
a9f7b767,HDFC,insufficient_funds,RuPay,499,2026-08-13T14:34:00
468d8240,ICICI,issuer_unavailable,UPI_AUTOPAY,199,2026-08-13T14:40:00
33324e46,ICICI,issuer_unavailable,UPI_AUTOPAY,4999,2026-08-13T14:45:00
b0460fc1,SBI,timeout,Mastercard,1499,2026-08-13T14:46:00
2d05dce8,HDFC,hard_decline,RuPay,299,2026-08-13T14:47:00
0afe918f,Axis,insufficient_funds,Visa,999,2026-08-13T14:48:00
ef2e6a0d,Axis,insufficient_funds,UPI_AUTOPAY,2999,2026-08-13T14:49:00
4718bb6b,ICICI,issuer_unavailable,UPI_AUTOPAY,2999,2026-08-13T14:56:00
7dae7451,Kotak,insufficient_funds,UPI_AUTOPAY,199,2026-08-13T14:58:00
44c4c01c,SBI,timeout,Mastercard,1499,2026-08-13T15:03:00
97198943,Axis,issuer_unavailable,UPI_AUTOPAY,199,2026-08-13T15:07:00
7cf4fdd8,HDFC,issuer_unavailable,Mastercard,299,2026-08-13T15:09:00
94def983,Kotak,timeout,UPI_AUTOPAY,299,2026-08-13T15:13:00
ad242780,SBI,insufficient_funds,Mastercard,4999,2026-08-13T15:14:00
6d59d9fa,Kotak,insufficient_funds,Visa,999,2026-08-13T15:19:00
21864757,Axis,timeout,RuPay,4999,2026-08-13T15:19:00
a9839027,SBI,timeout,UPI_AUTOPAY,1499,2026-08-13T15:21:00
a570cdf6,Kotak,timeout,Visa,299,2026-08-13T15:29:00
d59cc293,ICICI,insufficient_funds,RuPay,299,2026-08-13T15:31:00
d37a2f4b,HDFC,timeout,Visa,1499,2026-08-13T15:31:00
4718d6af,SBI,timeout,RuPay,2999,2026-08-13T15:34:00
9c3e5f5f,Kotak,insufficient_funds,Visa,499,2026-08-13T15:36:00
294ec4c8,Axis,issuer_unavailable,Visa,299,2026-08-13T15:40:00
c3624bd5,Axis,insufficient_funds,RuPay,4999,2026-08-13T15:46:00
288917d2,ICICI,issuer_unavailable,UPI_AUTOPAY,4999,2026-08-13T15:47:00
53d8a3e4,Axis,insufficient_funds,UPI_AUTOPAY,999,2026-08-13T15:49:00
03025ad7,ICICI,insufficient_funds,UPI_AUTOPAY,2999,2026-08-13T15:53:00
c6f49f4b,SBI,insufficient_funds,Mastercard,199,2026-08-13T16:00:00
76c1b04a,HDFC,hard_decline,RuPay,2999,2026-08-13T16:03:00
6cc3a479,HDFC,issuer_unavailable,Mastercard,499,2026-08-13T16:09:00
1eab37c0,HDFC,timeout,UPI_AUTOPAY,1499,2026-08-13T16:12:00
aa03cbb6,SBI,issuer_unavailable,UPI_AUTOPAY,2999,2026-08-13T16:13:00
cb0cac4f,Axis,timeout,RuPay,299,2026-08-13T16:15:00
fd286088,HDFC,insufficient_funds,Visa,499,2026-08-13T16:19:00
f563fb72,SBI,issuer_unavailable,UPI_AUTOPAY,199,2026-08-13T16:22:00
72c8f1b7,HDFC,timeout,UPI_AUTOPAY,4999,2026-08-13T16:22:00
88660832,SBI,timeout,Visa,2999,2026-08-13T16:27:00
533bd912,HDFC,issuer_unavailable,UPI_AUTOPAY,4999,2026-08-13T16:33:00
6b1776e5,HDFC,timeout,Visa,2999,2026-08-13T16:34:00
8e4c3ecb,SBI,issuer_unavailable,UPI_AUTOPAY,199,2026-08-13T16:35:00
ebb26405,Axis,hard_decline,Visa,199,2026-08-13T16:36:00
3b08efad,ICICI,timeout,RuPay,999,2026-08-13T16:41:00
625ffee1,SBI,timeout,UPI_AUTOPAY,299,2026-08-13T16:45:00
cfdf05dd,Axis,insufficient_funds,Visa,199,2026-08-13T16:45:00
2446db9a,SBI,hard_decline,UPI_AUTOPAY,999,2026-08-13T16:48:00
01137bf1,Kotak,issuer_unavailable,UPI_AUTOPAY,2999,2026-08-13T16:50:00
aea47f0a,Axis,timeout,UPI_AUTOPAY,199,2026-08-13T16:53:00
98702de7,HDFC,insufficient_funds,UPI_AUTOPAY,1499,2026-08-13T16:54:00
c2d7f97f,HDFC,insufficient_funds,UPI_AUTOPAY,1499,2026-08-13T16:55:00
65af3acb,SBI,issuer_unavailable,UPI_AUTOPAY,299,2026-08-13T16:59:00
4affaf08,Axis,insufficient_funds,RuPay,999,2026-08-13T16:59:00
35fe76a6,Axis,insufficient_funds,UPI_AUTOPAY,299,2026-08-13T17:01:00
8c37f353,Kotak,insufficient_funds,Visa,199,2026-08-13T17:01:00
2863b94a,ICICI,issuer_unavailable,Visa,1499,2026-08-13T17:05:00
881399ca,HDFC,insufficient_funds,UPI_AUTOPAY,2999,2026-08-13T17:08:00
9b2f9c5b,SBI,issuer_unavailable,UPI_AUTOPAY,1499,2026-08-13T17:08:00
95580208,Kotak,timeout,UPI_AUTOPAY,2999,2026-08-13T17:11:00
7f57a4ae,HDFC,insufficient_funds,RuPay,199,2026-08-13T17:12:00
defda19f,ICICI,insufficient_funds,UPI_AUTOPAY,299,2026-08-13T17:13:00
12095133,ICICI,insufficient_funds,UPI_AUTOPAY,1499,2026-08-13T17:14:00
4ab0aeb5,SBI,issuer_unavailable,UPI_AUTOPAY,999,2026-08-13T17:21:00
65946b92,ICICI,timeout,Visa,2999,2026-08-13T17:25:00
2acdb1bd,SBI,timeout,UPI_AUTOPAY,199,2026-08-13T17:34:00
3d1984cb,HDFC,hard_decline,Visa,299,2026-08-13T17:35:00
22724b8d,SBI,hard_decline,UPI_AUTOPAY,299,2026-08-13T17:37:00
212a912d,SBI,insufficient_funds,UPI_AUTOPAY,4999,2026-08-13T17:40:00
883f884f,ICICI,timeout,UPI_AUTOPAY,199,2026-08-13T17:40:00
06f90f0e,SBI,insufficient_funds,UPI_AUTOPAY,1499,2026-08-13T17:41:00
106a3415,HDFC,issuer_unavailable,UPI_AUTOPAY,199,2026-08-13T17:43:00
72733808,Kotak,timeout,Visa,999,2026-08-13T17:43:00
550caf68,Axis,timeout,Mastercard,299,2026-08-13T18:04:00
1c10d242,HDFC,timeout,UPI_AUTOPAY,4999,2026-08-13T18:05:00
72ae12e7,HDFC,timeout,UPI_AUTOPAY,199,2026-08-13T18:05:00
49c496c4,ICICI,issuer_unavailable,UPI_AUTOPAY,1499,2026-08-13T18:12:00
d7aec5b3,Kotak,timeout,UPI_AUTOPAY,499,2026-08-13T18:23:00
77a9fa7e,HDFC,timeout,Visa,999,2026-08-13T18:23:00
53b29688,Axis,hard_decline,Visa,499,2026-08-13T18:30:00
c359105f,HDFC,hard_decline,Mastercard,2999,2026-08-13T18:35:00
9744b38d,Kotak,insufficient_funds,RuPay,1499,2026-08-13T18:39:00
d19e4689,Kotak,insufficient_funds,Visa,199,2026-08-13T18:40:00
b82a2676,ICICI,issuer_unavailable,UPI_AUTOPAY,999,2026-08-13T18:42:00
2df55c6b,Kotak,insufficient_funds,RuPay,2999,2026-08-13T18:57:00
3fa65b06,Axis,issuer_unavailable,UPI_AUTOPAY,199,2026-08-13T18:59:00
97c8e580,Kotak,insufficient_funds,Mastercard,299,2026-08-13T19:03:00
b2db1c4f,Kotak,issuer_unavailable,UPI_AUTOPAY,199,2026-08-13T19:03:00
df0a26b6,HDFC,timeout,Mastercard,999,2026-08-13T19:05:00
9d3da720,Axis,timeout,Mastercard,1499,2026-08-13T19:07:00
b4d7d68c,SBI,timeout,UPI_AUTOPAY,199,2026-08-13T19:12:00
3a66376b,Kotak,insufficient_funds,RuPay,199,2026-08-13T19:14:00
30673cc5,SBI,insufficient_funds,Visa,4999,2026-08-13T19:23:00
5c0a3b9e,Kotak,insufficient_funds,UPI_AUTOPAY,2999,2026-08-13T19:32:00
df8f5f26,SBI,timeout,Mastercard,499,2026-08-13T19:32:00
0d04d54e,Axis,issuer_unavailable,UPI_AUTOPAY,1499,2026-08-13T19:37:00
74a0bed2,SBI,issuer_unavailable,Mastercard,2999,2026-08-13T19:45:00
2f9bde05,ICICI,hard_decline,RuPay,499,2026-08-13T19:57:00
9f615686,Axis,insufficient_funds,Mastercard,4999,2026-08-13T20:00:00
13d96c24,Axis,timeout,RuPay,4999,2026-08-13T20:03:00
564f78dd,ICICI,issuer_unavailable,Mastercard,499,2026-08-13T20:06:00
7daed4bf,Kotak,timeout,RuPay,2999,2026-08-13T20:17:00
c732c7d2,HDFC,timeout,RuPay,1499,2026-08-13T20:28:00
cbacf90c,Kotak,hard_decline,RuPay,299,2026-08-13T20:29:00
599bacc9,SBI,insufficient_funds,UPI_AUTOPAY,999,2026-08-13T20:31:00
5e0c06db,HDFC,timeout,UPI_AUTOPAY,2999,2026-08-13T20:42:00
8dea73ae,HDFC,timeout,UPI_AUTOPAY,299,2026-08-13T20:43:00
f6d81a17,SBI,timeout,RuPay,499,2026-08-13T20:43:00
b9cb6f4d,Kotak,hard_decline,UPI_AUTOPAY,2999,2026-08-13T20:47:00
25de50eb,ICICI,insufficient_funds,Visa,2999,2026-08-13T20:50:00
4fdd5ceb,HDFC,timeout,UPI_AUTOPAY,1499,2026-08-13T20:52:00
9d03a552,SBI,hard_decline,Visa,1499,2026-08-13T20:53:00
41f787d1,Kotak,hard_decline,UPI_AUTOPAY,2999,2026-08-13T20:58:00
340e1a5a,SBI,insufficient_funds,UPI_AUTOPAY,199,2026-08-13T20:58:00
ef4409cf,HDFC,timeout,RuPay,299,2026-08-13T21:03:00
000df01d,Axis,hard_decline,Mastercard,4999,2026-08-13T21:09:00
d9145a3c,SBI,timeout,UPI_AUTOPAY,499,2026-08-13T21:12:00
0a03bcf1,SBI,timeout,Visa,299,2026-08-13T21:12:00
27ef4aeb,Kotak,timeout,Visa,199,2026-08-13T21:13:00
9cce0e54,SBI,timeout,Mastercard,299,2026-08-13T21:16:00
475c6946,ICICI,timeout,RuPay,4999,2026-08-13T21:17:00
3fcdf6cb,Axis,issuer_unavailable,Visa,2999,2026-08-13T21:24:00
55a374b8,ICICI,timeout,Visa,999,2026-08-13T21:26:00
c9be25f7,SBI,insufficient_funds,Visa,999,2026-08-13T21:26:00
ab79a46f,HDFC,timeout,Mastercard,2999,2026-08-13T21:26:00
f7dd2f14,Kotak,insufficient_funds,RuPay,499,2026-08-13T21:30:00
86c30120,Axis,insufficient_funds,UPI_AUTOPAY,2999,2026-08-13T21:35:00
6e35f935,Kotak,issuer_unavailable,UPI_AUTOPAY,499,2026-08-13T21:35:00
d948fc31,Axis,insufficient_funds,Mastercard,999,2026-08-13T21:43:00
4733f064,Kotak,timeout,UPI_AUTOPAY,999,2026-08-13T21:44:00
3ca735ae,Kotak,issuer_unavailable,Visa,499,2026-08-13T21:49:00
a33a7afc,SBI,insufficient_funds,UPI_AUTOPAY,199,2026-08-13T21:54:00
4342deeb,Kotak,insufficient_funds,UPI_AUTOPAY,1499,2026-08-13T22:02:00
bc21c090,Axis,timeout,Mastercard,1499,2026-08-13T22:06:00
52dbfe9a,Axis,issuer_unavailable,Mastercard,4999,2026-08-13T22:08:00
cdf86a8a,HDFC,insufficient_funds,Visa,2999,2026-08-13T22:09:00
4fd7a736,SBI,timeout,UPI_AUTOPAY,4999,2026-08-13T22:11:00
5cbee0a8,ICICI,timeout,Visa,1499,2026-08-13T22:15:00
ab5aabd5,Axis,issuer_unavailable,UPI_AUTOPAY,1499,2026-08-13T22:16:00
cb82dccb,Kotak,hard_decline,UPI_AUTOPAY,4999,2026-08-13T22:16:00
e100c49b,Kotak,insufficient_funds,UPI_AUTOPAY,499,2026-08-13T22:17:00
78f10342,Axis,timeout,Mastercard,499,2026-08-13T22:27:00
53d556f8,ICICI,insufficient_funds,RuPay,4999,2026-08-13T22:28:00
a4ca27c6,Axis,insufficient_funds,RuPay,999,2026-08-13T22:29:00
55c09b5d,Axis,timeout,UPI_AUTOPAY,499,2026-08-13T22:41:00
ed720a8e,Kotak,insufficient_funds,UPI_AUTOPAY,4999,2026-08-13T22:43:00
2b867f9b,SBI,insufficient_funds,Visa,1499,2026-08-13T22:45:00
f1f12591,SBI,insufficient_funds,RuPay,4999,2026-08-13T22:48:00
261c6c6b,SBI,issuer_unavailable,UPI_AUTOPAY,4999,2026-08-13T22:50:00
a50f4e8e,ICICI,insufficient_funds,UPI_AUTOPAY,299,2026-08-13T22:52:00
009824b3,SBI,hard_decline,UPI_AUTOPAY,4999,2026-08-13T22:54:00
08c4cd50,ICICI,issuer_unavailable,RuPay,299,2026-08-13T22:59:00
1977727f,ICICI,timeout,UPI_AUTOPAY,199,2026-08-13T23:03:00
27604fe7,ICICI,insufficient_funds,UPI_AUTOPAY,199,2026-08-13T23:04:00
aa42486b,Axis,insufficient_funds,RuPay,499,2026-08-13T23:08:00
26e123bb,SBI,timeout,Mastercard,2999,2026-08-13T23:08:00
30122b95,Axis,timeout,RuPay,499,2026-08-13T23:08:00
2aa55ee7,Kotak,hard_decline,UPI_AUTOPAY,999,2026-08-13T23:11:00
742f1309,SBI,timeout,RuPay,299,2026-08-13T23:13:00
152484c7,SBI,issuer_unavailable,UPI_AUTOPAY,499,2026-08-13T23:14:00
f2c30a94,Kotak,hard_decline,RuPay,199,2026-08-13T23:14:00
fcbc46ab,Axis,timeout,UPI_AUTOPAY,2999,2026-08-13T23:16:00
b25b7df5,Kotak,hard_decline,Mastercard,499,2026-08-13T23:17:00
cf2a1ce4,Kotak,timeout,Visa,1499,2026-08-13T23:18:00
b8086906,Axis,timeout,Visa,499,2026-08-13T23:20:00
51d1d150,HDFC,insufficient_funds,Visa,4999,2026-08-13T23:21:00
1f09c298,Kotak,hard_decline,RuPay,2999,2026-08-13T23:24:00
0f4ed3f8,HDFC,issuer_unavailable,Visa,999,2026-08-13T23:28:00
5ced5687,ICICI,issuer_unavailable,Visa,299,2026-08-13T23:30:00
32219c06,Axis,timeout,UPI_AUTOPAY,2999,2026-08-13T23:32:00
bd8ce469,SBI,timeout,RuPay,499,2026-08-13T23:34:00
0e4b73af,Axis,hard_decline,RuPay,999,2026-08-13T23:36:00
93aa356d,ICICI,timeout,UPI_AUTOPAY,2999,2026-08-13T23:37:00
009cc75a,Kotak,timeout,UPI_AUTOPAY,1499,2026-08-13T23:42:00
c774c0cf,Kotak,insufficient_funds,UPI_AUTOPAY,1499,2026-08-13T23:43:00
821e78bb,SBI,issuer_unavailable,RuPay,199,2026-08-13T23:48:00
e3baee0c,ICICI,hard_decline,RuPay,4999,2026-08-13T23:50:00
736a9e3a,ICICI,timeout,UPI_AUTOPAY,299,2026-08-13T23:52:00
3e3c257a,SBI,hard_decline,Visa,199,2026-08-13T23:57:00
51fe5f3f,SBI,timeout,Visa,1499,2026-08-14T00:00:00
91497552,ICICI,timeout,UPI_AUTOPAY,4999,2026-08-14T00:01:00
26653fe8,Axis,issuer_unavailable,UPI_AUTOPAY,299,2026-08-14T00:01:00
b2ebe05f,ICICI,hard_decline,UPI_AUTOPAY,4999,2026-08-14T00:08:00
21087114,SBI,issuer_unavailable,UPI_AUTOPAY,499,2026-08-14T00:11:00
a061467b,Kotak,issuer_unavailable,Visa,2999,2026-08-14T00:15:00
ff17effa,SBI,issuer_unavailable,RuPay,299,2026-08-14T00:20:00
c7ecbfdb,HDFC,insufficient_funds,RuPay,1499,2026-08-14T00:20:00
0efcbed0,SBI,timeout,UPI_AUTOPAY,999,2026-08-14T00:20:00
b2893b1b,HDFC,insufficient_funds,Visa,299,2026-08-14T00:24:00
941479a0,Kotak,timeout,RuPay,4999,2026-08-14T00:30:00
ba3975c9,Axis,insufficient_funds,Mastercard,999,2026-08-14T00:36:00
2007ee77,Kotak,hard_decline,RuPay,499,2026-08-14T00:37:00
7568eeaa,HDFC,insufficient_funds,RuPay,199,2026-08-14T00:42:00
366f36fb,Axis,timeout,UPI_AUTOPAY,4999,2026-08-14T00:47:00
7b0e231d,Axis,hard_decline,RuPay,4999,2026-08-14T00:49:00
8928e57f,Axis,issuer_unavailable,UPI_AUTOPAY,299,2026-08-14T00:55:00
5977a1ba,ICICI,hard_decline,Mastercard,999,2026-08-14T01:05:00
3502d0b9,HDFC,timeout,UPI_AUTOPAY,999,2026-08-14T01:11:00
8ec71d04,Axis,timeout,RuPay,299,2026-08-14T01:13:00
447348e1,HDFC,hard_decline,Mastercard,2999,2026-08-14T01:15:00
d3704bd8,Axis,timeout,UPI_AUTOPAY,999,2026-08-14T01:17:00
aaaab035,SBI,insufficient_funds,Mastercard,499,2026-08-14T01:23:00
b7fade8f,HDFC,issuer_unavailable,RuPay,2999,2026-08-14T01:23:00
a48a8ec1,ICICI,insufficient_funds,Mastercard,499,2026-08-14T01:25:00
eb224c85,Kotak,timeout,UPI_AUTOPAY,2999,2026-08-14T01:27:00
e3f78a0c,Kotak,issuer_unavailable,UPI_AUTOPAY,2999,2026-08-14T01:27:00
165666e0,Axis,hard_decline,Visa,199,2026-08-14T01:29:00
848bb03e,HDFC,insufficient_funds,UPI_AUTOPAY,299,2026-08-14T01:29:00
0aca3b7b,Axis,issuer_unavailable,UPI_AUTOPAY,4999,2026-08-14T01:30:00
bc89a75a,Kotak,insufficient_funds,Visa,199,2026-08-14T01:38:00
d843108d,Axis,issuer_unavailable,UPI_AUTOPAY,199,2026-08-14T01:41:00
5d13ae1c,Axis,issuer_unavailable,Mastercard,499,2026-08-14T01:43:00
984b260e,Kotak,insufficient_funds,Visa,499,2026-08-14T01:45:00
a8dfc64f,Kotak,insufficient_funds,UPI_AUTOPAY,2999,2026-08-14T01:49:00
ab38ddfb,Kotak,insufficient_funds,RuPay,1499,2026-08-14T01:54:00
66fca569,Axis,insufficient_funds,RuPay,1499,2026-08-14T01:57:00
36524be8,SBI,issuer_unavailable,Mastercard,4999,2026-08-14T02:00:00
2e53fef4,HDFC,insufficient_funds,UPI_AUTOPAY,2999,2026-08-14T02:03:00
25b926f9,Kotak,timeout,UPI_AUTOPAY,999,2026-08-14T02:04:00
938bb6dc,HDFC,insufficient_funds,Visa,499,2026-08-14T02:05:00
624157e0,Axis,insufficient_funds,Mastercard,4999,2026-08-14T02:06:00
0a3a8ca8,Kotak,hard_decline,UPI_AUTOPAY,499,2026-08-14T02:07:00
602a451b,SBI,insufficient_funds,RuPay,199,2026-08-14T02:10:00
e3754b09,ICICI,insufficient_funds,UPI_AUTOPAY,1499,2026-08-14T02:12:00
10ec2356,Axis,timeout,RuPay,1499,2026-08-14T02:14:00
3bc2ee74,HDFC,hard_decline,Visa,999,2026-08-14T02:15:00
b7e0368c,HDFC,hard_decline,UPI_AUTOPAY,499,2026-08-14T02:15:00
8fc6cb70,ICICI,hard_decline,UPI_AUTOPAY,4999,2026-08-14T02:20:00
f4583065,HDFC,insufficient_funds,UPI_AUTOPAY,499,2026-08-14T02:25:00
b60a2ffb,SBI,insufficient_funds,Visa,999,2026-08-14T02:30:00
e414b44b,Axis,hard_decline,Visa,499,2026-08-14T02:35:00
3c8aa16f,SBI,issuer_unavailable,UPI_AUTOPAY,1499,2026-08-14T02:35:00
cc5da856,Kotak,timeout,RuPay,4999,2026-08-14T02:36:00
b7150ddf,Axis,insufficient_funds,Mastercard,199,2026-08-14T02:36:00
ad134c03,Axis,issuer_unavailable,UPI_AUTOPAY,1499,2026-08-14T02:38:00
30d9c543,ICICI,issuer_unavailable,RuPay,999,2026-08-14T02:39:00
54a0c075,Axis,hard_decline,Visa,2999,2026-08-14T02:53:00
ccee5d03,SBI,insufficient_funds,UPI_AUTOPAY,1499,2026-08-14T02:55:00
c14239d6,HDFC,insufficient_funds,Visa,499,2026-08-14T02:56:00
8c2d5e25,Axis,insufficient_funds,UPI_AUTOPAY,299,2026-08-14T02:59:00
670b14b3,SBI,issuer_unavailable,UPI_AUTOPAY,2999,2026-08-14T02:59:00
67a1c706,Axis,issuer_unavailable,UPI_AUTOPAY,499,2026-08-14T03:01:00
6038549d,HDFC,issuer_unavailable,Mastercard,1499,2026-08-14T03:06:00
e91ae40c,SBI,issuer_unavailable,UPI_AUTOPAY,299,2026-08-14T03:07:00
96c3e428,ICICI,timeout,Mastercard,999,2026-08-14T03:11:00
b2e6cb4c,Axis,timeout,UPI_AUTOPAY,4999,2026-08-14T03:12:00
953e4a5c,Kotak,insufficient_funds,Visa,499,2026-08-14T03:24:00
26cfd933,Kotak,issuer_unavailable,UPI_AUTOPAY,999,2026-08-14T03:28:00
c394f782,Axis,insufficient_funds,UPI_AUTOPAY,1499,2026-08-14T03:29:00
1c62d037,HDFC,issuer_unavailable,UPI_AUTOPAY,999,2026-08-14T03:31:00
7e17891d,Axis,issuer_unavailable,Mastercard,499,2026-08-14T03:33:00
51c2d572,ICICI,timeout,UPI_AUTOPAY,4999,2026-08-14T03:38:00
46c61c1c,HDFC,insufficient_funds,UPI_AUTOPAY,999,2026-08-14T03:41:00
362fac6d,ICICI,issuer_unavailable,RuPay,999,2026-08-14T03:43:00
a31814a7,HDFC,insufficient_funds,RuPay,299,2026-08-14T03:44:00
ea57d94b,SBI,insufficient_funds,RuPay,1499,2026-08-14T03:45:00
5f29c1c6,HDFC,insufficient_funds,UPI_AUTOPAY,199,2026-08-14T03:45:00
1f21473e,HDFC,hard_decline,RuPay,499,2026-08-14T03:48:00
f72c4d58,ICICI,hard_decline,Mastercard,1499,2026-08-14T03:54:00
af10dd5e,HDFC,timeout,UPI_AUTOPAY,199,2026-08-14T03:56:00
bb4d840f,ICICI,hard_decline,UPI_AUTOPAY,299,2026-08-14T04:06:00
47037647,SBI,insufficient_funds,Mastercard,199,2026-08-14T04:08:00
59e2dc24,SBI,insufficient_funds,RuPay,999,2026-08-14T04:09:00
0396950c,Axis,insufficient_funds,UPI_AUTOPAY,199,2026-08-14T04:09:00
1d6506c0,SBI,insufficient_funds,UPI_AUTOPAY,299,2026-08-14T04:11:00
f60f6c2f,Axis,insufficient_funds,Visa,4999,2026-08-14T04:11:00
3b329aa5,Kotak,insufficient_funds,Mastercard,199,2026-08-14T04:13:00
1e91e3d1,Axis,issuer_unavailable,UPI_AUTOPAY,299,2026-08-14T04:16:00
572ca97d,SBI,timeout,Visa,1499,2026-08-14T04:20:00
15e2629b,SBI,hard_decline,UPI_AUTOPAY,299,2026-08-14T04:22:00
7259f0c5,Axis,timeout,UPI_AUTOPAY,4999,2026-08-14T04:31:00
217567db,Axis,issuer_unavailable,UPI_AUTOPAY,299,2026-08-14T04:33:00
fed4e736,Kotak,issuer_unavailable,RuPay,4999,2026-08-14T04:48:00
d62bd6f2,HDFC,insufficient_funds,UPI_AUTOPAY,2999,2026-08-14T04:49:00
46b6bd0a,Kotak,insufficient_funds,UPI_AUTOPAY,999,2026-08-14T04:50:00
ee87f58d,Axis,timeout,Mastercard,4999,2026-08-14T04:50:00
d50f9dbc,Axis,insufficient_funds,Visa,1499,2026-08-14T04:52:00
d313f8cc,ICICI,insufficient_funds,RuPay,499,2026-08-14T04:54:00
40e25b50,ICICI,issuer_unavailable,UPI_AUTOPAY,199,2026-08-14T04:56:00
7a1cf846,SBI,insufficient_funds,Visa,1499,2026-08-14T04:56:00
7e7bd97a,Axis,issuer_unavailable,Mastercard,1499,2026-08-14T05:01:00
d1a56e0f,SBI,hard_decline,UPI_AUTOPAY,199,2026-08-14T05:08:00
f6f0c702,HDFC,hard_decline,UPI_AUTOPAY,999,2026-08-14T05:08:00
ee9d3884,SBI,issuer_unavailable,Mastercard,499,2026-08-14T05:16:00
7c93de28,SBI,timeout,Visa,999,2026-08-14T05:18:00
741ccb30,HDFC,insufficient_funds,UPI_AUTOPAY,299,2026-08-14T05:19:00
ca2082d4,ICICI,timeout,Visa,299,2026-08-14T05:20:00
1ad05835,SBI,hard_decline,UPI_AUTOPAY,299,2026-08-14T05:24:00
a385a2a6,Axis,timeout,UPI_AUTOPAY,299,2026-08-14T05:29:00
87e843ba,HDFC,timeout,UPI_AUTOPAY,1499,2026-08-14T05:31:00
52545460,ICICI,insufficient_funds,UPI_AUTOPAY,199,2026-08-14T05:31:00
172a39f2,Axis,timeout,Visa,4999,2026-08-14T05:32:00
9dbd5cfc,Axis,timeout,Mastercard,999,2026-08-14T05:33:00
f353d575,Axis,issuer_unavailable,UPI_AUTOPAY,299,2026-08-14T05:35:00
7c9d98ea,Axis,hard_decline,Visa,2999,2026-08-14T05:36:00
27d77919,ICICI,timeout,UPI_AUTOPAY,299,2026-08-14T05:37:00
341be5f2,ICICI,insufficient_funds,RuPay,1499,2026-08-14T05:42:00
793ec714,ICICI,issuer_unavailable,Mastercard,499,2026-08-14T05:44:00
b039bfbb,HDFC,hard_decline,Mastercard,299,2026-08-14T05:47:00
ea98c6bd,Axis,hard_decline,Mastercard,299,2026-08-14T05:47:00
79881c5d,HDFC,timeout,UPI_AUTOPAY,499,2026-08-14T05:48:00
5ca9a207,SBI,timeout,UPI_AUTOPAY,999,2026-08-14T05:49:00
5d61f3be,Axis,timeout,Visa,299,2026-08-14T05:51:00
d4f399fe,Kotak,issuer_unavailable,Visa,299,2026-08-14T05:52:00
054b90fd,Kotak,insufficient_funds,UPI_AUTOPAY,999,2026-08-14T05:52:00
a3574073,ICICI,insufficient_funds,Visa,499,2026-08-14T05:55:00
07c9b002,Kotak,issuer_unavailable,RuPay,999,2026-08-14T06:02:00
0f25c178,HDFC,issuer_unavailable,Mastercard,999,2026-08-14T06:06:00
5b238934,SBI,timeout,Mastercard,299,2026-08-14T06:07:00
0becfc73,Axis,insufficient_funds,UPI_AUTOPAY,1499,2026-08-14T06:09:00
00453086,HDFC,insufficient_funds,Mastercard,199,2026-08-14T06:11:00
928ea23b,ICICI,insufficient_funds,UPI_AUTOPAY,299,2026-08-14T06:17:00
a422a3fb,HDFC,hard_decline,UPI_AUTOPAY,299,2026-08-14T06:18:00
378b2c06,ICICI,timeout,UPI_AUTOPAY,1499,2026-08-14T06:19:00
f80febd1,Kotak,hard_decline,Visa,199,2026-08-14T06:26:00
8ccf17cf,HDFC,timeout,Mastercard,2999,2026-08-14T06:32:00
6c4a6697,HDFC,timeout,UPI_AUTOPAY,1499,2026-08-14T06:35:00
d21d02d2,Kotak,hard_decline,RuPay,299,2026-08-14T06:41:00
addd3823,Kotak,timeout,UPI_AUTOPAY,299,2026-08-14T06:44:00
2f54c3e2,ICICI,issuer_unavailable,UPI_AUTOPAY,499,2026-08-14T06:47:00
dc60d20f,ICICI,insufficient_funds,UPI_AUTOPAY,2999,2026-08-14T06:54:00
494559ed,Axis,insufficient_funds,RuPay,1499,2026-08-14T07:01:00
8fd789a3,Kotak,hard_decline,Mastercard,999,2026-08-14T07:02:00
b177674d,SBI,timeout,RuPay,499,2026-08-14T07:07:00
1156f994,SBI,timeout,RuPay,499,2026-08-14T07:13:00
360ce4f9,HDFC,timeout,UPI_AUTOPAY,4999,2026-08-14T07:14:00
1196148a,HDFC,hard_decline,UPI_AUTOPAY,499,2026-08-14T07:18:00
3eeedf77,SBI,insufficient_funds,RuPay,1499,2026-08-14T07:18:00
5c225035,Axis,timeout,UPI_AUTOPAY,4999,2026-08-14T07:28:00
d251ef9c,ICICI,hard_decline,Mastercard,499,2026-08-14T07:32:00
2f0df650,SBI,issuer_unavailable,Visa,199,2026-08-14T07:38:00
ea845da4,ICICI,issuer_unavailable,RuPay,199,2026-08-14T07:40:00
9c6ec8dc,HDFC,issuer_unavailable,UPI_AUTOPAY,2999,2026-08-14T07:40:00
63a28f73,Kotak,timeout,RuPay,499,2026-08-14T07:44:00
a6c5fbae,SBI,timeout,UPI_AUTOPAY,2999,2026-08-14T07:45:00
aedcb7e7,ICICI,hard_decline,Mastercard,4999,2026-08-14T07:50:00
d436dd88,ICICI,issuer_unavailable,RuPay,199,2026-08-14T07:51:00
81a84d52,ICICI,timeout,UPI_AUTOPAY,999,2026-08-14T07:54:00
970e8e52,Axis,issuer_unavailable,Mastercard,199,2026-08-14T08:00:00
fd51e3c9,ICICI,timeout,UPI_AUTOPAY,299,2026-08-14T08:01:00
1d26fb56,Axis,timeout,Mastercard,299,2026-08-14T08:06:00
b0e23cde,Kotak,insufficient_funds,Visa,199,2026-08-14T08:06:00
f52f7908,SBI,timeout,UPI_AUTOPAY,499,2026-08-14T08:08:00
a8ee032c,ICICI,issuer_unavailable,UPI_AUTOPAY,1499,2026-08-14T08:11:00
8ffef0dc,Kotak,timeout,UPI_AUTOPAY,499,2026-08-14T08:14:00
2347ca25,HDFC,issuer_unavailable,RuPay,499,2026-08-14T08:14:00
b432e66d,ICICI,issuer_unavailable,UPI_AUTOPAY,1499,2026-08-14T08:23:00
624a586c,SBI,hard_decline,UPI_AUTOPAY,4999,2026-08-14T08:30:00
6edcbbba,HDFC,issuer_unavailable,RuPay,1499,2026-08-14T08:38:00
c5d25cab,HDFC,insufficient_funds,UPI_AUTOPAY,199,2026-08-14T08:42:00
fbb8ee7f,SBI,timeout,UPI_AUTOPAY,4999,2026-08-14T08:50:00
14e5816a,Axis,timeout,UPI_AUTOPAY,999,2026-08-14T08:51:00
eac81ca8,ICICI,insufficient_funds,UPI_AUTOPAY,4999,2026-08-14T08:57:00
54154214,HDFC,insufficient_funds,Visa,4999,2026-08-14T08:58:00
ab53c4dd,Kotak,insufficient_funds,Mastercard,199,2026-08-14T08:58:00
e58642c3,SBI,issuer_unavailable,Mastercard,4999,2026-08-14T08:58:00
5cf43e59,SBI,insufficient_funds,UPI_AUTOPAY,999,2026-08-14T09:02:00
aa19f7a9,SBI,timeout,UPI_AUTOPAY,199,2026-08-14T09:05:00
2e257099,HDFC,insufficient_funds,Mastercard,4999,2026-08-14T09:06:00
4936b6c9,SBI,issuer_unavailable,Visa,499,2026-08-14T09:07:00
08f63ae8,HDFC,timeout,UPI_AUTOPAY,299,2026-08-14T09:09:00
1eda8441,ICICI,hard_decline,RuPay,1499,2026-08-14T09:10:00
8c035e00,HDFC,insufficient_funds,Visa,999,2026-08-14T09:12:00
01d29ba3,SBI,timeout,UPI_AUTOPAY,2999,2026-08-14T09:13:00
4d33a9ef,HDFC,insufficient_funds,RuPay,199,2026-08-14T09:16:00
30f0030d,Kotak,timeout,UPI_AUTOPAY,999,2026-08-14T09:19:00
914259fc,ICICI,timeout,UPI_AUTOPAY,499,2026-08-14T09:20:00
4bd57a1f,HDFC,issuer_unavailable,UPI_AUTOPAY,2999,2026-08-14T09:20:00
9de69d93,HDFC,timeout,UPI_AUTOPAY,1499,2026-08-14T09:20:00
262a2658,Axis,issuer_unavailable,UPI_AUTOPAY,2999,2026-08-14T09:21:00
499c32a2,Axis,insufficient_funds,UPI_AUTOPAY,2999,2026-08-14T09:24:00
4c640afb,ICICI,insufficient_funds,Visa,1499,2026-08-14T09:32:00
139a258d,Axis,timeout,Visa,4999,2026-08-14T09:38:00
82accf01,ICICI,insufficient_funds,Mastercard,299,2026-08-14T09:40:00
f653f59d,Axis,timeout,Visa,199,2026-08-14T09:41:00
05266a20,Axis,timeout,Mastercard,299,2026-08-14T09:42:00
7825beef,ICICI,issuer_unavailable,RuPay,999,2026-08-14T09:42:00
788cb874,Kotak,issuer_unavailable,UPI_AUTOPAY,4999,2026-08-14T09:45:00
22055dd0,ICICI,issuer_unavailable,UPI_AUTOPAY,4999,2026-08-14T09:50:00
25d3378d,HDFC,insufficient_funds,RuPay,999,2026-08-14T09:53:00
9b1069c7,ICICI,insufficient_funds,RuPay,2999,2026-08-14T09:56:00
b1fa7742,Axis,timeout,RuPay,199,2026-08-14T09:57:00
fb88f8a9,ICICI,insufficient_funds,RuPay,299,2026-08-14T09:57:00
e1fad5a8,Kotak,insufficient_funds,UPI_AUTOPAY,1499,2026-08-14T09:58:00
482fbd7e,Kotak,timeout,UPI_AUTOPAY,1499,2026-08-14T10:03:00
ae2737b5,Kotak,hard_decline,RuPay,1499,2026-08-14T10:09:00
cb014c2e,Kotak,timeout,Mastercard,299,2026-08-14T10:19:00
155d2373,HDFC,issuer_unavailable,UPI_AUTOPAY,2999,2026-08-14T10:21:00
7378758e,HDFC,timeout,RuPay,299,2026-08-14T10:25:00
e55c116c,ICICI,issuer_unavailable,UPI_AUTOPAY,2999,2026-08-14T10:31:00
b771bf45,Kotak,issuer_unavailable,UPI_AUTOPAY,499,2026-08-14T10:37:00
db2b0e89,Kotak,timeout,UPI_AUTOPAY,999,2026-08-14T10:45:00
a34b4f54,SBI,timeout,UPI_AUTOPAY,499,2026-08-14T10:46:00
8b20fa12,SBI,insufficient_funds,UPI_AUTOPAY,499,2026-08-14T10:46:00
ec9073eb,ICICI,timeout,Visa,2999,2026-08-14T10:46:00
fe7f5690,HDFC,insufficient_funds,Mastercard,299,2026-08-14T10:46:00
4194ebc0,Axis,insufficient_funds,Visa,4999,2026-08-14T10:58:00
3229ca3c,ICICI,timeout,RuPay,299,2026-08-14T10:58:00
3f7225ad,HDFC,insufficient_funds,UPI_AUTOPAY,999,2026-08-14T10:58:00
a7f6b158,Axis,issuer_unavailable,UPI_AUTOPAY,299,2026-08-14T11:04:00
8d873eab,HDFC,insufficient_funds,UPI_AUTOPAY,299,2026-08-14T11:04:00
381c9bad,Axis,issuer_unavailable,RuPay,299,2026-08-14T11:07:00
0ce30fd3,Kotak,timeout,UPI_AUTOPAY,1499,2026-08-14T11:08:00
39386b5c,SBI,hard_decline,UPI_AUTOPAY,299,2026-08-14T11:16:00
d3b4ae1f,HDFC,issuer_unavailable,Mastercard,2999,2026-08-14T11:20:00
cd8dea53,Kotak,insufficient_funds,Visa,499,2026-08-14T11:23:00
9bd9fe54,Axis,timeout,Visa,199,2026-08-14T11:23:00
27eead65,Axis,timeout,UPI_AUTOPAY,999,2026-08-14T11:23:00
7c41d19c,Kotak,timeout,Visa,499,2026-08-14T11:25:00
660399ef,HDFC,insufficient_funds,UPI_AUTOPAY,499,2026-08-14T11:26:00
2b70f14d,ICICI,insufficient_funds,Visa,199,2026-08-14T11:30:00
5f5e17ab,HDFC,insufficient_funds,RuPay,1499,2026-08-14T11:33:00
1f246d81,Axis,timeout,Mastercard,499,2026-08-14T11:40:00
c0e38acd,HDFC,hard_decline,Visa,499,2026-08-14T11:42:00
61426910,HDFC,insufficient_funds,UPI_AUTOPAY,2999,2026-08-14T11:46:00
a58a4226,SBI,timeout,Visa,199,2026-08-14T11:52:00
0c8ffbd9,HDFC,issuer_unavailable,Mastercard,299,2026-08-14T11:54:00
1ee9ac7b,Axis,timeout,UPI_AUTOPAY,2999,2026-08-14T11:55:00
0838726a,Axis,timeout,UPI_AUTOPAY,2999,2026-08-14T11:57:00
779e36b8,ICICI,insufficient_funds,RuPay,299,2026-08-14T11:58:00
06650728,HDFC,insufficient_funds,Visa,4999,2026-08-14T12:01:00
a358aacf,HDFC,issuer_unavailable,UPI_AUTOPAY,199,2026-08-14T12:07:00
cd15b1be,Axis,hard_decline,UPI_AUTOPAY,999,2026-08-14T12:12:00
58a71944,Axis,timeout,RuPay,4999,2026-08-14T12:14:00
625a23a8,ICICI,insufficient_funds,Visa,4999,2026-08-14T12:15:00
9c877d88,HDFC,insufficient_funds,Mastercard,499,2026-08-14T12:16:00
a41b0ecd,ICICI,insufficient_funds,Mastercard,1499,2026-08-14T12:17:00
14725e9f,ICICI,issuer_unavailable,Visa,199,2026-08-14T12:18:00
cfc40056,SBI,insufficient_funds,UPI_AUTOPAY,2999,2026-08-14T12:21:00
8a8f6a2c,Kotak,issuer_unavailable,Visa,199,2026-08-14T12:25:00
3456c764,SBI,timeout,Mastercard,299,2026-08-14T12:26:00
28a377b7,HDFC,hard_decline,UPI_AUTOPAY,4999,2026-08-14T12:34:00
98644abb,Kotak,insufficient_funds,Visa,4999,2026-08-14T12:35:00
5b038f2e,Axis,issuer_unavailable,RuPay,299,2026-08-14T12:36:00
187ba2af,Axis,issuer_unavailable,UPI_AUTOPAY,199,2026-08-14T12:43:00
de4526be,Kotak,issuer_unavailable,UPI_AUTOPAY,4999,2026-08-14T12:46:00
f11e1c6b,Kotak,timeout,UPI_AUTOPAY,499,2026-08-14T12:51:00
8f49c50e,ICICI,issuer_unavailable,UPI_AUTOPAY,2999,2026-08-14T12:52:00
57e55e19,Axis,insufficient_funds,RuPay,499,2026-08-14T12:52:00
75cd4d56,Kotak,timeout,Visa,999,2026-08-14T12:59:00
1de6e082,Axis,hard_decline,Visa,2999,2026-08-14T13:01:00
1671876c,SBI,timeout,RuPay,499,2026-08-14T13:06:00
803b33b5,Kotak,issuer_unavailable,Visa,299,2026-08-14T13:07:00
1812f5da,ICICI,issuer_unavailable,RuPay,4999,2026-08-14T13:09:00
be500209,Axis,timeout,Mastercard,299,2026-08-14T13:10:00
75419e52,SBI,timeout,RuPay,1499,2026-08-14T13:17:00
85e2040f,Kotak,issuer_unavailable,Visa,1499,2026-08-14T13:21:00
9459408e,HDFC,issuer_unavailable,Visa,299,2026-08-14T13:23:00
11dce15d,SBI,timeout,UPI_AUTOPAY,299,2026-08-14T13:24:00
e0482a77,HDFC,timeout,Visa,2999,2026-08-14T13:27:00
c02d0f53,HDFC,timeout,Visa,999,2026-08-14T13:33:00
52466e43,HDFC,timeout,UPI_AUTOPAY,4999,2026-08-14T13:38:00
8275ade4,HDFC,timeout,UPI_AUTOPAY,4999,2026-08-14T13:44:00
a0ab97dc,ICICI,insufficient_funds,UPI_AUTOPAY,199,2026-08-14T13:45:00
208946b5,Kotak,timeout,RuPay,4999,2026-08-14T13:49:00
fa562a90,SBI,timeout,UPI_AUTOPAY,499,2026-08-14T13:50:00
ed57f0a7,ICICI,issuer_unavailable,Visa,999,2026-08-14T13:51:00
a0f870a0,SBI,issuer_unavailable,UPI_AUTOPAY,999,2026-08-14T13:56:00
8c742865,Kotak,timeout,UPI_AUTOPAY,1499,2026-08-14T13:57:00
2ebc3bc9,SBI,insufficient_funds,RuPay,499,2026-08-14T13:58:00
10abdc3d,ICICI,timeout,Mastercard,199,2026-08-14T14:01:00
1435e141,ICICI,timeout,Visa,1499,2026-08-14T14:02:00
b18e0e24,ICICI,insufficient_funds,RuPay,199,2026-08-14T14:03:00
7533cee5,Kotak,insufficient_funds,Visa,499,2026-08-14T14:05:00
018e469e,HDFC,insufficient_funds,UPI_AUTOPAY,2999,2026-08-14T14:07:00
c4c883d8,Kotak,hard_decline,UPI_AUTOPAY,499,2026-08-14T14:11:00
43c98faf,Kotak,insufficient_funds,UPI_AUTOPAY,299,2026-08-14T14:13:00
ad41d84d,Kotak,timeout,UPI_AUTOPAY,1499,2026-08-14T14:14:00
b45dc9fa,Axis,issuer_unavailable,UPI_AUTOPAY,4999,2026-08-14T14:15:00
53254907,ICICI,issuer_unavailable,UPI_AUTOPAY,2999,2026-08-14T14:32:00
09163e50,ICICI,timeout,Mastercard,999,2026-08-14T14:39:00
a4147197,Axis,timeout,Visa,999,2026-08-14T14:40:00
77c68f24,Kotak,insufficient_funds,Mastercard,2999,2026-08-14T14:43:00
831ac66f,HDFC,issuer_unavailable,Visa,2999,2026-08-14T14:45:00
94c5629e,ICICI,timeout,Visa,199,2026-08-14T14:47:00
f65cf8b8,Kotak,timeout,Visa,2999,2026-08-14T14:53:00
628b24e3,SBI,hard_decline,Visa,4999,2026-08-14T14:59:00
67ec808f,HDFC,insufficient_funds,Visa,1499,2026-08-14T15:03:00
01be7b64,SBI,hard_decline,RuPay,4999,2026-08-14T15:06:00
85c7c219,SBI,insufficient_funds,UPI_AUTOPAY,4999,2026-08-14T15:09:00
043e307a,Axis,issuer_unavailable,Mastercard,199,2026-08-14T15:14:00
8e8d4800,Axis,hard_decline,UPI_AUTOPAY,1499,2026-08-14T15:19:00
a8444fe4,HDFC,insufficient_funds,Visa,1499,2026-08-14T15:21:00
21e83437,SBI,insufficient_funds,UPI_AUTOPAY,199,2026-08-14T15:21:00
9372b058,HDFC,issuer_unavailable,RuPay,2999,2026-08-14T15:28:00
bf030171,HDFC,timeout,UPI_AUTOPAY,2999,2026-08-14T15:36:00
51dc1a13,Axis,timeout,UPI_AUTOPAY,299,2026-08-14T15:38:00
77fb5826,HDFC,issuer_unavailable,UPI_AUTOPAY,999,2026-08-14T15:40:00
7e1e0c66,Kotak,timeout,UPI_AUTOPAY,2999,2026-08-14T15:45:00
432ea129,HDFC,timeout,UPI_AUTOPAY,2999,2026-08-14T15:50:00
6da96b18,ICICI,insufficient_funds,RuPay,4999,2026-08-14T15:55:00
5d17982c,SBI,issuer_unavailable,UPI_AUTOPAY,4999,2026-08-14T15:59:00
0993978f,ICICI,timeout,UPI_AUTOPAY,4999,2026-08-14T16:01:00
901d9bc6,ICICI,timeout,UPI_AUTOPAY,2999,2026-08-14T16:02:00
99b1b896,ICICI,issuer_unavailable,UPI_AUTOPAY,4999,2026-08-14T16:02:00
f436a66e,HDFC,hard_decline,RuPay,299,2026-08-14T16:04:00
b29b86fe,HDFC,hard_decline,Mastercard,999,2026-08-14T16:04:00
0873e9e3,Kotak,timeout,UPI_AUTOPAY,4999,2026-08-14T16:05:00
6126bd36,Axis,insufficient_funds,UPI_AUTOPAY,199,2026-08-14T16:11:00
b2b668f0,Kotak,timeout,RuPay,2999,2026-08-14T16:12:00
4c8a3052,SBI,issuer_unavailable,Mastercard,4999,2026-08-14T16:12:00
608c7fea,HDFC,timeout,UPI_AUTOPAY,2999,2026-08-14T16:14:00
5df9f292,Kotak,hard_decline,Visa,499,2026-08-14T16:14:00
efee3930,Kotak,insufficient_funds,RuPay,4999,2026-08-14T16:19:00
a94f4eda,HDFC,insufficient_funds,Mastercard,199,2026-08-14T16:23:00
05daafe5,Axis,insufficient_funds,Visa,499,2026-08-14T16:30:00
75f1a9c8,SBI,insufficient_funds,UPI_AUTOPAY,999,2026-08-14T16:32:00
f3c546f0,SBI,timeout,UPI_AUTOPAY,4999,2026-08-14T16:36:00
c4793bd4,ICICI,insufficient_funds,RuPay,4999,2026-08-14T16:39:00
553de70c,HDFC,issuer_unavailable,UPI_AUTOPAY,4999,2026-08-14T16:43:00
f3eb1e6a,ICICI,insufficient_funds,UPI_AUTOPAY,4999,2026-08-14T16:43:00
3b1adf4e,Axis,issuer_unavailable,UPI_AUTOPAY,499,2026-08-14T16:47:00
c098ea40,SBI,issuer_unavailable,UPI_AUTOPAY,199,2026-08-14T16:48:00
c5058598,Kotak,issuer_unavailable,RuPay,2999,2026-08-14T16:51:00
1aadf972,ICICI,issuer_unavailable,UPI_AUTOPAY,4999,2026-08-14T16:54:00
00869d5a,Kotak,insufficient_funds,RuPay,999,2026-08-14T17:01:00
2e0293d4,Kotak,hard_decline,Visa,999,2026-08-14T17:04:00
67a40939,Kotak,timeout,UPI_AUTOPAY,999,2026-08-14T17:06:00
7193a83e,HDFC,hard_decline,UPI_AUTOPAY,299,2026-08-14T17:14:00
1fdb647d,HDFC,hard_decline,Visa,199,2026-08-14T17:14:00
ef34f318,ICICI,issuer_unavailable,UPI_AUTOPAY,1499,2026-08-14T17:18:00
80add719,Axis,insufficient_funds,UPI_AUTOPAY,199,2026-08-14T17:20:00
635f9b89,SBI,issuer_unavailable,UPI_AUTOPAY,2999,2026-08-14T17:24:00
dc579687,Axis,timeout,UPI_AUTOPAY,2999,2026-08-14T17:26:00
ba501526,HDFC,insufficient_funds,UPI_AUTOPAY,4999,2026-08-14T17:29:00
16a3f5b7,SBI,hard_decline,Mastercard,499,2026-08-14T17:30:00
1d650e51,SBI,insufficient_funds,UPI_AUTOPAY,299,2026-08-14T17:30:00
1d463a7c,SBI,hard_decline,Visa,1499,2026-08-14T17:38:00
78b8af3a,Axis,issuer_unavailable,UPI_AUTOPAY,4999,2026-08-14T17:40:00
c863a758,ICICI,issuer_unavailable,Visa,299,2026-08-14T17:49:00
429c4f21,Axis,timeout,RuPay,499,2026-08-14T17:50:00
39d73577,Axis,insufficient_funds,Visa,1499,2026-08-14T17:50:00
d8138a41,Kotak,timeout,UPI_AUTOPAY,499,2026-08-14T17:53:00
634f9d30,HDFC,hard_decline,UPI_AUTOPAY,4999,2026-08-14T17:53:00
2a9be241,SBI,insufficient_funds,Mastercard,199,2026-08-14T17:54:00
70f7f4cf,HDFC,issuer_unavailable,RuPay,2999,2026-08-14T17:56:00
d8072752,Kotak,hard_decline,RuPay,4999,2026-08-14T18:01:00
c4773118,HDFC,insufficient_funds,Mastercard,2999,2026-08-14T18:01:00
415aec4d,Axis,hard_decline,Visa,1499,2026-08-14T18:05:00
0def65ed,Kotak,timeout,Mastercard,499,2026-08-14T18:06:00
0321578f,SBI,hard_decline,Visa,4999,2026-08-14T18:10:00
8d0dc02e,HDFC,hard_decline,Visa,499,2026-08-14T18:12:00
d901ca1f,HDFC,issuer_unavailable,UPI_AUTOPAY,1499,2026-08-14T18:13:00
cd5d93bc,ICICI,hard_decline,Visa,2999,2026-08-14T18:14:00
a74c133b,Axis,insufficient_funds,UPI_AUTOPAY,499,2026-08-14T18:15:00
5cb488ce,Axis,hard_decline,UPI_AUTOPAY,4999,2026-08-14T18:22:00
0f11d3cf,HDFC,issuer_unavailable,UPI_AUTOPAY,299,2026-08-14T18:26:00
4f3591b0,SBI,issuer_unavailable,RuPay,4999,2026-08-14T18:28:00
b35978fb,HDFC,timeout,Visa,499,2026-08-14T18:34:00
ec03149a,Axis,issuer_unavailable,UPI_AUTOPAY,199,2026-08-14T18:35:00
88816d38,Axis,hard_decline,RuPay,999,2026-08-14T18:35:00
9a257638,ICICI,insufficient_funds,UPI_AUTOPAY,1499,2026-08-14T18:43:00
fe6b3a19,Axis,timeout,UPI_AUTOPAY,999,2026-08-14T18:48:00
d32df20d,Kotak,issuer_unavailable,Mastercard,1499,2026-08-14T18:51:00
1222cba5,SBI,timeout,UPI_AUTOPAY,1499,2026-08-14T18:53:00
173461b1,Kotak,timeout,UPI_AUTOPAY,2999,2026-08-14T18:56:00
9aa3e410,SBI,insufficient_funds,UPI_AUTOPAY,4999,2026-08-14T19:00:00
2f2a5ae6,HDFC,issuer_unavailable,RuPay,199,2026-08-14T19:03:00
ba23a47d,SBI,hard_decline,Visa,2999,2026-08-14T19:06:00
eaeb1060,HDFC,timeout,Mastercard,2999,2026-08-14T19:08:00
2c9d9539,Kotak,timeout,UPI_AUTOPAY,2999,2026-08-14T19:09:00
2fb23e53,Axis,timeout,RuPay,199,2026-08-14T19:12:00
7444f106,HDFC,insufficient_funds,Visa,199,2026-08-14T19:24:00
28daa989,SBI,insufficient_funds,RuPay,4999,2026-08-14T19:27:00
de5abf4b,ICICI,timeout,UPI_AUTOPAY,299,2026-08-14T19:28:00
879a0058,HDFC,issuer_unavailable,Mastercard,199,2026-08-14T19:29:00
9b67ba07,Kotak,timeout,UPI_AUTOPAY,1499,2026-08-14T19:29:00
f81cc02a,SBI,insufficient_funds,UPI_AUTOPAY,4999,2026-08-14T19:30:00
7122edbe,ICICI,issuer_unavailable,RuPay,199,2026-08-14T19:36:00
676ed705,ICICI,insufficient_funds,UPI_AUTOPAY,1499,2026-08-14T19:38:00
c8de20c5,HDFC,insufficient_funds,RuPay,299,2026-08-14T19:39:00
d1dce559,Axis,insufficient_funds,Mastercard,2999,2026-08-14T19:39:00
5a14dc80,Kotak,issuer_unavailable,RuPay,299,2026-08-14T19:43:00
626f1344,SBI,insufficient_funds,UPI_AUTOPAY,1499,2026-08-14T19:47:00
574ccf0d,Kotak,timeout,Mastercard,1499,2026-08-14T19:47:00
f0a50158,Axis,timeout,Visa,4999,2026-08-14T19:55:00
f0550b6c,Axis,timeout,Visa,299,2026-08-14T20:01:00
2291a4b2,SBI,insufficient_funds,UPI_AUTOPAY,1499,2026-08-14T20:07:00
271febec,Kotak,hard_decline,RuPay,199,2026-08-14T20:10:00
82e2fc84,SBI,hard_decline,RuPay,299,2026-08-14T20:11:00
0da45053,Kotak,insufficient_funds,UPI_AUTOPAY,4999,2026-08-14T20:15:00
b315fc95,SBI,timeout,UPI_AUTOPAY,299,2026-08-14T20:21:00
aee1b07e,SBI,timeout,UPI_AUTOPAY,299,2026-08-14T20:22:00
5881a4b0,SBI,issuer_unavailable,UPI_AUTOPAY,999,2026-08-14T20:23:00
19cd640b,SBI,hard_decline,Visa,4999,2026-08-14T20:29:00
34348006,HDFC,timeout,UPI_AUTOPAY,199,2026-08-14T20:33:00
6070dd76,ICICI,insufficient_funds,Mastercard,299,2026-08-14T20:35:00
1f13303c,ICICI,insufficient_funds,UPI_AUTOPAY,4999,2026-08-14T20:36:00
20407b45,Kotak,issuer_unavailable,UPI_AUTOPAY,4999,2026-08-14T20:37:00
cde0e0dc,Axis,issuer_unavailable,RuPay,199,2026-08-14T20:46:00
adbe1e03,Kotak,timeout,Mastercard,1499,2026-08-14T20:53:00
80530c8b,Axis,insufficient_funds,UPI_AUTOPAY,999,2026-08-14T20:54:00
bb360e45,ICICI,insufficient_funds,Mastercard,999,2026-08-14T20:56:00
619d803a,Axis,issuer_unavailable,RuPay,499,2026-08-14T21:03:00
fe8ec8a7,Kotak,timeout,Mastercard,999,2026-08-14T21:04:00
2320dc16,SBI,insufficient_funds,RuPay,199,2026-08-14T21:06:00
8ce02848,Axis,hard_decline,UPI_AUTOPAY,2999,2026-08-14T21:07:00
ff3e679a,SBI,timeout,UPI_AUTOPAY,499,2026-08-14T21:09:00
71dcc693,Axis,hard_decline,Visa,499,2026-08-14T21:15:00
467c1936,HDFC,issuer_unavailable,UPI_AUTOPAY,4999,2026-08-14T21:21:00
9a2534f7,Kotak,hard_decline,Mastercard,499,2026-08-14T21:25:00
8709034d,HDFC,issuer_unavailable,UPI_AUTOPAY,999,2026-08-14T21:25:00
9e0803f7,ICICI,timeout,Visa,1499,2026-08-14T21:38:00
768dfbcb,ICICI,insufficient_funds,Mastercard,299,2026-08-14T21:38:00
018f7477,Axis,timeout,UPI_AUTOPAY,999,2026-08-14T21:39:00
2ed71c47,SBI,insufficient_funds,Mastercard,1499,2026-08-14T21:40:00
68902383,Axis,hard_decline,Visa,499,2026-08-14T21:41:00
5c1f1252,Kotak,hard_decline,Visa,999,2026-08-14T21:41:00
578c7607,Kotak,insufficient_funds,UPI_AUTOPAY,2999,2026-08-14T21:47:00
3988254e,Axis,issuer_unavailable,Visa,999,2026-08-14T21:55:00
8b91d6dd,HDFC,timeout,UPI_AUTOPAY,499,2026-08-14T21:57:00
109d1258,SBI,hard_decline,UPI_AUTOPAY,299,2026-08-14T22:02:00
dfe0d5f2,HDFC,timeout,UPI_AUTOPAY,199,2026-08-14T22:08:00
95ad5528,Axis,insufficient_funds,Visa,1499,2026-08-14T22:09:00
f2d798c5,SBI,issuer_unavailable,UPI_AUTOPAY,499,2026-08-14T22:13:00
3d64f1e1,Kotak,insufficient_funds,UPI_AUTOPAY,2999,2026-08-14T22:16:00
b0594e42,ICICI,timeout,Mastercard,999,2026-08-14T22:18:00
555b979e,HDFC,insufficient_funds,UPI_AUTOPAY,199,2026-08-14T22:22:00
1bf6159b,HDFC,timeout,UPI_AUTOPAY,2999,2026-08-14T22:26:00
386c28bc,SBI,timeout,Visa,1499,2026-08-14T22:33:00
a3cb142b,HDFC,insufficient_funds,Visa,2999,2026-08-14T22:36:00
973c92db,ICICI,timeout,UPI_AUTOPAY,1499,2026-08-14T22:37:00
73a2f5cf,ICICI,timeout,Visa,999,2026-08-14T22:47:00
1105147d,Axis,insufficient_funds,UPI_AUTOPAY,1499,2026-08-14T22:47:00
bf572eff,SBI,issuer_unavailable,UPI_AUTOPAY,999,2026-08-14T22:51:00
3773aa99,Kotak,insufficient_funds,UPI_AUTOPAY,999,2026-08-14T22:53:00
6edf384a,Axis,insufficient_funds,UPI_AUTOPAY,499,2026-08-14T22:55:00
b445a70f,SBI,issuer_unavailable,UPI_AUTOPAY,299,2026-08-14T22:55:00
d6d03981,Kotak,timeout,RuPay,499,2026-08-14T22:57:00
2d84bbf7,ICICI,timeout,Mastercard,999,2026-08-14T23:04:00
ac7502af,SBI,timeout,Visa,999,2026-08-14T23:05:00
1cb24196,Kotak,hard_decline,UPI_AUTOPAY,4999,2026-08-14T23:05:00
1f325f59,Axis,hard_decline,UPI_AUTOPAY,299,2026-08-14T23:06:00
94a5cb12,Axis,timeout,UPI_AUTOPAY,2999,2026-08-14T23:07:00
ad4a59c7,SBI,issuer_unavailable,Visa,2999,2026-08-14T23:08:00
68effceb,ICICI,insufficient_funds,Visa,299,2026-08-14T23:09:00
dc40a4cf,SBI,timeout,Mastercard,1499,2026-08-14T23:14:00
04ef36d2,Axis,issuer_unavailable,RuPay,2999,2026-08-14T23:17:00
5ef341aa,SBI,timeout,Visa,1499,2026-08-14T23:25:00
813fcfae,Axis,timeout,RuPay,4999,2026-08-14T23:30:00
f488b20c,ICICI,insufficient_funds,Visa,2999,2026-08-14T23:31:00
ffb788c5,SBI,insufficient_funds,UPI_AUTOPAY,299,2026-08-14T23:34:00
99d10307,Axis,hard_decline,Visa,499,2026-08-14T23:36:00
2074cfea,Axis,timeout,UPI_AUTOPAY,2999,2026-08-14T23:37:00
b2a59b21,HDFC,timeout,UPI_AUTOPAY,999,2026-08-14T23:40:00
b6253c9f,Kotak,issuer_unavailable,Visa,4999,2026-08-14T23:40:00
635ac93e,HDFC,insufficient_funds,UPI_AUTOPAY,199,2026-08-14T23:41:00
5f41df16,SBI,issuer_unavailable,RuPay,2999,2026-08-14T23:42:00
3e6f37a8,SBI,insufficient_funds,UPI_AUTOPAY,299,2026-08-14T23:42:00
f80d69d4,Axis,timeout,Mastercard,199,2026-08-14T23:43:00
6486d40d,Kotak,insufficient_funds,Mastercard,4999,2026-08-14T23:48:00
99edfe97,ICICI,timeout,RuPay,4999,2026-08-14T23:59:00
bfa87810,SBI,issuer_unavailable,UPI_AUTOPAY,199,2026-08-15T00:00:00
ba4b1d25,ICICI,hard_decline,RuPay,199,2026-08-15T00:01:00
59f7a3f1,Kotak,hard_decline,UPI_AUTOPAY,299,2026-08-15T00:01:00
5ee4a062,ICICI,hard_decline,UPI_AUTOPAY,1499,2026-08-15T00:02:00
9ded5773,HDFC,issuer_unavailable,RuPay,199,2026-08-15T00:04:00
764f2987,Kotak,issuer_unavailable,Visa,2999,2026-08-15T00:07:00
13014a0e,Kotak,timeout,Visa,999,2026-08-15T00:08:00
92e4e3f8,HDFC,timeout,RuPay,2999,2026-08-15T00:11:00
b0db9e44,Kotak,issuer_unavailable,Mastercard,1499,2026-08-15T00:19:00
9a01c13e,HDFC,timeout,UPI_AUTOPAY,499,2026-08-15T00:22:00
9c65cb51,Axis,timeout,UPI_AUTOPAY,499,2026-08-15T00:24:00
07c829b5,Kotak,timeout,UPI_AUTOPAY,499,2026-08-15T00:28:00
ff21ac2d,Kotak,issuer_unavailable,UPI_AUTOPAY,299,2026-08-15T00:31:00
e227dc1a,SBI,insufficient_funds,RuPay,199,2026-08-15T00:33:00
6ca1c8a6,Axis,insufficient_funds,Visa,999,2026-08-15T00:39:00
8d8df848,ICICI,insufficient_funds,Visa,2999,2026-08-15T00:48:00
315057dd,ICICI,issuer_unavailable,RuPay,4999,2026-08-15T00:50:00
1d3f669d,ICICI,insufficient_funds,UPI_AUTOPAY,999,2026-08-15T00:53:00
cfc5507a,ICICI,issuer_unavailable,UPI_AUTOPAY,499,2026-08-15T00:53:00
c51c0600,Kotak,insufficient_funds,UPI_AUTOPAY,199,2026-08-15T00:53:00
01cd365a,Axis,hard_decline,Visa,499,2026-08-15T00:54:00
4a6e5e4e,SBI,issuer_unavailable,Mastercard,999,2026-08-15T00:55:00
a43d6217,HDFC,timeout,Mastercard,2999,2026-08-15T00:57:00
177bdd46,ICICI,hard_decline,Mastercard,4999,2026-08-15T01:03:00
44223c31,SBI,hard_decline,UPI_AUTOPAY,1499,2026-08-15T01:07:00
b2f43e30,Kotak,insufficient_funds,UPI_AUTOPAY,499,2026-08-15T01:23:00
0a07186e,ICICI,timeout,Mastercard,299,2026-08-15T01:28:00
31c99a8a,SBI,hard_decline,UPI_AUTOPAY,2999,2026-08-15T01:30:00
30835992,SBI,insufficient_funds,Visa,499,2026-08-15T01:31:00
fd7b06b8,HDFC,insufficient_funds,Visa,1499,2026-08-15T01:34:00
af3dc8e6,HDFC,hard_decline,UPI_AUTOPAY,299,2026-08-15T01:35:00
ae861c0d,HDFC,issuer_unavailable,UPI_AUTOPAY,2999,2026-08-15T01:48:00
c884ae94,Axis,timeout,UPI_AUTOPAY,999,2026-08-15T01:49:00
f25307a9,Axis,hard_decline,UPI_AUTOPAY,299,2026-08-15T01:51:00
4eeff48b,Kotak,insufficient_funds,Mastercard,199,2026-08-15T01:51:00
b8a7c223,ICICI,issuer_unavailable,Visa,1499,2026-08-15T01:55:00
4ad12597,SBI,timeout,UPI_AUTOPAY,299,2026-08-15T01:59:00
51f85c86,Kotak,hard_decline,Visa,299,2026-08-15T02:01:00
b36a884c,ICICI,hard_decline,UPI_AUTOPAY,1499,2026-08-15T02:11:00
89fc510e,SBI,timeout,Mastercard,1499,2026-08-15T02:12:00
807c8769,SBI,timeout,UPI_AUTOPAY,1499,2026-08-15T02:16:00
85350ca3,Kotak,insufficient_funds,UPI_AUTOPAY,4999,2026-08-15T02:20:00
f9227f01,SBI,insufficient_funds,UPI_AUTOPAY,299,2026-08-15T02:24:00
ff0db849,Axis,insufficient_funds,Visa,4999,2026-08-15T02:27:00
82802a75,Kotak,timeout,Visa,199,2026-08-15T02:28:00
4871eee3,Axis,timeout,RuPay,1499,2026-08-15T02:31:00
6f68af71,Axis,insufficient_funds,UPI_AUTOPAY,4999,2026-08-15T02:36:00
47a52564,HDFC,insufficient_funds,Visa,299,2026-08-15T02:39:00
ffbb2531,Kotak,issuer_unavailable,UPI_AUTOPAY,999,2026-08-15T02:39:00
33e107fb,ICICI,insufficient_funds,UPI_AUTOPAY,1499,2026-08-15T02:40:00
a9f36b63,ICICI,timeout,UPI_AUTOPAY,499,2026-08-15T02:40:00
af214882,HDFC,insufficient_funds,UPI_AUTOPAY,499,2026-08-15T02:42:00
06333f7b,SBI,hard_decline,UPI_AUTOPAY,2999,2026-08-15T02:42:00
acfc47a7,Kotak,issuer_unavailable,UPI_AUTOPAY,1499,2026-08-15T02:42:00
7d24c740,SBI,issuer_unavailable,UPI_AUTOPAY,499,2026-08-15T02:57:00
537e4e17,Axis,timeout,UPI_AUTOPAY,999,2026-08-15T03:02:00
e678cc12,Kotak,hard_decline,UPI_AUTOPAY,299,2026-08-15T03:02:00
1f9815ed,Axis,hard_decline,Mastercard,2999,2026-08-15T03:05:00
08155423,Axis,hard_decline,UPI_AUTOPAY,499,2026-08-15T03:05:00
de70955a,Axis,insufficient_funds,Visa,1499,2026-08-15T03:08:00
1b7383d4,Axis,insufficient_funds,UPI_AUTOPAY,999,2026-08-15T03:10:00
3bf67f72,ICICI,issuer_unavailable,UPI_AUTOPAY,499,2026-08-15T03:11:00
634a2a53,SBI,insufficient_funds,UPI_AUTOPAY,199,2026-08-15T03:11:00
c1edd8c5,Kotak,timeout,UPI_AUTOPAY,999,2026-08-15T03:18:00
80681705,Axis,timeout,Visa,1499,2026-08-15T03:20:00
272b8314,SBI,timeout,UPI_AUTOPAY,199,2026-08-15T03:24:00
eb461564,HDFC,issuer_unavailable,RuPay,499,2026-08-15T03:38:00
1990f619,Kotak,timeout,UPI_AUTOPAY,199,2026-08-15T03:40:00
f7a213d7,HDFC,issuer_unavailable,RuPay,499,2026-08-15T03:44:00
389384b0,Axis,insufficient_funds,Visa,1499,2026-08-15T03:47:00
6d7417bd,Kotak,timeout,RuPay,2999,2026-08-15T03:48:00
ca773810,SBI,issuer_unavailable,UPI_AUTOPAY,299,2026-08-15T03:52:00
cf8b76f8,HDFC,insufficient_funds,Visa,2999,2026-08-15T03:57:00
4e894d10,SBI,timeout,Mastercard,299,2026-08-15T04:01:00
fd262451,ICICI,insufficient_funds,Mastercard,499,2026-08-15T04:03:00
121f1ebd,ICICI,issuer_unavailable,RuPay,299,2026-08-15T04:05:00
0cc841fe,Axis,issuer_unavailable,Visa,999,2026-08-15T04:07:00
ea27e7b1,ICICI,timeout,Visa,299,2026-08-15T04:09:00
f80da0b2,Kotak,insufficient_funds,UPI_AUTOPAY,2999,2026-08-15T04:14:00
0370a578,Kotak,timeout,RuPay,4999,2026-08-15T04:15:00
42b332bd,SBI,timeout,UPI_AUTOPAY,299,2026-08-15T04:16:00
1a42186d,SBI,timeout,UPI_AUTOPAY,1499,2026-08-15T04:16:00
40620c6c,ICICI,insufficient_funds,UPI_AUTOPAY,2999,2026-08-15T04:17:00
321050e2,HDFC,issuer_unavailable,Visa,4999,2026-08-15T04:18:00
a0348c49,Axis,insufficient_funds,RuPay,499,2026-08-15T04:19:00
512bff33,SBI,timeout,UPI_AUTOPAY,4999,2026-08-15T04:26:00
5acb1489,Axis,hard_decline,UPI_AUTOPAY,1499,2026-08-15T04:27:00
7db0e2bb,Axis,hard_decline,UPI_AUTOPAY,499,2026-08-15T04:29:00
efe59f45,ICICI,insufficient_funds,Visa,2999,2026-08-15T04:29:00
753bb893,HDFC,insufficient_funds,RuPay,999,2026-08-15T04:30:00
acf058d4,Kotak,timeout,RuPay,1499,2026-08-15T04:36:00
595ea227,Kotak,timeout,Mastercard,2999,2026-08-15T04:39:00
b1d18dfe,SBI,insufficient_funds,UPI_AUTOPAY,299,2026-08-15T04:41:00
35538e03,SBI,hard_decline,UPI_AUTOPAY,1499,2026-08-15T04:48:00
66c6a0b1,HDFC,issuer_unavailable,UPI_AUTOPAY,1499,2026-08-15T04:49:00
5e52b27f,HDFC,insufficient_funds,Mastercard,499,2026-08-15T05:03:00
9163cf3f,HDFC,hard_decline,RuPay,1499,2026-08-15T05:06:00
433d6eeb,SBI,insufficient_funds,UPI_AUTOPAY,199,2026-08-15T05:07:00
13f48402,SBI,timeout,UPI_AUTOPAY,2999,2026-08-15T05:11:00
c4c5c7e7,Axis,insufficient_funds,UPI_AUTOPAY,4999,2026-08-15T05:12:00
fe6ade88,ICICI,timeout,UPI_AUTOPAY,499,2026-08-15T05:20:00
9c54f07b,Kotak,hard_decline,UPI_AUTOPAY,999,2026-08-15T05:24:00
f32f52b4,Kotak,insufficient_funds,RuPay,199,2026-08-15T05:26:00
bf1f8e1f,SBI,hard_decline,RuPay,2999,2026-08-15T05:27:00
905814bd,Axis,issuer_unavailable,UPI_AUTOPAY,999,2026-08-15T05:27:00
711668b1,SBI,timeout,Mastercard,199,2026-08-15T05:35:00
b707b33b,HDFC,timeout,UPI_AUTOPAY,199,2026-08-15T05:36:00
bfb5e562,HDFC,timeout,Mastercard,2999,2026-08-15T05:44:00
65a1d758,Axis,timeout,UPI_AUTOPAY,1499,2026-08-15T05:48:00
61a7b0ff,Kotak,hard_decline,UPI_AUTOPAY,1499,2026-08-15T05:48:00
d3eda645,HDFC,timeout,UPI_AUTOPAY,499,2026-08-15T05:48:00
2e230169,Axis,timeout,UPI_AUTOPAY,299,2026-08-15T05:49:00
e6c7c573,Axis,timeout,Mastercard,199,2026-08-15T05:55:00
b61e6d2a,ICICI,insufficient_funds,Mastercard,299,2026-08-15T05:55:00
c3684c1d,ICICI,insufficient_funds,RuPay,1499,2026-08-15T05:56:00
b96f400e,SBI,insufficient_funds,RuPay,299,2026-08-15T05:58:00
567b596b,HDFC,timeout,UPI_AUTOPAY,1499,2026-08-15T06:08:00
28eddcd9,SBI,timeout,RuPay,1499,2026-08-15T06:16:00
60c3a928,ICICI,timeout,UPI_AUTOPAY,299,2026-08-15T06:18:00
acf0fbc2,HDFC,timeout,RuPay,199,2026-08-15T06:22:00
917aa4f7,HDFC,timeout,UPI_AUTOPAY,1499,2026-08-15T06:24:00
d045506f,HDFC,timeout,UPI_AUTOPAY,499,2026-08-15T06:26:00
e41d7a1c,Kotak,insufficient_funds,RuPay,199,2026-08-15T06:26:00
9d3952d5,Axis,insufficient_funds,Visa,999,2026-08-15T06:27:00
0dd37149,SBI,timeout,Visa,499,2026-08-15T06:31:00
aae6c2eb,HDFC,hard_decline,UPI_AUTOPAY,499,2026-08-15T06:32:00
a804cf70,SBI,hard_decline,Visa,999,2026-08-15T06:34:00
bd486b47,Kotak,timeout,UPI_AUTOPAY,299,2026-08-15T06:39:00
6df383e0,HDFC,timeout,UPI_AUTOPAY,199,2026-08-15T06:44:00
32db8bf6,SBI,timeout,UPI_AUTOPAY,1499,2026-08-15T06:48:00
59fd0eeb,SBI,hard_decline,UPI_AUTOPAY,199,2026-08-15T06:48:00
f5b91253,Kotak,hard_decline,UPI_AUTOPAY,999,2026-08-15T06:51:00
a4c05a0f,Kotak,timeout,RuPay,4999,2026-08-15T06:53:00
235d1bfc,Axis,issuer_unavailable,UPI_AUTOPAY,4999,2026-08-15T06:56:00
6cd9d511,Kotak,timeout,Visa,4999,2026-08-15T06:56:00
2ab772cd,Axis,timeout,UPI_AUTOPAY,999,2026-08-15T06:57:00
b5e37c67,ICICI,timeout,UPI_AUTOPAY,199,2026-08-15T07:02:00
a9402452,ICICI,issuer_unavailable,UPI_AUTOPAY,4999,2026-08-15T07:05:00
7f9f38d6,ICICI,hard_decline,UPI_AUTOPAY,199,2026-08-15T07:07:00
d130e994,Kotak,insufficient_funds,UPI_AUTOPAY,299,2026-08-15T07:15:00
9dbd237c,HDFC,hard_decline,Visa,1499,2026-08-15T07:15:00
26785533,Axis,issuer_unavailable,Visa,199,2026-08-15T07:16:00
f3a65b28,HDFC,issuer_unavailable,UPI_AUTOPAY,999,2026-08-15T07:19:00
482ae069,Axis,timeout,Visa,999,2026-08-15T07:24:00
1234c61a,SBI,issuer_unavailable,UPI_AUTOPAY,4999,2026-08-15T07:27:00
c06d484a,SBI,timeout,UPI_AUTOPAY,2999,2026-08-15T07:28:00
d389d57c,Axis,hard_decline,UPI_AUTOPAY,999,2026-08-15T07:33:00
8aee1759,Kotak,timeout,Visa,999,2026-08-15T07:35:00
2ffcdf0a,SBI,issuer_unavailable,UPI_AUTOPAY,2999,2026-08-15T07:36:00
0dc25dde,SBI,issuer_unavailable,RuPay,4999,2026-08-15T07:38:00
d6a9d65f,ICICI,insufficient_funds,RuPay,4999,2026-08-15T07:38:00
dabad425,HDFC,timeout,UPI_AUTOPAY,2999,2026-08-15T07:38:00
8b2b808b,Axis,timeout,UPI_AUTOPAY,2999,2026-08-15T07:38:00
80717cd0,SBI,insufficient_funds,UPI_AUTOPAY,499,2026-08-15T07:39:00
8052b991,Kotak,issuer_unavailable,UPI_AUTOPAY,999,2026-08-15T07:49:00
54fbd9e9,HDFC,timeout,UPI_AUTOPAY,299,2026-08-15T07:51:00
9aed0d82,HDFC,insufficient_funds,UPI_AUTOPAY,999,2026-08-15T07:54:00
dbe8f616,ICICI,insufficient_funds,UPI_AUTOPAY,499,2026-08-15T07:55:00
75c2a62b,Axis,insufficient_funds,UPI_AUTOPAY,299,2026-08-15T07:55:00
b96a3216,ICICI,issuer_unavailable,Visa,1499,2026-08-15T07:59:00
42efd50f,SBI,timeout,Mastercard,199,2026-08-15T07:59:00
8b06ba98,SBI,issuer_unavailable,Visa,2999,2026-08-15T08:00:00
a02eb8c6,ICICI,timeout,Visa,499,2026-08-15T08:06:00
3cc344f1,ICICI,timeout,Mastercard,2999,2026-08-15T08:10:00
f38e7552,HDFC,issuer_unavailable,UPI_AUTOPAY,499,2026-08-15T08:14:00
c6da5a42,HDFC,issuer_unavailable,Mastercard,999,2026-08-15T08:18:00
2860cfa9,Kotak,insufficient_funds,UPI_AUTOPAY,1499,2026-08-15T08:20:00
6aae334e,ICICI,hard_decline,UPI_AUTOPAY,2999,2026-08-15T08:28:00
c3318681,Kotak,hard_decline,UPI_AUTOPAY,299,2026-08-15T08:29:00
71ebc863,Axis,timeout,RuPay,4999,2026-08-15T08:33:00
aeaca26c,HDFC,hard_decline,Visa,1499,2026-08-15T08:34:00
e64dde95,Kotak,issuer_unavailable,Visa,299,2026-08-15T08:46:00
8671ce10,ICICI,insufficient_funds,Visa,499,2026-08-15T08:47:00
1d4fe66f,SBI,hard_decline,UPI_AUTOPAY,4999,2026-08-15T08:49:00
fcc6b235,SBI,insufficient_funds,Visa,199,2026-08-15T08:50:00
628dc9c6,Axis,insufficient_funds,Visa,299,2026-08-15T08:53:00
efd3c895,SBI,insufficient_funds,Mastercard,199,2026-08-15T08:54:00
9f7c57c1,Kotak,timeout,RuPay,199,2026-08-15T08:56:00
f45a4a94,HDFC,timeout,Visa,4999,2026-08-15T08:59:00
e26aee65,HDFC,insufficient_funds,RuPay,499,2026-08-15T09:07:00
a713401b,ICICI,timeout,Visa,2999,2026-08-15T09:10:00
6095c37c,Kotak,timeout,UPI_AUTOPAY,1499,2026-08-15T09:13:00
311d6e48,Axis,hard_decline,UPI_AUTOPAY,499,2026-08-15T09:14:00
dd194b1c,HDFC,hard_decline,UPI_AUTOPAY,299,2026-08-15T09:18:00
78c3c870,HDFC,issuer_unavailable,Mastercard,499,2026-08-15T09:22:00
1efde1d9,SBI,insufficient_funds,UPI_AUTOPAY,999,2026-08-15T09:27:00
0e41cc6e,Axis,insufficient_funds,RuPay,2999,2026-08-15T09:42:00
ae02fe66,ICICI,insufficient_funds,Mastercard,499,2026-08-15T09:42:00
1a111a0a,SBI,hard_decline,UPI_AUTOPAY,1499,2026-08-15T09:44:00
644eb936,Kotak,issuer_unavailable,UPI_AUTOPAY,4999,2026-08-15T09:49:00
6a98a356,Axis,timeout,Visa,299,2026-08-15T09:50:00
f404a9eb,ICICI,timeout,UPI_AUTOPAY,499,2026-08-15T09:51:00
5968f60f,Kotak,timeout,RuPay,1499,2026-08-15T09:54:00
3a0e4ce4,HDFC,hard_decline,Visa,499,2026-08-15T10:04:00
dfa15f06,SBI,insufficient_funds,UPI_AUTOPAY,2999,2026-08-15T10:05:00
2b5634c6,Kotak,insufficient_funds,Mastercard,1499,2026-08-15T10:11:00
b248d770,SBI,timeout,Mastercard,999,2026-08-15T10:18:00
06216b0f,Axis,hard_decline,RuPay,2999,2026-08-15T10:20:00
315934ec,HDFC,hard_decline,UPI_AUTOPAY,4999,2026-08-15T10:25:00
d1109796,SBI,timeout,UPI_AUTOPAY,4999,2026-08-15T10:28:00
bfe1adfb,ICICI,issuer_unavailable,UPI_AUTOPAY,999,2026-08-15T10:30:00
d9f64553,Kotak,timeout,UPI_AUTOPAY,4999,2026-08-15T10:31:00
d95d5891,ICICI,insufficient_funds,Visa,499,2026-08-15T10:35:00
da2b4b8a,ICICI,timeout,Mastercard,199,2026-08-15T10:36:00
f714584e,Kotak,insufficient_funds,Visa,999,2026-08-15T10:39:00
5e809928,SBI,issuer_unavailable,Mastercard,199,2026-08-15T10:43:00
e1dc0576,HDFC,hard_decline,Mastercard,499,2026-08-15T10:43:00
839f203c,Axis,timeout,UPI_AUTOPAY,2999,2026-08-15T10:47:00
ffff882d,HDFC,timeout,UPI_AUTOPAY,299,2026-08-15T10:51:00
56eac442,Kotak,hard_decline,RuPay,999,2026-08-15T10:51:00
eff13072,Axis,insufficient_funds,RuPay,2999,2026-08-15T10:52:00
08714c61,ICICI,timeout,RuPay,999,2026-08-15T10:57:00
1c9c03d6,Kotak,insufficient_funds,Visa,999,2026-08-15T11:04:00
9b055762,SBI,issuer_unavailable,UPI_AUTOPAY,999,2026-08-15T11:05:00
da8dff89,ICICI,insufficient_funds,UPI_AUTOPAY,1499,2026-08-15T11:09:00
848b54bc,ICICI,insufficient_funds,UPI_AUTOPAY,999,2026-08-15T11:11:00
333d7927,ICICI,timeout,UPI_AUTOPAY,999,2026-08-15T11:11:00
32887b02,Axis,timeout,UPI_AUTOPAY,199,2026-08-15T11:12:00
3c7fea12,SBI,insufficient_funds,UPI_AUTOPAY,1499,2026-08-15T11:17:00
03846467,SBI,issuer_unavailable,UPI_AUTOPAY,499,2026-08-15T11:20:00
d4acd64e,Kotak,insufficient_funds,UPI_AUTOPAY,199,2026-08-15T11:27:00
8c8e78cf,Axis,issuer_unavailable,UPI_AUTOPAY,999,2026-08-15T11:27:00
c5dd4113,SBI,issuer_unavailable,UPI_AUTOPAY,4999,2026-08-15T11:28:00
5ed9f676,Axis,insufficient_funds,Visa,1499,2026-08-15T11:29:00
052ee8bd,ICICI,timeout,Visa,2999,2026-08-15T11:32:00
e22d40b5,HDFC,insufficient_funds,RuPay,999,2026-08-15T11:43:00
c7147eb9,Kotak,issuer_unavailable,UPI_AUTOPAY,1499,2026-08-15T11:43:00
1122a2c7,SBI,insufficient_funds,UPI_AUTOPAY,199,2026-08-15T11:47:00
968d4002,Kotak,issuer_unavailable,Visa,199,2026-08-15T11:51:00
83ea902f,Kotak,insufficient_funds,Visa,4999,2026-08-15T11:55:00
778b87d2,HDFC,timeout,RuPay,4999,2026-08-15T12:00:00
8673fc54,Axis,hard_decline,UPI_AUTOPAY,4999,2026-08-15T12:03:00
2017e9b1,ICICI,insufficient_funds,Mastercard,1499,2026-08-15T12:13:00
7180501b,Axis,issuer_unavailable,RuPay,299,2026-08-15T12:14:00
aaf40449,Kotak,insufficient_funds,Mastercard,999,2026-08-15T12:19:00
7cffd8a8,HDFC,issuer_unavailable,UPI_AUTOPAY,999,2026-08-15T12:23:00
2aec00c7,Kotak,insufficient_funds,Mastercard,4999,2026-08-15T12:24:00
cd777720,Kotak,issuer_unavailable,UPI_AUTOPAY,4999,2026-08-15T12:27:00
c74175d8,Kotak,insufficient_funds,RuPay,999,2026-08-15T12:28:00
e733a4a5,SBI,timeout,Visa,1499,2026-08-15T12:30:00
9606cf70,Axis,issuer_unavailable,Mastercard,4999,2026-08-15T12:32:00
0f530d10,ICICI,timeout,RuPay,299,2026-08-15T12:40:00
016c3898,ICICI,insufficient_funds,UPI_AUTOPAY,299,2026-08-15T12:41:00
4ed5463b,ICICI,insufficient_funds,Mastercard,199,2026-08-15T12:42:00
37f0f1cd,HDFC,insufficient_funds,Mastercard,499,2026-08-15T12:46:00
03177a76,Kotak,insufficient_funds,Mastercard,999,2026-08-15T12:48:00
a5e844e5,Axis,issuer_unavailable,RuPay,499,2026-08-15T12:49:00
f91ea923,Axis,timeout,UPI_AUTOPAY,199,2026-08-15T12:51:00
4b89ab5d,Axis,timeout,RuPay,1499,2026-08-15T12:52:00
0be02054,Kotak,hard_decline,RuPay,1499,2026-08-15T12:56:00
f0f9818c,Kotak,timeout,UPI_AUTOPAY,499,2026-08-15T12:57:00
d6e5a7d5,Axis,timeout,UPI_AUTOPAY,4999,2026-08-15T13:00:00
70d921a8,Kotak,timeout,UPI_AUTOPAY,999,2026-08-15T13:04:00
883e9368,SBI,timeout,Visa,2999,2026-08-15T13:05:00
a0eb316a,SBI,timeout,UPI_AUTOPAY,999,2026-08-15T13:13:00
e15812fc,Axis,timeout,Mastercard,1499,2026-08-15T13:13:00
26b79966,Kotak,timeout,UPI_AUTOPAY,299,2026-08-15T13:16:00
717a8612,Kotak,issuer_unavailable,Mastercard,2999,2026-08-15T13:20:00
5bb3144d,HDFC,insufficient_funds,UPI_AUTOPAY,1499,2026-08-15T13:21:00
84ab3d0f,HDFC,insufficient_funds,Mastercard,499,2026-08-15T13:22:00
7a1fbba0,Axis,insufficient_funds,UPI_AUTOPAY,199,2026-08-15T13:22:00
d3b71c8e,Axis,timeout,Visa,1499,2026-08-15T13:28:00
2ac789c5,SBI,timeout,UPI_AUTOPAY,299,2026-08-15T13:34:00
bb52c7cc,HDFC,timeout,UPI_AUTOPAY,1499,2026-08-15T13:34:00
c04c1fa5,SBI,insufficient_funds,UPI_AUTOPAY,499,2026-08-15T13:40:00
01f75a93,HDFC,timeout,RuPay,1499,2026-08-15T13:40:00
01e38ed3,HDFC,issuer_unavailable,Visa,4999,2026-08-15T13:41:00
deb6f0a2,HDFC,insufficient_funds,Visa,999,2026-08-15T13:44:00
f6eb0ebe,Axis,timeout,RuPay,2999,2026-08-15T13:47:00
7e0c778d,SBI,issuer_unavailable,UPI_AUTOPAY,499,2026-08-15T13:49:00
26e17f60,HDFC,timeout,UPI_AUTOPAY,4999,2026-08-15T13:52:00
8e0ac084,Axis,timeout,UPI_AUTOPAY,4999,2026-08-15T13:52:00
873238ee,Axis,timeout,RuPay,299,2026-08-15T13:55:00
7584e5ee,HDFC,timeout,UPI_AUTOPAY,999,2026-08-15T13:55:00
35e343ac,Kotak,hard_decline,Visa,999,2026-08-15T13:57:00
4b78f3f8,Axis,insufficient_funds,UPI_AUTOPAY,1499,2026-08-15T13:59:00
44023687,ICICI,insufficient_funds,UPI_AUTOPAY,199,2026-08-15T14:00:00
b2bf4cdf,Axis,issuer_unavailable,RuPay,199,2026-08-15T14:20:00
b5a7b81a,SBI,timeout,RuPay,2999,2026-08-15T14:22:00
e0b7343f,Axis,issuer_unavailable,RuPay,999,2026-08-15T14:23:00
6ef8e5ab,HDFC,issuer_unavailable,UPI_AUTOPAY,4999,2026-08-15T14:24:00
4d501720,HDFC,timeout,Visa,999,2026-08-15T14:27:00
e48b70ae,SBI,insufficient_funds,RuPay,999,2026-08-15T14:33:00
eadd6137,ICICI,issuer_unavailable,UPI_AUTOPAY,999,2026-08-15T14:35:00
2abe1369,Kotak,hard_decline,Visa,499,2026-08-15T14:38:00
37cacb75,HDFC,timeout,RuPay,4999,2026-08-15T14:38:00
0846ebe1,ICICI,insufficient_funds,UPI_AUTOPAY,299,2026-08-15T14:39:00
da1b5648,SBI,timeout,Visa,4999,2026-08-15T14:40:00
fd105e20,Axis,insufficient_funds,RuPay,2999,2026-08-15T14:44:00
25a22bc2,SBI,hard_decline,UPI_AUTOPAY,199,2026-08-15T14:46:00
cc501d66,Axis,issuer_unavailable,Mastercard,999,2026-08-15T14:49:00
6caf0573,HDFC,timeout,RuPay,1499,2026-08-15T14:50:00
5fe3bb56,HDFC,insufficient_funds,UPI_AUTOPAY,999,2026-08-15T14:54:00
2b23c753,ICICI,timeout,Visa,499,2026-08-15T15:03:00
0898829e,Axis,timeout,RuPay,199,2026-08-15T15:07:00
c6be4169,ICICI,timeout,Visa,999,2026-08-15T15:08:00
10dd18f4,SBI,issuer_unavailable,RuPay,999,2026-08-15T15:12:00
269311fd,SBI,timeout,UPI_AUTOPAY,2999,2026-08-15T15:13:00
f3921fd3,HDFC,issuer_unavailable,Visa,499,2026-08-15T15:25:00
1a0b9b21,Kotak,insufficient_funds,UPI_AUTOPAY,199,2026-08-15T15:29:00
e2e2ba8f,Kotak,timeout,RuPay,199,2026-08-15T15:31:00
bafcbb30,ICICI,insufficient_funds,RuPay,2999,2026-08-15T15:31:00
7c215fd7,HDFC,issuer_unavailable,Mastercard,299,2026-08-15T15:40:00
3c748d28,Kotak,insufficient_funds,Mastercard,299,2026-08-15T15:42:00
f229dcd4,SBI,timeout,Mastercard,199,2026-08-15T15:42:00
694c74ef,ICICI,timeout,Mastercard,1499,2026-08-15T15:49:00
da9924cd,Axis,insufficient_funds,UPI_AUTOPAY,199,2026-08-15T15:49:00
e81ca7c5,Axis,insufficient_funds,RuPay,499,2026-08-15T15:52:00
0814cf19,Axis,issuer_unavailable,RuPay,199,2026-08-15T15:53:00
39a68366,Kotak,insufficient_funds,UPI_AUTOPAY,499,2026-08-15T15:58:00
06766a16,ICICI,insufficient_funds,RuPay,499,2026-08-15T16:00:00
6639123b,HDFC,insufficient_funds,Mastercard,999,2026-08-15T16:01:00
c7116c16,ICICI,timeout,UPI_AUTOPAY,999,2026-08-15T16:07:00
80d9d440,Kotak,issuer_unavailable,RuPay,299,2026-08-15T16:07:00
b893e96e,HDFC,timeout,UPI_AUTOPAY,299,2026-08-15T16:07:00
c21da056,Kotak,timeout,UPI_AUTOPAY,199,2026-08-15T16:09:00
bb0cfc6b,ICICI,timeout,Mastercard,299,2026-08-15T16:13:00
42b0a797,ICICI,issuer_unavailable,Visa,1499,2026-08-15T16:14:00
d39ffce3,HDFC,hard_decline,UPI_AUTOPAY,499,2026-08-15T16:17:00
9353b400,ICICI,issuer_unavailable,UPI_AUTOPAY,299,2026-08-15T16:26:00
a6fd3ff5,SBI,hard_decline,Visa,999,2026-08-15T16:32:00
2276b275,SBI,insufficient_funds,RuPay,999,2026-08-15T16:34:00
84e12772,HDFC,issuer_unavailable,UPI_AUTOPAY,299,2026-08-15T16:36:00
20b07663,ICICI,timeout,RuPay,2999,2026-08-15T16:37:00
cf73c53e,HDFC,insufficient_funds,RuPay,4999,2026-08-15T16:37:00
23ccb446,ICICI,issuer_unavailable,RuPay,199,2026-08-15T16:40:00
d4482b8d,HDFC,issuer_unavailable,UPI_AUTOPAY,4999,2026-08-15T16:48:00
31cd9dff,ICICI,timeout,Mastercard,199,2026-08-15T16:49:00
c1fd6ce6,ICICI,timeout,UPI_AUTOPAY,2999,2026-08-15T16:53:00
9ce89b0b,SBI,hard_decline,RuPay,199,2026-08-15T16:55:00
6759f171,Axis,timeout,UPI_AUTOPAY,1499,2026-08-15T16:57:00
0fd67b24,Kotak,hard_decline,Mastercard,999,2026-08-15T16:59:00
ad58dcbb,Axis,timeout,Visa,1499,2026-08-15T17:01:00
4a6f2d1a,SBI,timeout,UPI_AUTOPAY,2999,2026-08-15T17:13:00
33a26016,Axis,timeout,UPI_AUTOPAY,199,2026-08-15T17:18:00
b42a2df3,Kotak,timeout,UPI_AUTOPAY,299,2026-08-15T17:25:00
339e476b,HDFC,issuer_unavailable,UPI_AUTOPAY,4999,2026-08-15T17:26:00
df7d6d62,Axis,issuer_unavailable,RuPay,999,2026-08-15T17:26:00
a6458dbf,SBI,insufficient_funds,Visa,299,2026-08-15T17:28:00
a131eec2,SBI,hard_decline,Mastercard,999,2026-08-15T17:29:00
25272214,Axis,hard_decline,Visa,1499,2026-08-15T17:33:00
0f31413b,SBI,insufficient_funds,Mastercard,499,2026-08-15T17:35:00
40fd193a,HDFC,hard_decline,UPI_AUTOPAY,2999,2026-08-15T17:35:00
cdb2bb0a,ICICI,hard_decline,Visa,999,2026-08-15T17:39:00
2b9f14b2,SBI,hard_decline,UPI_AUTOPAY,199,2026-08-15T17:46:00
04c35d7f,Kotak,timeout,Visa,2999,2026-08-15T17:47:00
ca6678dc,ICICI,insufficient_funds,Visa,1499,2026-08-15T17:48:00
6329f408,ICICI,timeout,UPI_AUTOPAY,999,2026-08-15T17:49:00
e5035cd3,HDFC,issuer_unavailable,UPI_AUTOPAY,199,2026-08-15T17:51:00
ea32aaa1,SBI,insufficient_funds,UPI_AUTOPAY,499,2026-08-15T17:53:00
fb996689,ICICI,timeout,UPI_AUTOPAY,199,2026-08-15T17:55:00
3808dfa1,Axis,hard_decline,Visa,499,2026-08-15T17:57:00
692ca3bd,Axis,insufficient_funds,Mastercard,1499,2026-08-15T18:00:00
035f2ec2,Axis,insufficient_funds,UPI_AUTOPAY,1499,2026-08-15T18:02:00
454061f1,Axis,issuer_unavailable,UPI_AUTOPAY,299,2026-08-15T18:09:00
3e7388d1,SBI,hard_decline,RuPay,1499,2026-08-15T18:13:00
7644b694,SBI,issuer_unavailable,UPI_AUTOPAY,4999,2026-08-15T18:15:00
11469f68,Kotak,insufficient_funds,UPI_AUTOPAY,4999,2026-08-15T18:20:00
6ae1b2bc,HDFC,insufficient_funds,UPI_AUTOPAY,199,2026-08-15T18:24:00
fb18da18,HDFC,timeout,RuPay,199,2026-08-15T18:26:00
e1c6285e,Kotak,hard_decline,Visa,1499,2026-08-15T18:28:00
ef620341,Axis,insufficient_funds,Visa,299,2026-08-15T18:28:00
4385b9d9,SBI,issuer_unavailable,UPI_AUTOPAY,299,2026-08-15T18:31:00
30b66ea6,SBI,insufficient_funds,UPI_AUTOPAY,499,2026-08-15T18:31:00
fd11c9c2,SBI,issuer_unavailable,UPI_AUTOPAY,2999,2026-08-15T18:40:00
cfe53d41,Axis,timeout,UPI_AUTOPAY,2999,2026-08-15T18:42:00
91c941a7,ICICI,insufficient_funds,RuPay,2999,2026-08-15T18:42:00
088583e6,HDFC,issuer_unavailable,Visa,4999,2026-08-15T18:48:00
2cdf889d,SBI,timeout,UPI_AUTOPAY,1499,2026-08-15T18:49:00
edd31675,Axis,timeout,Visa,299,2026-08-15T18:52:00
58ad84c4,SBI,timeout,UPI_AUTOPAY,499,2026-08-15T18:55:00
ad2fc518,HDFC,hard_decline,Mastercard,1499,2026-08-15T18:58:00
0ed2258b,HDFC,timeout,UPI_AUTOPAY,499,2026-08-15T19:00:00
489df1ec,ICICI,insufficient_funds,RuPay,999,2026-08-15T19:01:00
43a74e1c,ICICI,issuer_unavailable,RuPay,1499,2026-08-15T19:05:00
1421ec92,HDFC,hard_decline,Visa,299,2026-08-15T19:07:00
f2cbd275,Axis,timeout,Visa,299,2026-08-15T19:09:00
62680546,ICICI,hard_decline,Mastercard,499,2026-08-15T19:09:00
3bb66662,HDFC,timeout,UPI_AUTOPAY,2999,2026-08-15T19:10:00
93231a38,ICICI,timeout,RuPay,1499,2026-08-15T19:11:00
0e53bf94,Axis,issuer_unavailable,Visa,499,2026-08-15T19:16:00
e0adeb80,Kotak,insufficient_funds,UPI_AUTOPAY,999,2026-08-15T19:16:00
9af4f392,Axis,timeout,RuPay,499,2026-08-15T19:16:00
7447982a,ICICI,issuer_unavailable,Visa,999,2026-08-15T19:18:00
b67b79c6,Kotak,timeout,Visa,1499,2026-08-15T19:23:00
2a9b5c88,ICICI,hard_decline,Visa,199,2026-08-15T19:24:00
d0752594,Axis,timeout,RuPay,499,2026-08-15T19:24:00
5c5d406d,SBI,insufficient_funds,UPI_AUTOPAY,4999,2026-08-15T19:25:00
eaa06735,Kotak,timeout,UPI_AUTOPAY,999,2026-08-15T19:28:00
99094d0c,Axis,timeout,Visa,999,2026-08-15T19:30:00
0b8d0d5a,Kotak,issuer_unavailable,Mastercard,1499,2026-08-15T19:33:00
eea5ab76,Kotak,timeout,UPI_AUTOPAY,999,2026-08-15T19:35:00
09025e9b,Kotak,issuer_unavailable,UPI_AUTOPAY,999,2026-08-15T19:36:00
33b48b25,HDFC,timeout,UPI_AUTOPAY,2999,2026-08-15T19:41:00
12d15392,HDFC,issuer_unavailable,Mastercard,499,2026-08-15T19:42:00
6b58094a,Kotak,insufficient_funds,Visa,999,2026-08-15T19:43:00
9a161fee,ICICI,timeout,Mastercard,2999,2026-08-15T19:49:00
6326ed3a,ICICI,insufficient_funds,UPI_AUTOPAY,999,2026-08-15T20:02:00
dead484f,SBI,timeout,Visa,999,2026-08-15T20:07:00
2c878529,ICICI,timeout,UPI_AUTOPAY,4999,2026-08-15T20:10:00
960b56b4,Kotak,insufficient_funds,RuPay,2999,2026-08-15T20:25:00
71978d1e,SBI,timeout,Visa,2999,2026-08-15T20:28:00
8d3cba48,Kotak,timeout,UPI_AUTOPAY,299,2026-08-15T20:32:00
8ca4a9b7,Axis,insufficient_funds,RuPay,4999,2026-08-15T20:34:00
fdbb0076,Axis,insufficient_funds,UPI_AUTOPAY,2999,2026-08-15T20:47:00
1776322a,Kotak,hard_decline,Mastercard,999,2026-08-15T20:50:00
737e3571,ICICI,hard_decline,UPI_AUTOPAY,4999,2026-08-15T20:52:00
6820a896,HDFC,issuer_unavailable,Visa,1499,2026-08-15T21:10:00
2eb41eb7,SBI,insufficient_funds,UPI_AUTOPAY,1499,2026-08-15T21:13:00
4f797524,Axis,insufficient_funds,Visa,4999,2026-08-15T21:14:00
e49abbfe,Axis,insufficient_funds,UPI_AUTOPAY,1499,2026-08-15T21:15:00
f5684d68,HDFC,insufficient_funds,Mastercard,999,2026-08-15T21:17:00
4d06de7f,ICICI,hard_decline,Visa,2999,2026-08-15T21:18:00
530d192b,ICICI,insufficient_funds,Visa,999,2026-08-15T21:19:00
cc3a58e7,ICICI,timeout,Mastercard,499,2026-08-15T21:22:00
30f4132b,ICICI,insufficient_funds,RuPay,4999,2026-08-15T21:26:00
c2ed8697,Axis,insufficient_funds,Visa,199,2026-08-15T21:28:00
2230e169,SBI,timeout,Visa,499,2026-08-15T21:45:00
f6d10b8a,ICICI,timeout,UPI_AUTOPAY,499,2026-08-15T21:46:00
c072f446,SBI,timeout,Visa,499,2026-08-15T21:48:00
f5a5396a,SBI,timeout,RuPay,199,2026-08-15T21:51:00
e27a5418,Kotak,insufficient_funds,RuPay,2999,2026-08-15T21:54:00
7ffaeca4,Kotak,timeout,RuPay,1499,2026-08-15T21:55:00
7e5505b4,Axis,issuer_unavailable,Mastercard,1499,2026-08-15T21:55:00
e0115cf2,ICICI,hard_decline,Visa,999,2026-08-15T21:57:00
93df2d4a,Axis,timeout,RuPay,999,2026-08-15T21:58:00
a4691c91,HDFC,timeout,Visa,499,2026-08-15T22:04:00
4b8316f7,HDFC,issuer_unavailable,Mastercard,299,2026-08-15T22:14:00
08e43ad9,HDFC,issuer_unavailable,UPI_AUTOPAY,199,2026-08-15T22:16:00
49a82040,HDFC,hard_decline,UPI_AUTOPAY,299,2026-08-15T22:18:00
b0f891b5,Kotak,insufficient_funds,Mastercard,999,2026-08-15T22:22:00
38366096,SBI,issuer_unavailable,Visa,4999,2026-08-15T22:23:00
c4e9012c,SBI,hard_decline,UPI_AUTOPAY,299,2026-08-15T22:29:00
e5ffb2da,Kotak,hard_decline,Visa,4999,2026-08-15T22:32:00
64faf350,ICICI,issuer_unavailable,RuPay,999,2026-08-15T22:36:00
fc1eebc1,HDFC,hard_decline,RuPay,999,2026-08-15T22:39:00
3023055a,HDFC,issuer_unavailable,RuPay,1499,2026-08-15T22:45:00
f4dbe75a,Kotak,issuer_unavailable,Visa,299,2026-08-15T22:50:00
59fda7b2,HDFC,insufficient_funds,UPI_AUTOPAY,499,2026-08-15T22:51:00
604cf455,HDFC,issuer_unavailable,UPI_AUTOPAY,2999,2026-08-15T22:53:00
c78ed2ee,ICICI,insufficient_funds,RuPay,1499,2026-08-15T22:54:00
1625d28a,SBI,timeout,RuPay,199,2026-08-15T22:54:00
824bf99e,Kotak,timeout,UPI_AUTOPAY,999,2026-08-15T23:01:00
36f4343c,Kotak,issuer_unavailable,RuPay,299,2026-08-15T23:02:00
338c36cd,HDFC,insufficient_funds,UPI_AUTOPAY,1499,2026-08-15T23:06:00
586fdc0b,SBI,issuer_unavailable,RuPay,2999,2026-08-15T23:07:00
687c1b9f,Axis,timeout,UPI_AUTOPAY,299,2026-08-15T23:09:00
19d25dd8,HDFC,insufficient_funds,Visa,4999,2026-08-15T23:10:00
527ea347,HDFC,hard_decline,UPI_AUTOPAY,999,2026-08-15T23:14:00
16d5293f,HDFC,issuer_unavailable,Visa,4999,2026-08-15T23:17:00
fe3fdd8c,HDFC,issuer_unavailable,UPI_AUTOPAY,199,2026-08-15T23:19:00
99a26fa7,Axis,timeout,Visa,1499,2026-08-15T23:20:00
a60a0a57,Kotak,insufficient_funds,RuPay,199,2026-08-15T23:22:00
51c872f0,HDFC,insufficient_funds,UPI_AUTOPAY,499,2026-08-15T23:26:00
a2c0224f,Kotak,insufficient_funds,UPI_AUTOPAY,299,2026-08-15T23:26:00
2712b97e,ICICI,timeout,Visa,2999,2026-08-15T23:27:00
2bac2372,SBI,timeout,UPI_AUTOPAY,299,2026-08-15T23:28:00
9c14dff3,SBI,issuer_unavailable,RuPay,1499,2026-08-15T23:30:00
71ce8b7f,HDFC,insufficient_funds,UPI_AUTOPAY,199,2026-08-15T23:34:00
98669393,Kotak,issuer_unavailable,UPI_AUTOPAY,199,2026-08-15T23:44:00
ec17be7d,Axis,hard_decline,UPI_AUTOPAY,299,2026-08-15T23:45:00
096cf529,SBI,insufficient_funds,Visa,199,2026-08-15T23:45:00
1369e8bd,ICICI,issuer_unavailable,Visa,999,2026-08-15T23:47:00
fe461f38,SBI,issuer_unavailable,UPI_AUTOPAY,4999,2026-08-15T23:49:00
ece7c94a,Axis,insufficient_funds,Mastercard,1499,2026-08-15T23:49:00
4f9a9c8f,Axis,insufficient_funds,RuPay,499,2026-08-15T23:54:00
85b0b7ba,SBI,hard_decline,Visa,1499,2026-08-15T23:54:00
ff38d5bd,ICICI,issuer_unavailable,RuPay,4999,2026-08-15T23:54:00
d7558589,ICICI,issuer_unavailable,UPI_AUTOPAY,2999,2026-08-15T23:55:00
2e79dedd,HDFC,issuer_unavailable,Visa,2999,2026-08-15T23:56:00
e22e6eaf,Kotak,insufficient_funds,UPI_AUTOPAY,499,2026-08-16T00:00:00
5adef171,SBI,insufficient_funds,RuPay,199,2026-08-16T00:03:00
22b8a79d,SBI,hard_decline,UPI_AUTOPAY,2999,2026-08-16T00:04:00
06ee9c29,SBI,timeout,UPI_AUTOPAY,199,2026-08-16T00:10:00
50dbbd0a,HDFC,insufficient_funds,RuPay,999,2026-08-16T00:20:00
16816512,Kotak,issuer_unavailable,RuPay,999,2026-08-16T00:25:00
397c644e,Kotak,timeout,UPI_AUTOPAY,1499,2026-08-16T00:26:00
a08ac7c6,Kotak,timeout,RuPay,999,2026-08-16T00:27:00
b0900c7c,ICICI,timeout,Visa,2999,2026-08-16T00:28:00
3c989475,Axis,insufficient_funds,Mastercard,999,2026-08-16T00:31:00
6e06822f,Kotak,insufficient_funds,Visa,4999,2026-08-16T00:37:00
ed34ae1e,HDFC,hard_decline,Visa,499,2026-08-16T00:37:00
11f28463,ICICI,insufficient_funds,UPI_AUTOPAY,999,2026-08-16T00:38:00
7c1b784f,HDFC,timeout,RuPay,499,2026-08-16T00:41:00
4a8f68bf,Axis,insufficient_funds,Visa,1499,2026-08-16T00:43:00
acc9d467,Kotak,timeout,Visa,499,2026-08-16T00:53:00
8b35887a,SBI,timeout,RuPay,999,2026-08-16T00:56:00
e8a030d0,Kotak,insufficient_funds,Visa,1499,2026-08-16T00:57:00
6f538a9c,ICICI,timeout,UPI_AUTOPAY,2999,2026-08-16T01:02:00
1bcd9304,Kotak,timeout,UPI_AUTOPAY,999,2026-08-16T01:02:00
edaaa645,SBI,timeout,UPI_AUTOPAY,999,2026-08-16T01:08:00
77bf834f,ICICI,timeout,Visa,1499,2026-08-16T01:09:00
d76bc0e9,Axis,timeout,RuPay,4999,2026-08-16T01:10:00
8adacadf,Axis,timeout,Visa,1499,2026-08-16T01:11:00
f6021534,Kotak,timeout,UPI_AUTOPAY,2999,2026-08-16T01:14:00
0a6e92f0,HDFC,hard_decline,UPI_AUTOPAY,2999,2026-08-16T01:15:00
1b714d03,Kotak,timeout,UPI_AUTOPAY,299,2026-08-16T01:19:00
0b92c5b1,ICICI,issuer_unavailable,Visa,499,2026-08-16T01:21:00
04e206d9,Kotak,timeout,UPI_AUTOPAY,299,2026-08-16T01:22:00
4e7c3a24,Axis,timeout,RuPay,2999,2026-08-16T01:23:00
9b811c35,SBI,timeout,RuPay,499,2026-08-16T01:24:00
0e56cff3,SBI,timeout,Visa,999,2026-08-16T01:28:00
9e70de40,ICICI,hard_decline,UPI_AUTOPAY,499,2026-08-16T01:30:00
02ff011c,ICICI,timeout,UPI_AUTOPAY,2999,2026-08-16T01:31:00
5ce67414,Kotak,insufficient_funds,UPI_AUTOPAY,199,2026-08-16T01:34:00
2bfd661d,SBI,timeout,Visa,2999,2026-08-16T01:35:00
7bfd23d5,SBI,insufficient_funds,UPI_AUTOPAY,199,2026-08-16T01:38:00
f9199231,Kotak,insufficient_funds,UPI_AUTOPAY,1499,2026-08-16T01:39:00
46929ad2,Kotak,issuer_unavailable,UPI_AUTOPAY,199,2026-08-16T01:42:00
d8610306,SBI,issuer_unavailable,Visa,2999,2026-08-16T01:44:00
b593480b,Axis,insufficient_funds,Mastercard,2999,2026-08-16T01:44:00
ee37471e,Axis,hard_decline,UPI_AUTOPAY,999,2026-08-16T01:44:00
d58cfe8f,Kotak,timeout,Visa,499,2026-08-16T01:48:00
ed3e26e8,Kotak,hard_decline,RuPay,999,2026-08-16T01:49:00
bfb04f65,Kotak,insufficient_funds,Visa,499,2026-08-16T02:07:00
03c2ecb2,HDFC,timeout,Visa,199,2026-08-16T02:08:00
4b16aa2a,Kotak,timeout,Mastercard,1499,2026-08-16T02:24:00
ad782437,SBI,insufficient_funds,UPI_AUTOPAY,499,2026-08-16T02:28:00
4b5fc5ed,Kotak,insufficient_funds,UPI_AUTOPAY,499,2026-08-16T02:28:00
69b70a35,ICICI,timeout,RuPay,299,2026-08-16T02:30:00
8499dccc,Kotak,issuer_unavailable,UPI_AUTOPAY,299,2026-08-16T02:33:00
b91ec2c1,Axis,issuer_unavailable,Visa,1499,2026-08-16T02:35:00
9607d7d6,HDFC,timeout,UPI_AUTOPAY,2999,2026-08-16T02:37:00
7797f799,SBI,issuer_unavailable,Visa,199,2026-08-16T02:42:00
bfefe9f9,Axis,hard_decline,UPI_AUTOPAY,4999,2026-08-16T02:45:00
a6c0b96c,Axis,hard_decline,RuPay,4999,2026-08-16T02:50:00
0a5f2584,Kotak,insufficient_funds,RuPay,299,2026-08-16T02:54:00
762a5c30,Axis,issuer_unavailable,RuPay,499,2026-08-16T02:54:00
5732b1d1,SBI,timeout,Visa,1499,2026-08-16T03:03:00
540b6e53,Kotak,hard_decline,RuPay,999,2026-08-16T03:18:00
94eced1e,Axis,issuer_unavailable,RuPay,999,2026-08-16T03:21:00
721bcb4a,HDFC,issuer_unavailable,UPI_AUTOPAY,2999,2026-08-16T03:22:00
7e04a83d,HDFC,issuer_unavailable,UPI_AUTOPAY,4999,2026-08-16T03:25:00
2f6e9e05,Kotak,hard_decline,Mastercard,199,2026-08-16T03:27:00
aa5ce43d,HDFC,hard_decline,UPI_AUTOPAY,999,2026-08-16T03:30:00
67f29d56,Kotak,timeout,UPI_AUTOPAY,499,2026-08-16T03:44:00
02688d82,Axis,insufficient_funds,RuPay,999,2026-08-16T03:46:00
27a85c52,SBI,issuer_unavailable,UPI_AUTOPAY,2999,2026-08-16T03:55:00
3a4b8f76,SBI,hard_decline,UPI_AUTOPAY,499,2026-08-16T03:55:00
48abb635,Axis,timeout,Visa,299,2026-08-16T03:59:00
6d8458ed,ICICI,insufficient_funds,Visa,199,2026-08-16T03:59:00
cd9631de,ICICI,hard_decline,UPI_AUTOPAY,2999,2026-08-16T04:02:00
72c492d0,Kotak,timeout,Visa,999,2026-08-16T04:02:00
ede36882,Kotak,timeout,Mastercard,299,2026-08-16T04:03:00
e73b9e6f,HDFC,insufficient_funds,UPI_AUTOPAY,999,2026-08-16T04:04:00
151d69cf,SBI,timeout,UPI_AUTOPAY,199,2026-08-16T04:05:00
cfb1d538,Axis,hard_decline,Mastercard,299,2026-08-16T04:13:00
b3646831,SBI,timeout,UPI_AUTOPAY,199,2026-08-16T04:14:00
a84002d3,HDFC,issuer_unavailable,UPI_AUTOPAY,199,2026-08-16T04:15:00
942bdb35,SBI,insufficient_funds,Visa,999,2026-08-16T04:19:00
e0d468f4,SBI,issuer_unavailable,UPI_AUTOPAY,299,2026-08-16T04:21:00
f9bed146,Axis,insufficient_funds,Mastercard,499,2026-08-16T04:27:00
4f9c2dcb,SBI,timeout,UPI_AUTOPAY,999,2026-08-16T04:28:00
a34153a8,Axis,issuer_unavailable,UPI_AUTOPAY,2999,2026-08-16T04:28:00
d2b584ca,SBI,timeout,RuPay,2999,2026-08-16T04:30:00
f0fe9293,SBI,issuer_unavailable,Visa,999,2026-08-16T04:38:00
63c78546,Axis,insufficient_funds,Visa,2999,2026-08-16T04:40:00
72af885c,Axis,timeout,UPI_AUTOPAY,2999,2026-08-16T04:42:00
ff8a2de1,Axis,timeout,Visa,499,2026-08-16T04:46:00
9eac4512,ICICI,hard_decline,UPI_AUTOPAY,2999,2026-08-16T04:47:00
2c33c123,HDFC,issuer_unavailable,UPI_AUTOPAY,1499,2026-08-16T04:48:00
e129c4d4,SBI,hard_decline,RuPay,199,2026-08-16T04:49:00
8c48e5b6,SBI,hard_decline,RuPay,999,2026-08-16T04:53:00
b7e41513,SBI,timeout,RuPay,499,2026-08-16T04:55:00
b5d54c07,ICICI,issuer_unavailable,UPI_AUTOPAY,999,2026-08-16T04:55:00
6cab1e9a,Axis,timeout,Visa,4999,2026-08-16T04:59:00
71ea283e,ICICI,timeout,UPI_AUTOPAY,1499,2026-08-16T05:03:00
2dea3a3c,ICICI,timeout,UPI_AUTOPAY,499,2026-08-16T05:03:00
4df63132,Kotak,hard_decline,UPI_AUTOPAY,999,2026-08-16T05:05:00
60bc6321,ICICI,insufficient_funds,Mastercard,199,2026-08-16T05:14:00
fc07d242,Kotak,timeout,RuPay,299,2026-08-16T05:20:00
f2e64180,Axis,insufficient_funds,UPI_AUTOPAY,999,2026-08-16T05:27:00
0945cc1d,HDFC,insufficient_funds,UPI_AUTOPAY,999,2026-08-16T05:27:00
06b73e81,HDFC,timeout,UPI_AUTOPAY,2999,2026-08-16T05:30:00
2d8a17f7,Kotak,insufficient_funds,Visa,199,2026-08-16T05:32:00
fd891d07,ICICI,insufficient_funds,UPI_AUTOPAY,2999,2026-08-16T05:34:00
2e9f4515,SBI,insufficient_funds,UPI_AUTOPAY,1499,2026-08-16T05:48:00
e107ae50,ICICI,insufficient_funds,UPI_AUTOPAY,499,2026-08-16T05:48:00
81845761,Kotak,insufficient_funds,UPI_AUTOPAY,999,2026-08-16T05:48:00
bfd1d853,SBI,timeout,RuPay,999,2026-08-16T05:53:00
0b2ab5b5,Kotak,hard_decline,Visa,2999,2026-08-16T05:53:00
f4f615b7,Kotak,hard_decline,Visa,999,2026-08-16T05:58:00
751fe470,ICICI,insufficient_funds,RuPay,499,2026-08-16T05:59:00
f4518384,ICICI,timeout,UPI_AUTOPAY,1499,2026-08-16T06:03:00
fe1c6a8e,Kotak,timeout,Visa,999,2026-08-16T06:04:00
024cdea2,HDFC,issuer_unavailable,UPI_AUTOPAY,4999,2026-08-16T06:07:00
f758aef7,HDFC,insufficient_funds,UPI_AUTOPAY,999,2026-08-16T06:10:00
c4340a7b,HDFC,insufficient_funds,UPI_AUTOPAY,199,2026-08-16T06:16:00
109761d3,Kotak,timeout,RuPay,4999,2026-08-16T06:20:00
77e36144,Kotak,insufficient_funds,UPI_AUTOPAY,4999,2026-08-16T06:22:00
f469691e,ICICI,issuer_unavailable,RuPay,299,2026-08-16T06:23:00
95a99729,Kotak,hard_decline,Visa,499,2026-08-16T06:30:00
536087e9,Kotak,timeout,RuPay,2999,2026-08-16T06:36:00
d20ee3f0,ICICI,issuer_unavailable,Mastercard,499,2026-08-16T06:37:00
1a2481ba,Kotak,insufficient_funds,Visa,999,2026-08-16T06:39:00
77fe3657,HDFC,insufficient_funds,RuPay,299,2026-08-16T06:42:00
d6014c35,Kotak,insufficient_funds,Visa,1499,2026-08-16T06:44:00
7c23aa52,ICICI,timeout,Visa,499,2026-08-16T06:46:00
4b5ba838,SBI,timeout,UPI_AUTOPAY,1499,2026-08-16T06:49:00
9d8c00f2,SBI,hard_decline,Mastercard,199,2026-08-16T06:49:00
790d36a2,HDFC,hard_decline,UPI_AUTOPAY,4999,2026-08-16T06:49:00
08161798,ICICI,timeout,UPI_AUTOPAY,999,2026-08-16T06:53:00
d45c0477,Kotak,hard_decline,UPI_AUTOPAY,4999,2026-08-16T06:56:00
7522080f,ICICI,timeout,RuPay,4999,2026-08-16T06:57:00
7e24e435,ICICI,insufficient_funds,UPI_AUTOPAY,499,2026-08-16T06:58:00
76569636,HDFC,insufficient_funds,Mastercard,2999,2026-08-16T07:06:00
68a0e465,SBI,issuer_unavailable,RuPay,199,2026-08-16T07:08:00
8c00d198,ICICI,insufficient_funds,UPI_AUTOPAY,2999,2026-08-16T07:12:00
87dc6ab6,Kotak,timeout,Visa,499,2026-08-16T07:13:00
3dc58331,Axis,hard_decline,Mastercard,299,2026-08-16T07:23:00
d8ace685,Kotak,issuer_unavailable,UPI_AUTOPAY,999,2026-08-16T07:24:00
3896c891,Axis,insufficient_funds,UPI_AUTOPAY,199,2026-08-16T07:25:00
907b3a96,Axis,timeout,RuPay,499,2026-08-16T07:33:00
abd79b04,HDFC,timeout,UPI_AUTOPAY,1499,2026-08-16T07:35:00
3180b1cb,Axis,timeout,UPI_AUTOPAY,199,2026-08-16T07:35:00
3ca216dd,Kotak,insufficient_funds,UPI_AUTOPAY,4999,2026-08-16T07:41:00
2ccf0c19,Axis,hard_decline,UPI_AUTOPAY,999,2026-08-16T07:41:00
f087cd3b,Axis,timeout,Mastercard,2999,2026-08-16T07:46:00
2aa6b558,Axis,insufficient_funds,Mastercard,199,2026-08-16T07:50:00
d898829f,Kotak,hard_decline,Visa,2999,2026-08-16T07:55:00
b9309c46,Kotak,insufficient_funds,RuPay,999,2026-08-16T07:57:00
73a4697d,HDFC,issuer_unavailable,RuPay,1499,2026-08-16T07:58:00
a86cfb11,Kotak,hard_decline,UPI_AUTOPAY,1499,2026-08-16T07:59:00
23b71b8a,Kotak,insufficient_funds,Mastercard,2999,2026-08-16T08:00:00
fb54afce,Kotak,issuer_unavailable,RuPay,1499,2026-08-16T08:15:00
0237b04c,HDFC,insufficient_funds,UPI_AUTOPAY,999,2026-08-16T08:18:00
5d09f4db,Kotak,hard_decline,RuPay,1499,2026-08-16T08:18:00
fcd6b45e,Axis,insufficient_funds,Mastercard,1499,2026-08-16T08:21:00
61529afa,Axis,insufficient_funds,Visa,4999,2026-08-16T08:22:00
2aa3e32e,Kotak,insufficient_funds,UPI_AUTOPAY,2999,2026-08-16T08:23:00
9128c8dd,Axis,insufficient_funds,Mastercard,299,2026-08-16T08:27:00
30ff9749,Kotak,issuer_unavailable,UPI_AUTOPAY,999,2026-08-16T08:32:00
f59735c2,Axis,timeout,Mastercard,1499,2026-08-16T08:32:00
b02102b2,ICICI,insufficient_funds,Visa,999,2026-08-16T08:32:00
fc66af46,HDFC,hard_decline,RuPay,1499,2026-08-16T08:34:00
bca03b88,Kotak,timeout,Mastercard,999,2026-08-16T08:36:00
7b0e6a3e,Axis,issuer_unavailable,Mastercard,2999,2026-08-16T08:38:00
8d1964ef,SBI,insufficient_funds,RuPay,299,2026-08-16T08:45:00
4d640c49,ICICI,insufficient_funds,UPI_AUTOPAY,999,2026-08-16T08:55:00
c93ca3ce,Kotak,timeout,RuPay,299,2026-08-16T08:59:00
66322754,Kotak,timeout,Visa,4999,2026-08-16T09:00:00
818db7bd,ICICI,timeout,Mastercard,199,2026-08-16T09:00:00
c4a661db,Axis,hard_decline,UPI_AUTOPAY,199,2026-08-16T09:01:00
ea34e25b,Kotak,insufficient_funds,RuPay,2999,2026-08-16T09:04:00
a69a9f44,Kotak,insufficient_funds,UPI_AUTOPAY,999,2026-08-16T09:05:00
0262e893,HDFC,timeout,UPI_AUTOPAY,299,2026-08-16T09:06:00
03b0a136,Axis,hard_decline,RuPay,2999,2026-08-16T09:06:00
ba2fd346,ICICI,issuer_unavailable,Visa,999,2026-08-16T09:07:00
6415f0a3,HDFC,insufficient_funds,Visa,299,2026-08-16T09:09:00
012a8369,ICICI,timeout,UPI_AUTOPAY,1499,2026-08-16T09:11:00
95c858b3,HDFC,hard_decline,UPI_AUTOPAY,299,2026-08-16T09:13:00
69dff6c0,ICICI,insufficient_funds,UPI_AUTOPAY,499,2026-08-16T09:14:00
25c099a0,SBI,timeout,RuPay,299,2026-08-16T09:21:00
5456ab80,Axis,timeout,Visa,499,2026-08-16T09:23:00
b58e0fc6,Axis,timeout,UPI_AUTOPAY,299,2026-08-16T09:24:00
ec40a180,ICICI,timeout,UPI_AUTOPAY,2999,2026-08-16T09:24:00
0c4187af,HDFC,issuer_unavailable,UPI_AUTOPAY,199,2026-08-16T09:26:00
f7bd2aeb,SBI,insufficient_funds,Visa,199,2026-08-16T09:27:00
eb5488eb,Kotak,hard_decline,UPI_AUTOPAY,4999,2026-08-16T09:28:00
cdd882a4,SBI,insufficient_funds,UPI_AUTOPAY,199,2026-08-16T09:32:00
7f8a9254,ICICI,timeout,RuPay,199,2026-08-16T09:37:00
324c9936,SBI,hard_decline,Visa,999,2026-08-16T09:42:00
feba0568,Axis,timeout,Mastercard,1499,2026-08-16T09:43:00
4824dbe8,Axis,timeout,RuPay,499,2026-08-16T09:46:00
7483488a,Axis,insufficient_funds,UPI_AUTOPAY,499,2026-08-16T09:47:00
583e255b,Axis,timeout,RuPay,4999,2026-08-16T09:49:00
7c36180c,Kotak,hard_decline,RuPay,299,2026-08-16T09:53:00
f1ac374f,Axis,issuer_unavailable,UPI_AUTOPAY,2999,2026-08-16T09:54:00
8095fc6d,ICICI,insufficient_funds,UPI_AUTOPAY,499,2026-08-16T09:56:00
a5175199,Axis,issuer_unavailable,UPI_AUTOPAY,4999,2026-08-16T09:56:00
c4103d21,HDFC,timeout,UPI_AUTOPAY,999,2026-08-16T10:02:00
fb89c826,Kotak,insufficient_funds,Mastercard,2999,2026-08-16T10:02:00
bbbf6be7,Kotak,hard_decline,UPI_AUTOPAY,2999,2026-08-16T10:03:00
3440bdc7,ICICI,insufficient_funds,Visa,199,2026-08-16T10:08:00
9b34a720,ICICI,insufficient_funds,Mastercard,499,2026-08-16T10:10:00
b4ca6100,SBI,hard_decline,UPI_AUTOPAY,499,2026-08-16T10:12:00
27b9ea75,Kotak,timeout,RuPay,2999,2026-08-16T10:19:00
0a43fa61,SBI,timeout,UPI_AUTOPAY,199,2026-08-16T10:21:00
a059a12a,ICICI,timeout,RuPay,999,2026-08-16T10:28:00
6d1fd341,HDFC,insufficient_funds,UPI_AUTOPAY,299,2026-08-16T10:29:00
32ec06ae,ICICI,insufficient_funds,Visa,1499,2026-08-16T10:29:00
e026bc81,Axis,timeout,RuPay,199,2026-08-16T10:33:00
75c3a8f7,ICICI,timeout,Visa,299,2026-08-16T10:34:00
06c04986,Kotak,hard_decline,UPI_AUTOPAY,299,2026-08-16T10:40:00
d2fbf2b5,Kotak,insufficient_funds,UPI_AUTOPAY,1499,2026-08-16T10:44:00
dc8d98e2,Kotak,timeout,RuPay,199,2026-08-16T10:45:00
a61d362b,ICICI,insufficient_funds,UPI_AUTOPAY,299,2026-08-16T10:46:00
f03167db,HDFC,issuer_unavailable,Visa,2999,2026-08-16T10:50:00
67cbef6f,SBI,insufficient_funds,UPI_AUTOPAY,2999,2026-08-16T10:50:00
2b140756,Axis,issuer_unavailable,Mastercard,1499,2026-08-16T10:51:00
d2f1b241,SBI,timeout,UPI_AUTOPAY,999,2026-08-16T10:51:00
cd6842d2,Axis,timeout,UPI_AUTOPAY,999,2026-08-16T10:55:00
50b9c491,Axis,hard_decline,RuPay,1499,2026-08-16T11:10:00
409c2d24,Kotak,issuer_unavailable,UPI_AUTOPAY,4999,2026-08-16T11:16:00
f1a4f91f,SBI,insufficient_funds,UPI_AUTOPAY,4999,2026-08-16T11:22:00
4f81014a,SBI,hard_decline,UPI_AUTOPAY,1499,2026-08-16T11:23:00
40bf3c88,SBI,timeout,Visa,499,2026-08-16T11:24:00
d612de3b,Kotak,hard_decline,UPI_AUTOPAY,1499,2026-08-16T11:25:00
3cdbc981,HDFC,hard_decline,UPI_AUTOPAY,2999,2026-08-16T11:27:00
0e2ad767,Axis,issuer_unavailable,UPI_AUTOPAY,499,2026-08-16T11:28:00
27fa6493,Kotak,hard_decline,RuPay,499,2026-08-16T11:34:00
29a2e314,Kotak,hard_decline,Visa,4999,2026-08-16T11:41:00
0890e10b,Kotak,hard_decline,Visa,499,2026-08-16T11:45:00
a4415a58,Kotak,hard_decline,RuPay,299,2026-08-16T11:53:00
5bee553d,Kotak,hard_decline,Visa,999,2026-08-16T11:56:00
47adfab0,HDFC,insufficient_funds,UPI_AUTOPAY,2999,2026-08-16T11:58:00
62e7906b,Kotak,timeout,UPI_AUTOPAY,299,2026-08-16T12:03:00
dbc55c52,SBI,hard_decline,RuPay,299,2026-08-16T12:05:00
e653e4bd,HDFC,timeout,UPI_AUTOPAY,1499,2026-08-16T12:11:00
2415811e,HDFC,timeout,UPI_AUTOPAY,999,2026-08-16T12:18:00
f595e8d2,Kotak,hard_decline,UPI_AUTOPAY,499,2026-08-16T12:19:00
20cf8adb,ICICI,issuer_unavailable,UPI_AUTOPAY,4999,2026-08-16T12:21:00
1ae8f6e6,HDFC,timeout,UPI_AUTOPAY,199,2026-08-16T12:21:00
773fdbc5,ICICI,hard_decline,Visa,1499,2026-08-16T12:21:00
c1b1ac9a,Axis,issuer_unavailable,UPI_AUTOPAY,299,2026-08-16T12:26:00
95471568,ICICI,hard_decline,RuPay,499,2026-08-16T12:27:00
33c72333,Kotak,insufficient_funds,UPI_AUTOPAY,999,2026-08-16T12:27:00
dfd6a308,HDFC,insufficient_funds,Mastercard,999,2026-08-16T12:32:00
ca5731d5,Axis,timeout,Mastercard,2999,2026-08-16T12:32:00
d3d1d7ab,SBI,insufficient_funds,UPI_AUTOPAY,4999,2026-08-16T12:32:00
8621f153,SBI,timeout,UPI_AUTOPAY,4999,2026-08-16T12:38:00
0f19d28a,Axis,issuer_unavailable,Mastercard,1499,2026-08-16T12:44:00
ba4e1ebd,SBI,issuer_unavailable,Mastercard,999,2026-08-16T12:50:00
b0322b12,Axis,insufficient_funds,Mastercard,299,2026-08-16T12:51:00
1a36efd9,HDFC,issuer_unavailable,Visa,199,2026-08-16T12:53:00
68b84ef8,Kotak,insufficient_funds,UPI_AUTOPAY,1499,2026-08-16T12:56:00
4bf449bd,ICICI,hard_decline,Mastercard,299,2026-08-16T12:57:00
9bd33ccd,SBI,insufficient_funds,UPI_AUTOPAY,499,2026-08-16T13:11:00
23a93a7f,HDFC,hard_decline,UPI_AUTOPAY,299,2026-08-16T13:14:00
9a2ee6dc,Kotak,timeout,RuPay,499,2026-08-16T13:14:00
63c221d7,HDFC,timeout,Visa,2999,2026-08-16T13:15:00
50a19bfd,Axis,timeout,UPI_AUTOPAY,1499,2026-08-16T13:16:00
72ac63db,ICICI,timeout,Visa,1499,2026-08-16T13:16:00
cb9709e1,Axis,insufficient_funds,RuPay,4999,2026-08-16T13:17:00
50c717d0,ICICI,insufficient_funds,UPI_AUTOPAY,199,2026-08-16T13:17:00
ea02abaa,SBI,insufficient_funds,RuPay,999,2026-08-16T13:23:00
e6acc478,SBI,issuer_unavailable,Visa,499,2026-08-16T13:27:00
5e3fc606,Axis,issuer_unavailable,UPI_AUTOPAY,299,2026-08-16T13:33:00
6b6f389c,HDFC,insufficient_funds,UPI_AUTOPAY,2999,2026-08-16T13:36:00
47d51c3f,SBI,issuer_unavailable,UPI_AUTOPAY,499,2026-08-16T13:37:00
89bfe456,ICICI,insufficient_funds,UPI_AUTOPAY,299,2026-08-16T13:40:00
bf4922ae,Axis,timeout,UPI_AUTOPAY,199,2026-08-16T13:44:00
0d85bc9b,HDFC,timeout,Mastercard,4999,2026-08-16T13:45:00
4ad1060d,Kotak,issuer_unavailable,UPI_AUTOPAY,999,2026-08-16T13:47:00
b5ed19a8,HDFC,issuer_unavailable,UPI_AUTOPAY,999,2026-08-16T13:54:00
b76a9996,SBI,issuer_unavailable,UPI_AUTOPAY,999,2026-08-16T13:54:00
6889a799,Kotak,issuer_unavailable,UPI_AUTOPAY,199,2026-08-16T13:56:00
6a765e78,Axis,insufficient_funds,UPI_AUTOPAY,2999,2026-08-16T13:57:00
f3f0b996,Kotak,issuer_unavailable,RuPay,2999,2026-08-16T13:58:00
65615c32,Kotak,insufficient_funds,UPI_AUTOPAY,999,2026-08-16T14:01:00
7336c40d,HDFC,timeout,Visa,4999,2026-08-16T14:04:00
89b5229a,ICICI,insufficient_funds,UPI_AUTOPAY,1499,2026-08-16T14:08:00
44c2d6fa,Kotak,timeout,UPI_AUTOPAY,4999,2026-08-16T14:11:00
9f26513c,Kotak,issuer_unavailable,Visa,199,2026-08-16T14:12:00
662a3d57,Kotak,timeout,Visa,299,2026-08-16T14:13:00
dd54bcea,Axis,timeout,RuPay,4999,2026-08-16T14:15:00
1399ef69,Axis,timeout,UPI_AUTOPAY,499,2026-08-16T14:16:00
bef5ec25,HDFC,hard_decline,UPI_AUTOPAY,999,2026-08-16T14:22:00
9526470e,Axis,issuer_unavailable,UPI_AUTOPAY,2999,2026-08-16T14:33:00
d83b24be,Kotak,timeout,Visa,299,2026-08-16T14:34:00
f73a543d,SBI,hard_decline,Mastercard,1499,2026-08-16T14:37:00
746209d3,ICICI,issuer_unavailable,RuPay,2999,2026-08-16T14:38:00
e52edd9c,SBI,issuer_unavailable,UPI_AUTOPAY,1499,2026-08-16T14:42:00
59fd20cf,Kotak,insufficient_funds,Mastercard,299,2026-08-16T14:45:00
ca8b9d0a,Axis,timeout,Visa,1499,2026-08-16T14:45:00
e0203144,Kotak,timeout,Visa,4999,2026-08-16T14:54:00
2b3260ef,HDFC,insufficient_funds,UPI_AUTOPAY,2999,2026-08-16T14:54:00
c3271f32,SBI,timeout,UPI_AUTOPAY,999,2026-08-16T14:58:00
88f6629a,ICICI,timeout,Visa,4999,2026-08-16T15:03:00
f19bd2f8,Kotak,insufficient_funds,RuPay,299,2026-08-16T15:05:00
a7d23f05,Kotak,timeout,Mastercard,499,2026-08-16T15:16:00
db06995d,Axis,timeout,UPI_AUTOPAY,499,2026-08-16T15:17:00
f969d297,SBI,insufficient_funds,UPI_AUTOPAY,1499,2026-08-16T15:20:00
06a546f7,Kotak,timeout,RuPay,199,2026-08-16T15:28:00
9f98eb50,ICICI,timeout,UPI_AUTOPAY,999,2026-08-16T15:31:00
7c87e17e,Kotak,insufficient_funds,UPI_AUTOPAY,999,2026-08-16T15:35:00
08677f67,Kotak,insufficient_funds,UPI_AUTOPAY,1499,2026-08-16T15:35:00
ad4552e4,ICICI,hard_decline,RuPay,2999,2026-08-16T15:42:00
c4fdfc1b,HDFC,insufficient_funds,Mastercard,4999,2026-08-16T15:47:00
5dacd29b,ICICI,issuer_unavailable,RuPay,199,2026-08-16T15:51:00
88410971,Kotak,issuer_unavailable,UPI_AUTOPAY,4999,2026-08-16T15:54:00
be0a0ab8,ICICI,insufficient_funds,UPI_AUTOPAY,2999,2026-08-16T15:55:00
c8ad1c37,HDFC,insufficient_funds,Visa,199,2026-08-16T16:00:00
6767d2da,HDFC,timeout,Mastercard,4999,2026-08-16T16:06:00
851cb956,ICICI,insufficient_funds,UPI_AUTOPAY,299,2026-08-16T16:06:00
911fba63,Axis,insufficient_funds,Visa,2999,2026-08-16T16:11:00
d4fd0e74,Kotak,insufficient_funds,UPI_AUTOPAY,199,2026-08-16T16:17:00
8c7e06e6,Kotak,issuer_unavailable,Visa,199,2026-08-16T16:18:00
0b6754e1,HDFC,timeout,Mastercard,299,2026-08-16T16:20:00
0d8f3511,HDFC,insufficient_funds,UPI_AUTOPAY,199,2026-08-16T16:23:00
4375cee9,Axis,timeout,UPI_AUTOPAY,999,2026-08-16T16:32:00
eac2a95c,Kotak,insufficient_funds,RuPay,999,2026-08-16T16:41:00
3ac55a6f,ICICI,issuer_unavailable,RuPay,499,2026-08-16T16:43:00
6e65cb7b,HDFC,timeout,Mastercard,2999,2026-08-16T16:47:00
913f5f1d,Kotak,insufficient_funds,UPI_AUTOPAY,4999,2026-08-16T16:47:00
9fc765c3,HDFC,issuer_unavailable,Mastercard,999,2026-08-16T16:49:00
f8029abb,Axis,insufficient_funds,RuPay,999,2026-08-16T16:50:00
731c0219,Axis,timeout,UPI_AUTOPAY,499,2026-08-16T16:52:00
2fa8dd7b,Kotak,issuer_unavailable,UPI_AUTOPAY,1499,2026-08-16T16:54:00
439c1f98,HDFC,insufficient_funds,UPI_AUTOPAY,299,2026-08-16T16:59:00
6864273b,Kotak,hard_decline,RuPay,299,2026-08-16T17:00:00
b0e87f85,Kotak,insufficient_funds,Visa,199,2026-08-16T17:09:00
a9667308,Kotak,insufficient_funds,UPI_AUTOPAY,499,2026-08-16T17:11:00
0b4446fb,Axis,insufficient_funds,Mastercard,4999,2026-08-16T17:17:00
0b0391e0,HDFC,issuer_unavailable,Visa,1499,2026-08-16T17:18:00
d371746e,Kotak,insufficient_funds,Mastercard,1499,2026-08-16T17:20:00
1754600b,Kotak,timeout,UPI_AUTOPAY,299,2026-08-16T17:22:00
1987ba79,Kotak,timeout,UPI_AUTOPAY,299,2026-08-16T17:22:00
a0cb51e0,SBI,issuer_unavailable,UPI_AUTOPAY,2999,2026-08-16T17:27:00
fe8f12d9,Axis,timeout,Visa,499,2026-08-16T17:38:00
ca556537,Kotak,insufficient_funds,RuPay,4999,2026-08-16T17:42:00
a30d9d3a,Kotak,timeout,UPI_AUTOPAY,199,2026-08-16T17:44:00
fd3dd93d,SBI,timeout,UPI_AUTOPAY,999,2026-08-16T17:44:00
8fdc8510,ICICI,insufficient_funds,Mastercard,299,2026-08-16T17:45:00
92a0de24,HDFC,timeout,RuPay,199,2026-08-16T17:51:00
f367247e,Kotak,issuer_unavailable,UPI_AUTOPAY,999,2026-08-16T17:54:00
13af4ce1,Kotak,issuer_unavailable,RuPay,999,2026-08-16T17:58:00
c1c47a1e,HDFC,insufficient_funds,UPI_AUTOPAY,2999,2026-08-16T17:58:00
bec2da37,ICICI,timeout,Visa,999,2026-08-16T18:01:00
2b951bf2,Kotak,timeout,Visa,299,2026-08-16T18:01:00
ceb1e3c4,SBI,issuer_unavailable,Visa,2999,2026-08-16T18:05:00
3d0edfcf,SBI,timeout,Mastercard,1499,2026-08-16T18:10:00
32216680,Kotak,insufficient_funds,RuPay,2999,2026-08-16T18:13:00
9f32976c,Kotak,issuer_unavailable,RuPay,2999,2026-08-16T18:16:00
7c74d328,Kotak,insufficient_funds,RuPay,199,2026-08-16T18:17:00
d5e58248,Axis,timeout,UPI_AUTOPAY,4999,2026-08-16T18:23:00
d97bf7f0,Axis,timeout,RuPay,999,2026-08-16T18:25:00
f30558ea,ICICI,insufficient_funds,Mastercard,1499,2026-08-16T18:27:00
e0692184,ICICI,timeout,Mastercard,2999,2026-08-16T18:33:00
a5b42629,Kotak,timeout,RuPay,999,2026-08-16T18:43:00
1256f33f,SBI,timeout,RuPay,999,2026-08-16T18:46:00
4034d560,HDFC,timeout,UPI_AUTOPAY,199,2026-08-16T18:48:00
363a9cc6,SBI,timeout,RuPay,1499,2026-08-16T18:48:00
86fbc9c1,SBI,insufficient_funds,Mastercard,2999,2026-08-16T18:49:00
a1492b82,Kotak,insufficient_funds,Mastercard,299,2026-08-16T18:49:00
1924447b,Axis,timeout,Visa,199,2026-08-16T18:56:00
8611a5cb,HDFC,timeout,Mastercard,499,2026-08-16T19:01:00
3556734c,HDFC,hard_decline,RuPay,499,2026-08-16T19:03:00
e99e122a,Axis,timeout,RuPay,299,2026-08-16T19:06:00
62ba030b,HDFC,issuer_unavailable,RuPay,2999,2026-08-16T19:15:00
c6157ae6,SBI,issuer_unavailable,Mastercard,299,2026-08-16T19:17:00
a42aea57,HDFC,issuer_unavailable,Visa,999,2026-08-16T19:20:00
485dcca9,Kotak,timeout,UPI_AUTOPAY,499,2026-08-16T19:23:00
855810cf,Axis,timeout,Visa,499,2026-08-16T19:23:00
0ea66f7f,Axis,timeout,Visa,2999,2026-08-16T19:30:00
fcd01f48,HDFC,insufficient_funds,UPI_AUTOPAY,4999,2026-08-16T19:33:00
fd3d1e3e,HDFC,hard_decline,Visa,1499,2026-08-16T19:34:00
c3e73f41,Axis,insufficient_funds,RuPay,1499,2026-08-16T19:38:00
862729e4,ICICI,timeout,UPI_AUTOPAY,999,2026-08-16T19:41:00
b106752e,Axis,hard_decline,UPI_AUTOPAY,499,2026-08-16T19:42:00
4b62ee12,Kotak,timeout,UPI_AUTOPAY,999,2026-08-16T19:44:00
be10139e,ICICI,insufficient_funds,UPI_AUTOPAY,999,2026-08-16T19:46:00
0a3fa688,Axis,timeout,Mastercard,499,2026-08-16T19:51:00
09987d2f,SBI,timeout,UPI_AUTOPAY,4999,2026-08-16T19:56:00
3f917080,Kotak,insufficient_funds,RuPay,499,2026-08-16T19:56:00
6ab4f5d0,SBI,timeout,Visa,999,2026-08-16T20:00:00
804dc6c9,SBI,timeout,Visa,999,2026-08-16T20:03:00
8af5857d,SBI,issuer_unavailable,UPI_AUTOPAY,1499,2026-08-16T20:09:00
ae55edbe,Axis,issuer_unavailable,RuPay,199,2026-08-16T20:11:00
2e89ee2c,HDFC,hard_decline,UPI_AUTOPAY,299,2026-08-16T20:20:00
028d5a61,ICICI,insufficient_funds,UPI_AUTOPAY,2999,2026-08-16T20:20:00
3c881281,Kotak,timeout,UPI_AUTOPAY,499,2026-08-16T20:24:00
93b49950,Kotak,timeout,Visa,999,2026-08-16T20:35:00
a87c3134,Axis,issuer_unavailable,RuPay,4999,2026-08-16T20:35:00
10bbd5e4,SBI,insufficient_funds,UPI_AUTOPAY,1499,2026-08-16T20:37:00
42170c4b,ICICI,timeout,UPI_AUTOPAY,4999,2026-08-16T20:38:00
8984377a,Axis,timeout,UPI_AUTOPAY,499,2026-08-16T20:38:00
c604960b,ICICI,insufficient_funds,UPI_AUTOPAY,2999,2026-08-16T20:39:00
7a41d25c,HDFC,timeout,UPI_AUTOPAY,499,2026-08-16T20:40:00
21bfabc9,Kotak,insufficient_funds,UPI_AUTOPAY,499,2026-08-16T20:42:00
201fc533,ICICI,hard_decline,UPI_AUTOPAY,299,2026-08-16T20:46:00
aa083dd8,Kotak,insufficient_funds,UPI_AUTOPAY,299,2026-08-16T20:51:00
5202ec8f,Kotak,insufficient_funds,Mastercard,1499,2026-08-16T20:52:00
d03da5b7,Kotak,insufficient_funds,RuPay,199,2026-08-16T21:00:00
e6a63906,Axis,timeout,UPI_AUTOPAY,999,2026-08-16T21:03:00
66f0c123,HDFC,timeout,UPI_AUTOPAY,199,2026-08-16T21:06:00
ca28e90a,SBI,timeout,UPI_AUTOPAY,999,2026-08-16T21:17:00
2bd57e80,SBI,timeout,UPI_AUTOPAY,999,2026-08-16T21:27:00
57e62e6b,ICICI,hard_decline,Mastercard,999,2026-08-16T21:32:00
3bc75238,SBI,timeout,Mastercard,4999,2026-08-16T21:42:00
666b0726,Kotak,issuer_unavailable,Visa,299,2026-08-16T21:43:00
2abaf8ab,ICICI,timeout,RuPay,999,2026-08-16T21:52:00
06c917f3,Axis,insufficient_funds,UPI_AUTOPAY,1499,2026-08-16T21:56:00
bd27d111,Axis,issuer_unavailable,UPI_AUTOPAY,4999,2026-08-16T22:00:00
364f41cd,Axis,issuer_unavailable,UPI_AUTOPAY,2999,2026-08-16T22:03:00
50a705c1,Kotak,issuer_unavailable,UPI_AUTOPAY,199,2026-08-16T22:03:00
f39e8854,SBI,issuer_unavailable,UPI_AUTOPAY,1499,2026-08-16T22:06:00
68293bfd,Kotak,issuer_unavailable,RuPay,2999,2026-08-16T22:08:00
803894bc,SBI,timeout,UPI_AUTOPAY,999,2026-08-16T22:13:00
45c8c7c4,ICICI,issuer_unavailable,RuPay,2999,2026-08-16T22:17:00
35018c42,SBI,insufficient_funds,Mastercard,2999,2026-08-16T22:20:00
c7e0120c,Kotak,insufficient_funds,UPI_AUTOPAY,199,2026-08-16T22:26:00
77dd8564,Axis,timeout,UPI_AUTOPAY,199,2026-08-16T22:27:00
b283977f,Kotak,timeout,UPI_AUTOPAY,299,2026-08-16T22:30:00
4e40f32d,SBI,timeout,UPI_AUTOPAY,299,2026-08-16T22:31:00
00e76b12,Kotak,issuer_unavailable,UPI_AUTOPAY,299,2026-08-16T22:33:00
2d81a426,SBI,timeout,Visa,4999,2026-08-16T22:41:00
321f9c44,HDFC,hard_decline,Mastercard,2999,2026-08-16T22:42:00
d7fe96bd,HDFC,timeout,Mastercard,1499,2026-08-16T22:45:00
c7ff8dd3,SBI,timeout,RuPay,4999,2026-08-16T22:47:00
e27baab0,HDFC,timeout,Visa,299,2026-08-16T22:47:00
56f43f8e,SBI,insufficient_funds,Visa,299,2026-08-16T22:56:00
8433ab9c,Axis,hard_decline,UPI_AUTOPAY,499,2026-08-16T22:57:00
48879954,Kotak,issuer_unavailable,RuPay,2999,2026-08-16T23:01:00
ab1ca176,Kotak,issuer_unavailable,UPI_AUTOPAY,4999,2026-08-16T23:07:00
4befef45,HDFC,hard_decline,UPI_AUTOPAY,4999,2026-08-16T23:10:00
beff85b4,SBI,insufficient_funds,Visa,1499,2026-08-16T23:11:00
1ca97b73,SBI,timeout,Visa,999,2026-08-16T23:14:00
246ab30e,SBI,insufficient_funds,Visa,499,2026-08-16T23:14:00
e5f9cdae,SBI,insufficient_funds,RuPay,499,2026-08-16T23:15:00
2a816112,Axis,timeout,Visa,299,2026-08-16T23:17:00
c760aab8,HDFC,timeout,UPI_AUTOPAY,2999,2026-08-16T23:17:00
efcf5740,HDFC,timeout,UPI_AUTOPAY,199,2026-08-16T23:22:00
aab8d128,ICICI,timeout,Mastercard,999,2026-08-16T23:23:00
5acc4550,HDFC,issuer_unavailable,Mastercard,2999,2026-08-16T23:24:00
51843ec5,HDFC,issuer_unavailable,UPI_AUTOPAY,199,2026-08-16T23:26:00
d6b5aee7,SBI,timeout,Visa,2999,2026-08-16T23:27:00
ba776014,SBI,hard_decline,UPI_AUTOPAY,199,2026-08-16T23:28:00
2b8e9401,Kotak,issuer_unavailable,Mastercard,199,2026-08-16T23:33:00
ed580052,SBI,issuer_unavailable,RuPay,299,2026-08-16T23:34:00
7aeaa31b,HDFC,insufficient_funds,RuPay,499,2026-08-16T23:38:00
e474ce78,ICICI,insufficient_funds,RuPay,1499,2026-08-16T23:39:00
beb33ea7,ICICI,hard_decline,UPI_AUTOPAY,4999,2026-08-16T23:40:00
0edd748c,Axis,insufficient_funds,Mastercard,2999,2026-08-16T23:40:00
5b73825a,Axis,insufficient_funds,UPI_AUTOPAY,1499,2026-08-16T23:51:00
0a4e0ae6,Kotak,hard_decline,UPI_AUTOPAY,4999,2026-08-16T23:51:00
ec738c16,ICICI,issuer_unavailable,UPI_AUTOPAY,999,2026-08-16T23:54:00
871577e7,SBI,timeout,RuPay,499,2026-08-16T23:58:00
7f3370ed,HDFC,issuer_unavailable,UPI_AUTOPAY,999,2026-08-17T00:01:00
29f1067d,ICICI,timeout,UPI_AUTOPAY,2999,2026-08-17T00:02:00
59a3ff44,HDFC,issuer_unavailable,UPI_AUTOPAY,499,2026-08-17T00:05:00
80b0bc4e,ICICI,timeout,UPI_AUTOPAY,199,2026-08-17T00:09:00
f99ba7de,Axis,issuer_unavailable,RuPay,499,2026-08-17T00:11:00
ff4f986f,SBI,insufficient_funds,Mastercard,999,2026-08-17T00:12:00
7a4b3697,Axis,timeout,UPI_AUTOPAY,199,2026-08-17T00:12:00
d2db7366,Kotak,timeout,UPI_AUTOPAY,199,2026-08-17T00:13:00
fc2fa3c7,Axis,issuer_unavailable,RuPay,4999,2026-08-17T00:16:00
7fe13291,SBI,issuer_unavailable,UPI_AUTOPAY,2999,2026-08-17T00:16:00
0a412664,SBI,issuer_unavailable,Visa,999,2026-08-17T00:20:00
227f9787,Kotak,insufficient_funds,RuPay,299,2026-08-17T00:23:00
50cb6cd5,ICICI,timeout,UPI_AUTOPAY,999,2026-08-17T00:23:00
8995e3b8,Axis,timeout,Visa,199,2026-08-17T00:29:00
a7a65c1a,Axis,insufficient_funds,UPI_AUTOPAY,2999,2026-08-17T00:32:00
7a894b23,Axis,timeout,UPI_AUTOPAY,999,2026-08-17T00:37:00
53636356,Kotak,timeout,UPI_AUTOPAY,4999,2026-08-17T00:44:00
5193ebe3,HDFC,timeout,Mastercard,299,2026-08-17T00:45:00
6d8c32e0,Axis,insufficient_funds,Visa,199,2026-08-17T00:47:00
b0a042de,Axis,insufficient_funds,Visa,1499,2026-08-17T00:48:00
c7377f90,SBI,insufficient_funds,UPI_AUTOPAY,2999,2026-08-17T00:49:00
c3e71e2d,SBI,timeout,RuPay,299,2026-08-17T00:51:00
f9652997,ICICI,issuer_unavailable,RuPay,199,2026-08-17T00:52:00
5df3396e,SBI,insufficient_funds,UPI_AUTOPAY,2999,2026-08-17T01:00:00
f7b91879,HDFC,timeout,Visa,2999,2026-08-17T01:03:00
8dc81b96,HDFC,timeout,UPI_AUTOPAY,499,2026-08-17T01:05:00
f8c90b8f,Kotak,insufficient_funds,UPI_AUTOPAY,999,2026-08-17T01:17:00
855b2fb5,HDFC,insufficient_funds,UPI_AUTOPAY,199,2026-08-17T01:18:00
739ae8d1,Kotak,timeout,Mastercard,299,2026-08-17T01:29:00
bac9cf9d,HDFC,issuer_unavailable,UPI_AUTOPAY,2999,2026-08-17T01:33:00
78e607e9,HDFC,insufficient_funds,RuPay,299,2026-08-17T01:39:00
d67c3687,HDFC,timeout,UPI_AUTOPAY,2999,2026-08-17T01:39:00
379a515a,Kotak,hard_decline,RuPay,2999,2026-08-17T01:40:00
58cdbbfc,Kotak,issuer_unavailable,UPI_AUTOPAY,4999,2026-08-17T01:41:00
1e3512e9,ICICI,hard_decline,Visa,999,2026-08-17T01:44:00
5ba1a2b0,Kotak,insufficient_funds,Visa,499,2026-08-17T01:48:00
4f3e664c,Axis,hard_decline,UPI_AUTOPAY,499,2026-08-17T01:53:00
3e7aeccc,Kotak,issuer_unavailable,RuPay,2999,2026-08-17T01:59:00
94786507,Kotak,insufficient_funds,RuPay,4999,2026-08-17T02:05:00
f06561b2,SBI,hard_decline,UPI_AUTOPAY,499,2026-08-17T02:06:00
a1808113,Axis,hard_decline,UPI_AUTOPAY,1499,2026-08-17T02:10:00
fdf88400,Axis,issuer_unavailable,RuPay,2999,2026-08-17T02:13:00
eb61090c,ICICI,timeout,UPI_AUTOPAY,299,2026-08-17T02:17:00
fc21ba8b,ICICI,insufficient_funds,UPI_AUTOPAY,1499,2026-08-17T02:18:00
ab3bf269,Axis,timeout,UPI_AUTOPAY,1499,2026-08-17T02:18:00
468c83c5,HDFC,issuer_unavailable,RuPay,2999,2026-08-17T02:22:00
add03d63,SBI,hard_decline,RuPay,499,2026-08-17T02:24:00
47d3b9ed,SBI,timeout,UPI_AUTOPAY,499,2026-08-17T02:27:00
fabc4e82,SBI,insufficient_funds,Mastercard,199,2026-08-17T02:31:00
f7199446,ICICI,timeout,RuPay,4999,2026-08-17T02:34:00
aa931917,Kotak,timeout,Mastercard,199,2026-08-17T02:38:00
be37bb54,SBI,timeout,UPI_AUTOPAY,199,2026-08-17T02:44:00
acfe591e,Axis,insufficient_funds,RuPay,499,2026-08-17T02:44:00
f022afdd,Kotak,insufficient_funds,RuPay,299,2026-08-17T02:49:00
d11e0dcd,HDFC,timeout,Visa,2999,2026-08-17T02:50:00
e9df3f5f,Kotak,hard_decline,UPI_AUTOPAY,1499,2026-08-17T02:52:00
e93d0fb1,ICICI,insufficient_funds,Mastercard,2999,2026-08-17T02:53:00
94e7467c,Kotak,issuer_unavailable,RuPay,499,2026-08-17T02:55:00
48d71dce,Axis,hard_decline,UPI_AUTOPAY,999,2026-08-17T03:02:00
710f586d,Axis,issuer_unavailable,Visa,999,2026-08-17T03:07:00
5ef740c6,ICICI,insufficient_funds,Mastercard,499,2026-08-17T03:09:00
041417cd,HDFC,timeout,Visa,199,2026-08-17T03:14:00
23d206e6,HDFC,hard_decline,RuPay,4999,2026-08-17T03:27:00
81ad2577,Axis,issuer_unavailable,UPI_AUTOPAY,499,2026-08-17T03:34:00
38763572,ICICI,timeout,RuPay,199,2026-08-17T03:34:00
0d77b8e7,ICICI,insufficient_funds,UPI_AUTOPAY,2999,2026-08-17T03:35:00
51b96c9f,Kotak,insufficient_funds,Mastercard,2999,2026-08-17T03:40:00
1b60b3df,HDFC,timeout,RuPay,499,2026-08-17T03:40:00
cd9b5217,SBI,timeout,RuPay,299,2026-08-17T03:41:00
502dd65b,Axis,insufficient_funds,RuPay,999,2026-08-17T03:42:00
7a66a7de,Axis,hard_decline,UPI_AUTOPAY,499,2026-08-17T03:42:00
c192b07e,Kotak,issuer_unavailable,RuPay,4999,2026-08-17T03:44:00
bf1438d5,Axis,timeout,UPI_AUTOPAY,2999,2026-08-17T03:51:00
0941988f,Kotak,issuer_unavailable,UPI_AUTOPAY,299,2026-08-17T03:53:00
a80be1c5,Axis,insufficient_funds,UPI_AUTOPAY,2999,2026-08-17T04:03:00
b21b3790,HDFC,issuer_unavailable,RuPay,499,2026-08-17T04:10:00
e70bd982,Axis,timeout,UPI_AUTOPAY,999,2026-08-17T04:17:00
b76f552e,ICICI,timeout,RuPay,299,2026-08-17T04:19:00
22817320,SBI,insufficient_funds,RuPay,4999,2026-08-17T04:20:00
1f935ecc,ICICI,insufficient_funds,UPI_AUTOPAY,4999,2026-08-17T04:24:00
ace02e55,Kotak,timeout,Mastercard,199,2026-08-17T04:26:00
42a4ae95,ICICI,insufficient_funds,UPI_AUTOPAY,1499,2026-08-17T04:32:00
ff61f0ea,ICICI,insufficient_funds,RuPay,2999,2026-08-17T04:41:00
afac4566,Axis,issuer_unavailable,UPI_AUTOPAY,499,2026-08-17T04:48:00
fb4590bf,Kotak,issuer_unavailable,UPI_AUTOPAY,199,2026-08-17T04:55:00
90605734,HDFC,insufficient_funds,UPI_AUTOPAY,2999,2026-08-17T04:56:00
f994b214,Axis,insufficient_funds,Mastercard,2999,2026-08-17T04:59:00
9e3ad7a6,HDFC,timeout,UPI_AUTOPAY,299,2026-08-17T05:03:00
04b59ef4,ICICI,hard_decline,Visa,1499,2026-08-17T05:04:00
f8cc79cf,Kotak,timeout,UPI_AUTOPAY,499,2026-08-17T05:04:00
81d63d2b,Axis,issuer_unavailable,RuPay,999,2026-08-17T05:05:00
9ccee185,HDFC,timeout,Mastercard,2999,2026-08-17T05:07:00
e073778e,SBI,timeout,Mastercard,999,2026-08-17T05:08:00
cb7ec2fd,ICICI,hard_decline,RuPay,2999,2026-08-17T05:16:00
a400fa30,SBI,hard_decline,UPI_AUTOPAY,999,2026-08-17T05:18:00
67ed69fa,Kotak,issuer_unavailable,Mastercard,2999,2026-08-17T05:20:00
f9962cdb,HDFC,timeout,Mastercard,999,2026-08-17T05:21:00
7848c1f7,SBI,insufficient_funds,UPI_AUTOPAY,2999,2026-08-17T05:22:00
629ac722,ICICI,timeout,UPI_AUTOPAY,4999,2026-08-17T05:23:00
9fbcc600,Axis,timeout,Mastercard,1499,2026-08-17T05:25:00
a917d15c,SBI,timeout,UPI_AUTOPAY,499,2026-08-17T05:28:00
01db3e7c,Kotak,issuer_unavailable,UPI_AUTOPAY,499,2026-08-17T05:29:00
469e63f5,HDFC,hard_decline,RuPay,999,2026-08-17T05:30:00
b6bfd121,Axis,hard_decline,UPI_AUTOPAY,999,2026-08-17T05:36:00
f3d95811,HDFC,hard_decline,UPI_AUTOPAY,499,2026-08-17T05:37:00
cb4651c4,HDFC,timeout,Visa,499,2026-08-17T05:38:00
819e80f4,Kotak,timeout,Mastercard,1499,2026-08-17T05:38:00
50ae5e06,Axis,timeout,UPI_AUTOPAY,299,2026-08-17T05:39:00
bbf9df10,Axis,timeout,UPI_AUTOPAY,499,2026-08-17T05:43:00
970503a8,Kotak,timeout,UPI_AUTOPAY,999,2026-08-17T05:46:00
57ed3826,HDFC,issuer_unavailable,RuPay,2999,2026-08-17T05:48:00
73d51dc4,ICICI,issuer_unavailable,UPI_AUTOPAY,199,2026-08-17T05:51:00
6185f567,HDFC,issuer_unavailable,RuPay,199,2026-08-17T05:53:00
b75f348f,HDFC,insufficient_funds,UPI_AUTOPAY,999,2026-08-17T05:55:00
8d542603,ICICI,timeout,RuPay,999,2026-08-17T05:56:00
b77609fa,Kotak,hard_decline,RuPay,299,2026-08-17T05:59:00
89fccc05,SBI,timeout,UPI_AUTOPAY,1499,2026-08-17T06:03:00
050db78e,Axis,insufficient_funds,Mastercard,1499,2026-08-17T06:08:00
e6121896,Axis,issuer_unavailable,UPI_AUTOPAY,1499,2026-08-17T06:18:00
234115b1,ICICI,timeout,UPI_AUTOPAY,2999,2026-08-17T06:18:00
22add969,Kotak,insufficient_funds,UPI_AUTOPAY,999,2026-08-17T06:26:00
52eb6357,SBI,hard_decline,UPI_AUTOPAY,2999,2026-08-17T06:27:00
b418d02e,SBI,insufficient_funds,UPI_AUTOPAY,1499,2026-08-17T06:30:00
1cd97233,ICICI,insufficient_funds,UPI_AUTOPAY,999,2026-08-17T06:34:00
a5d2eb4c,Axis,insufficient_funds,Mastercard,2999,2026-08-17T06:36:00
d0297600,ICICI,timeout,RuPay,999,2026-08-17T06:37:00
04e0dcb9,Axis,issuer_unavailable,UPI_AUTOPAY,499,2026-08-17T06:37:00
d12dc933,SBI,insufficient_funds,UPI_AUTOPAY,1499,2026-08-17T06:41:00
263619b2,Kotak,insufficient_funds,Mastercard,499,2026-08-17T06:45:00
40693a83,Kotak,hard_decline,Visa,4999,2026-08-17T06:52:00
a79259d0,SBI,insufficient_funds,UPI_AUTOPAY,499,2026-08-17T06:53:00
17b68a3d,SBI,issuer_unavailable,UPI_AUTOPAY,4999,2026-08-17T06:53:00
4692dcba,Axis,hard_decline,UPI_AUTOPAY,999,2026-08-17T06:53:00
23a4058f,Kotak,timeout,UPI_AUTOPAY,1499,2026-08-17T07:01:00
bbc182a6,Kotak,timeout,UPI_AUTOPAY,299,2026-08-17T07:04:00
31f4bb6d,Axis,timeout,UPI_AUTOPAY,4999,2026-08-17T07:04:00
7024cd50,SBI,insufficient_funds,UPI_AUTOPAY,2999,2026-08-17T07:08:00
21d0b01d,Kotak,hard_decline,RuPay,4999,2026-08-17T07:18:00
0c306db8,HDFC,timeout,RuPay,1499,2026-08-17T07:25:00
b1f46243,Axis,timeout,Visa,999,2026-08-17T07:26:00
a8be75be,HDFC,issuer_unavailable,Visa,299,2026-08-17T07:28:00
dd556f1b,HDFC,insufficient_funds,RuPay,499,2026-08-17T07:33:00
3beba480,Axis,insufficient_funds,UPI_AUTOPAY,4999,2026-08-17T07:42:00
b1278cc4,HDFC,timeout,UPI_AUTOPAY,2999,2026-08-17T07:42:00
22440e30,Kotak,hard_decline,UPI_AUTOPAY,2999,2026-08-17T07:43:00
0f1e3261,Axis,hard_decline,UPI_AUTOPAY,1499,2026-08-17T07:43:00
5492a3c9,SBI,timeout,UPI_AUTOPAY,499,2026-08-17T07:48:00
57fab200,Kotak,issuer_unavailable,UPI_AUTOPAY,299,2026-08-17T07:53:00
44fbcac3,ICICI,insufficient_funds,Mastercard,299,2026-08-17T07:57:00
80d5ec5a,Kotak,timeout,UPI_AUTOPAY,2999,2026-08-17T08:01:00
4c122dcc,HDFC,issuer_unavailable,UPI_AUTOPAY,199,2026-08-17T08:03:00
d402922e,Kotak,issuer_unavailable,Visa,2999,2026-08-17T08:03:00
1ca563e7,HDFC,hard_decline,Visa,299,2026-08-17T08:06:00
1b90c828,Kotak,issuer_unavailable,Visa,199,2026-08-17T08:09:00
a8f87e5f,ICICI,timeout,Visa,299,2026-08-17T08:13:00
2823d368,SBI,insufficient_funds,UPI_AUTOPAY,499,2026-08-17T08:17:00
9fb843f4,SBI,timeout,RuPay,499,2026-08-17T08:17:00
942d3b12,Axis,issuer_unavailable,RuPay,999,2026-08-17T08:21:00
0df75e02,Kotak,insufficient_funds,UPI_AUTOPAY,2999,2026-08-17T08:23:00
cb5fb229,SBI,insufficient_funds,UPI_AUTOPAY,499,2026-08-17T08:28:00
ed04e379,ICICI,hard_decline,UPI_AUTOPAY,2999,2026-08-17T08:30:00
56902405,Axis,timeout,Visa,999,2026-08-17T08:33:00
c99e8976,Kotak,insufficient_funds,Visa,999,2026-08-17T08:34:00
b7ab8dad,ICICI,insufficient_funds,RuPay,199,2026-08-17T08:37:00
732cc18f,Axis,insufficient_funds,UPI_AUTOPAY,1499,2026-08-17T08:37:00
3380e642,ICICI,issuer_unavailable,Visa,299,2026-08-17T08:44:00
71cf25fd,Kotak,insufficient_funds,UPI_AUTOPAY,199,2026-08-17T08:51:00
2b968307,SBI,issuer_unavailable,Visa,4999,2026-08-17T08:54:00
f6638a0c,Kotak,hard_decline,UPI_AUTOPAY,299,2026-08-17T08:57:00
e32e6fcb,Kotak,timeout,UPI_AUTOPAY,299,2026-08-17T08:57:00
2c46b9a5,Kotak,timeout,Visa,1499,2026-08-17T09:00:00
00417e03,Axis,insufficient_funds,Visa,499,2026-08-17T09:16:00
866b6333,ICICI,hard_decline,UPI_AUTOPAY,499,2026-08-17T09:20:00
1a6b6acc,Axis,timeout,UPI_AUTOPAY,4999,2026-08-17T09:29:00
ba0d1637,Kotak,timeout,RuPay,499,2026-08-17T09:30:00
f53e0f08,ICICI,timeout,UPI_AUTOPAY,199,2026-08-17T09:30:00
80dd27e9,Kotak,insufficient_funds,UPI_AUTOPAY,1499,2026-08-17T09:30:00
4a60b8ff,Kotak,issuer_unavailable,RuPay,1499,2026-08-17T09:30:00
5bf64ba0,ICICI,timeout,UPI_AUTOPAY,199,2026-08-17T09:31:00
f722fc39,Axis,timeout,UPI_AUTOPAY,2999,2026-08-17T09:31:00
ad58b29b,Kotak,timeout,Visa,299,2026-08-17T09:45:00
f017919d,HDFC,timeout,Visa,199,2026-08-17T09:47:00
52f6e44b,SBI,timeout,UPI_AUTOPAY,499,2026-08-17T09:49:00
d1b5bf38,Axis,timeout,RuPay,199,2026-08-17T09:49:00
5ecbe725,Axis,timeout,UPI_AUTOPAY,4999,2026-08-17T09:51:00
6100c891,ICICI,timeout,Visa,499,2026-08-17T09:51:00
367a980c,Axis,issuer_unavailable,UPI_AUTOPAY,4999,2026-08-17T09:54:00
9288f7e1,Kotak,hard_decline,UPI_AUTOPAY,1499,2026-08-17T10:04:00
6fb5e94a,Kotak,issuer_unavailable,UPI_AUTOPAY,499,2026-08-17T10:08:00
51605c42,Axis,timeout,Mastercard,4999,2026-08-17T10:15:00
b63ff258,Kotak,insufficient_funds,UPI_AUTOPAY,999,2026-08-17T10:17:00
a918f461,ICICI,hard_decline,UPI_AUTOPAY,2999,2026-08-17T10:22:00
0121076a,HDFC,issuer_unavailable,RuPay,499,2026-08-17T10:23:00
23e709c7,ICICI,timeout,UPI_AUTOPAY,499,2026-08-17T10:24:00
54c664ee,Axis,hard_decline,Visa,199,2026-08-17T10:26:00
99183098,HDFC,insufficient_funds,UPI_AUTOPAY,499,2026-08-17T10:34:00
496cef24,HDFC,insufficient_funds,Mastercard,999,2026-08-17T10:36:00
009db6e1,SBI,insufficient_funds,UPI_AUTOPAY,199,2026-08-17T10:39:00
e20abdf6,ICICI,timeout,Visa,199,2026-08-17T10:39:00
bc00a7c1,SBI,issuer_unavailable,UPI_AUTOPAY,199,2026-08-17T10:41:00
1cf1c1ce,HDFC,hard_decline,RuPay,299,2026-08-17T10:43:00
3b126260,HDFC,insufficient_funds,Visa,4999,2026-08-17T10:44:00
397efb9d,SBI,insufficient_funds,RuPay,999,2026-08-17T10:46:00
36c044c3,HDFC,insufficient_funds,UPI_AUTOPAY,2999,2026-08-17T10:48:00
1cb0515f,SBI,issuer_unavailable,UPI_AUTOPAY,999,2026-08-17T10:49:00
6acc4ed8,HDFC,insufficient_funds,Visa,4999,2026-08-17T11:00:00
d6d244e0,HDFC,timeout,UPI_AUTOPAY,499,2026-08-17T11:01:00
b6a9a9fa,ICICI,timeout,Mastercard,199,2026-08-17T11:03:00
3b064245,HDFC,timeout,UPI_AUTOPAY,999,2026-08-17T11:07:00
7143e8d2,Kotak,hard_decline,RuPay,299,2026-08-17T11:11:00
42459a77,ICICI,timeout,UPI_AUTOPAY,299,2026-08-17T11:15:00
dae78ebd,ICICI,timeout,Visa,499,2026-08-17T11:23:00
1bb1b7cb,Kotak,insufficient_funds,UPI_AUTOPAY,999,2026-08-17T11:23:00
1458949a,HDFC,insufficient_funds,Mastercard,1499,2026-08-17T11:24:00
c819c490,ICICI,hard_decline,RuPay,1499,2026-08-17T11:26:00
9275742e,ICICI,timeout,Visa,199,2026-08-17T11:26:00
750f321e,ICICI,timeout,UPI_AUTOPAY,4999,2026-08-17T11:30:00
5896abc3,ICICI,insufficient_funds,UPI_AUTOPAY,2999,2026-08-17T11:30:00
3e7a8ce0,Kotak,timeout,Mastercard,999,2026-08-17T11:30:00
0396b3d7,HDFC,hard_decline,Mastercard,4999,2026-08-17T11:31:00
887ae098,SBI,hard_decline,Mastercard,999,2026-08-17T11:35:00
f9f49d3d,HDFC,timeout,Visa,299,2026-08-17T11:39:00
ed7c0248,Axis,issuer_unavailable,Mastercard,999,2026-08-17T11:39:00
d522d40e,Kotak,hard_decline,UPI_AUTOPAY,4999,2026-08-17T11:43:00
708bc177,SBI,hard_decline,UPI_AUTOPAY,499,2026-08-17T11:45:00
4d25e702,Kotak,timeout,Mastercard,499,2026-08-17T11:48:00
4a82ffc7,Axis,timeout,Mastercard,999,2026-08-17T11:48:00
a7683c8a,Kotak,insufficient_funds,UPI_AUTOPAY,499,2026-08-17T11:56:00
fb30ea29,Axis,insufficient_funds,UPI_AUTOPAY,999,2026-08-17T11:59:00
54086465,ICICI,timeout,RuPay,499,2026-08-17T12:00:00
10d76b25,Axis,insufficient_funds,UPI_AUTOPAY,499,2026-08-17T12:01:00
a6abcc15,SBI,issuer_unavailable,UPI_AUTOPAY,999,2026-08-17T12:01:00
6f1d31fc,SBI,timeout,Visa,999,2026-08-17T12:02:00
0bfe4be2,ICICI,insufficient_funds,RuPay,999,2026-08-17T12:03:00
26802855,Kotak,issuer_unavailable,RuPay,199,2026-08-17T12:24:00
3dfc6ff1,SBI,timeout,UPI_AUTOPAY,1499,2026-08-17T12:26:00
a2e83714,HDFC,issuer_unavailable,UPI_AUTOPAY,999,2026-08-17T12:26:00
5b541d9a,ICICI,hard_decline,Mastercard,2999,2026-08-17T12:30:00
d889586a,Axis,issuer_unavailable,Visa,999,2026-08-17T12:33:00
c576e104,SBI,hard_decline,UPI_AUTOPAY,4999,2026-08-17T12:34:00
974c9d2b,Kotak,issuer_unavailable,UPI_AUTOPAY,999,2026-08-17T12:35:00
250ae156,ICICI,timeout,UPI_AUTOPAY,2999,2026-08-17T12:37:00
f34b14ff,ICICI,insufficient_funds,Visa,499,2026-08-17T12:50:00
69f993eb,SBI,insufficient_funds,Visa,499,2026-08-17T12:56:00
e78b1124,Kotak,timeout,UPI_AUTOPAY,299,2026-08-17T12:57:00
33fa6770,Kotak,insufficient_funds,Mastercard,2999,2026-08-17T13:06:00
43c4b00c,Axis,timeout,UPI_AUTOPAY,4999,2026-08-17T13:10:00
57298c72,HDFC,issuer_unavailable,UPI_AUTOPAY,299,2026-08-17T13:18:00
7d885c4a,HDFC,insufficient_funds,UPI_AUTOPAY,499,2026-08-17T13:21:00
5f9e787a,SBI,timeout,UPI_AUTOPAY,2999,2026-08-17T13:21:00
01ce5c59,SBI,timeout,UPI_AUTOPAY,2999,2026-08-17T13:21:00
d583180c,HDFC,insufficient_funds,Mastercard,499,2026-08-17T13:23:00
28fc079e,Axis,issuer_unavailable,Mastercard,4999,2026-08-17T13:28:00
b3b384f8,Axis,timeout,UPI_AUTOPAY,499,2026-08-17T13:30:00
590a1979,Axis,hard_decline,RuPay,199,2026-08-17T13:31:00
c79dcb0b,Axis,issuer_unavailable,Mastercard,1499,2026-08-17T13:31:00
feeed38f,Axis,hard_decline,Mastercard,299,2026-08-17T13:39:00
34b47ebd,Kotak,issuer_unavailable,UPI_AUTOPAY,199,2026-08-17T13:39:00
dc4b32c8,HDFC,issuer_unavailable,Visa,4999,2026-08-17T13:44:00
397a1b59,HDFC,issuer_unavailable,UPI_AUTOPAY,299,2026-08-17T13:48:00
12ae5f0c,SBI,timeout,UPI_AUTOPAY,4999,2026-08-17T13:52:00
b5918690,HDFC,insufficient_funds,Visa,299,2026-08-17T13:55:00
4e1dc41d,HDFC,timeout,UPI_AUTOPAY,4999,2026-08-17T13:57:00
b87dad01,HDFC,insufficient_funds,RuPay,2999,2026-08-17T13:57:00
9d04490d,ICICI,issuer_unavailable,RuPay,299,2026-08-17T14:05:00
2a06274f,Axis,timeout,RuPay,199,2026-08-17T14:08:00
7e7b862f,SBI,timeout,Mastercard,1499,2026-08-17T14:08:00
009d371f,ICICI,insufficient_funds,Visa,499,2026-08-17T14:10:00
b92f516b,HDFC,timeout,RuPay,499,2026-08-17T14:15:00
9ed34a7c,ICICI,timeout,Visa,299,2026-08-17T14:17:00
bdb309bb,Kotak,insufficient_funds,UPI_AUTOPAY,199,2026-08-17T14:24:00
7eceec71,ICICI,hard_decline,UPI_AUTOPAY,199,2026-08-17T14:26:00
efb27e62,SBI,timeout,UPI_AUTOPAY,199,2026-08-17T14:28:00
086cbd79,Kotak,timeout,UPI_AUTOPAY,1499,2026-08-17T14:30:00
e1529758,ICICI,insufficient_funds,Visa,199,2026-08-17T14:31:00
42f8d7fb,ICICI,timeout,Visa,2999,2026-08-17T14:32:00
c86e359c,Axis,issuer_unavailable,Mastercard,2999,2026-08-17T14:33:00
ada663fc,Kotak,issuer_unavailable,Mastercard,4999,2026-08-17T14:35:00
85ddee3d,SBI,hard_decline,UPI_AUTOPAY,2999,2026-08-17T14:35:00
10cb3e39,SBI,issuer_unavailable,RuPay,4999,2026-08-17T14:39:00
90261423,Kotak,timeout,UPI_AUTOPAY,1499,2026-08-17T14:42:00
03c0fc98,Axis,issuer_unavailable,RuPay,299,2026-08-17T14:42:00
8d9ac0b6,Kotak,timeout,Mastercard,199,2026-08-17T14:43:00
df31429d,SBI,timeout,UPI_AUTOPAY,999,2026-08-17T14:45:00
fffba7a9,SBI,timeout,UPI_AUTOPAY,1499,2026-08-17T14:47:00
d8fa9319,ICICI,insufficient_funds,UPI_AUTOPAY,1499,2026-08-17T14:52:00
23157fb1,ICICI,insufficient_funds,RuPay,1499,2026-08-17T15:03:00
378d561c,ICICI,timeout,UPI_AUTOPAY,299,2026-08-17T15:09:00
df9229fc,ICICI,timeout,Visa,199,2026-08-17T15:09:00
66734a34,Kotak,timeout,UPI_AUTOPAY,1499,2026-08-17T15:12:00
8adaa6e2,Kotak,timeout,RuPay,299,2026-08-17T15:13:00
684b7f66,Kotak,insufficient_funds,UPI_AUTOPAY,999,2026-08-17T15:15:00
06c2e3e1,SBI,issuer_unavailable,Mastercard,1499,2026-08-17T15:17:00
8972e22b,SBI,insufficient_funds,Visa,999,2026-08-17T15:17:00
e521cc8a,Axis,insufficient_funds,RuPay,299,2026-08-17T15:19:00
d5bafbf8,HDFC,issuer_unavailable,RuPay,1499,2026-08-17T15:21:00
840be6cc,Kotak,insufficient_funds,UPI_AUTOPAY,299,2026-08-17T15:24:00
6f9171c6,SBI,issuer_unavailable,RuPay,499,2026-08-17T15:25:00
e28cf2a7,Kotak,issuer_unavailable,RuPay,4999,2026-08-17T15:25:00
bc6a0e97,Axis,timeout,RuPay,999,2026-08-17T15:42:00
e6213b43,HDFC,insufficient_funds,Visa,1499,2026-08-17T15:42:00
d450f1bd,Axis,timeout,Visa,999,2026-08-17T15:46:00
44146a85,HDFC,timeout,Mastercard,199,2026-08-17T15:46:00
89668ad1,HDFC,insufficient_funds,Visa,1499,2026-08-17T15:54:00
30f5c3dc,ICICI,hard_decline,UPI_AUTOPAY,299,2026-08-17T16:05:00
9ce9207e,ICICI,insufficient_funds,UPI_AUTOPAY,299,2026-08-17T16:13:00
a3ef0ee6,SBI,hard_decline,UPI_AUTOPAY,1499,2026-08-17T16:21:00
ca2d89e1,Kotak,hard_decline,UPI_AUTOPAY,999,2026-08-17T16:32:00
dfe71067,SBI,hard_decline,Mastercard,199,2026-08-17T16:38:00
a3ed2664,SBI,hard_decline,RuPay,199,2026-08-17T16:38:00
163aa2be,Axis,issuer_unavailable,UPI_AUTOPAY,4999,2026-08-17T16:41:00
4705c540,SBI,issuer_unavailable,RuPay,299,2026-08-17T16:43:00
2ddcbcf1,Axis,insufficient_funds,RuPay,299,2026-08-17T16:50:00
cb7264c7,Kotak,timeout,RuPay,4999,2026-08-17T16:52:00
ee213e5b,SBI,insufficient_funds,UPI_AUTOPAY,299,2026-08-17T16:52:00
171dc3b8,Kotak,insufficient_funds,Visa,2999,2026-08-17T16:55:00
d603d85f,Axis,insufficient_funds,RuPay,299,2026-08-17T16:59:00
45ee9294,SBI,hard_decline,UPI_AUTOPAY,4999,2026-08-17T17:04:00
56a1ad73,Kotak,insufficient_funds,UPI_AUTOPAY,499,2026-08-17T17:04:00
79a1538e,Axis,insufficient_funds,UPI_AUTOPAY,299,2026-08-17T17:06:00
dc353cb4,ICICI,insufficient_funds,UPI_AUTOPAY,1499,2026-08-17T17:12:00
37dfca77,HDFC,insufficient_funds,RuPay,299,2026-08-17T17:16:00
7666c020,HDFC,hard_decline,UPI_AUTOPAY,299,2026-08-17T17:16:00
16aeb56b,ICICI,hard_decline,RuPay,499,2026-08-17T17:17:00
25292326,Axis,insufficient_funds,RuPay,299,2026-08-17T17:18:00
ff71d723,HDFC,timeout,Mastercard,2999,2026-08-17T17:22:00
ca6952c9,SBI,issuer_unavailable,Visa,1499,2026-08-17T17:22:00
b8702c10,Kotak,timeout,RuPay,299,2026-08-17T17:25:00
0864c4cd,SBI,insufficient_funds,Visa,999,2026-08-17T17:27:00
c5d67a0a,HDFC,timeout,Visa,2999,2026-08-17T17:31:00
881a7d8f,ICICI,hard_decline,RuPay,199,2026-08-17T17:40:00
053c3ce6,Kotak,issuer_unavailable,RuPay,4999,2026-08-17T17:42:00
bea3f989,Axis,insufficient_funds,UPI_AUTOPAY,499,2026-08-17T17:44:00
af3011a7,ICICI,hard_decline,Visa,299,2026-08-17T17:45:00
ff0d9ee7,HDFC,issuer_unavailable,UPI_AUTOPAY,4999,2026-08-17T17:45:00
dd85b823,HDFC,insufficient_funds,Visa,1499,2026-08-17T17:46:00
dab27c4b,HDFC,timeout,UPI_AUTOPAY,999,2026-08-17T17:46:00
b5ae13a4,HDFC,insufficient_funds,RuPay,199,2026-08-17T17:47:00
5792d1c5,Axis,timeout,Mastercard,199,2026-08-17T18:05:00
a2f9ca1a,Axis,timeout,UPI_AUTOPAY,999,2026-08-17T18:07:00
c1fd79f6,ICICI,insufficient_funds,UPI_AUTOPAY,2999,2026-08-17T18:10:00
b8dfb806,Kotak,insufficient_funds,UPI_AUTOPAY,4999,2026-08-17T18:13:00
2a76fe16,SBI,timeout,Mastercard,199,2026-08-17T18:14:00
089adccb,Axis,insufficient_funds,Mastercard,2999,2026-08-17T18:17:00
500746a8,Kotak,timeout,UPI_AUTOPAY,299,2026-08-17T18:18:00
448f8962,HDFC,issuer_unavailable,UPI_AUTOPAY,499,2026-08-17T18:21:00
0982fc40,Kotak,insufficient_funds,UPI_AUTOPAY,999,2026-08-17T18:22:00
74dbdf1b,Axis,insufficient_funds,Visa,499,2026-08-17T18:30:00
f963cca2,Axis,timeout,Visa,1499,2026-08-17T18:33:00
0f674570,ICICI,issuer_unavailable,RuPay,299,2026-08-17T18:37:00
a0e0f778,Kotak,insufficient_funds,UPI_AUTOPAY,299,2026-08-17T18:38:00
07b2d299,HDFC,issuer_unavailable,Mastercard,2999,2026-08-17T18:42:00
f33379da,ICICI,insufficient_funds,Visa,4999,2026-08-17T18:43:00
ba0db9e6,SBI,hard_decline,UPI_AUTOPAY,999,2026-08-17T18:45:00
467fadc6,Axis,insufficient_funds,RuPay,999,2026-08-17T18:46:00
17847330,HDFC,timeout,UPI_AUTOPAY,999,2026-08-17T18:54:00
a436705d,Kotak,insufficient_funds,UPI_AUTOPAY,299,2026-08-17T18:55:00
817f71cf,Kotak,issuer_unavailable,UPI_AUTOPAY,4999,2026-08-17T19:01:00
30d25b5c,Kotak,timeout,Visa,499,2026-08-17T19:04:00
e2a1fd7d,Axis,timeout,Mastercard,4999,2026-08-17T19:07:00
ec937d49,Kotak,insufficient_funds,RuPay,999,2026-08-17T19:18:00
8cd8117b,ICICI,hard_decline,UPI_AUTOPAY,1499,2026-08-17T19:22:00
912652fd,ICICI,hard_decline,UPI_AUTOPAY,1499,2026-08-17T19:22:00
882c9474,SBI,issuer_unavailable,RuPay,199,2026-08-17T19:32:00
52adb933,Axis,timeout,UPI_AUTOPAY,1499,2026-08-17T19:35:00
b44a9f55,Axis,timeout,Visa,2999,2026-08-17T19:36:00
c8101d23,Kotak,issuer_unavailable,RuPay,199,2026-08-17T19:42:00
c66d204f,SBI,insufficient_funds,UPI_AUTOPAY,1499,2026-08-17T19:42:00
1a15c69f,HDFC,insufficient_funds,UPI_AUTOPAY,299,2026-08-17T19:51:00
d406c4b6,HDFC,timeout,UPI_AUTOPAY,999,2026-08-17T19:52:00
ddeea96d,SBI,hard_decline,UPI_AUTOPAY,499,2026-08-17T19:53:00
13951d7c,Kotak,timeout,UPI_AUTOPAY,2999,2026-08-17T19:57:00
0ce16600,HDFC,issuer_unavailable,UPI_AUTOPAY,2999,2026-08-17T20:02:00
e9142ef4,ICICI,issuer_unavailable,Mastercard,999,2026-08-17T20:02:00
24e761fd,Kotak,insufficient_funds,RuPay,999,2026-08-17T20:09:00
8458dcde,ICICI,timeout,UPI_AUTOPAY,2999,2026-08-17T20:10:00
59cec6b8,HDFC,issuer_unavailable,RuPay,1499,2026-08-17T20:10:00
ad7c8142,HDFC,insufficient_funds,UPI_AUTOPAY,499,2026-08-17T20:15:00
007b172c,Kotak,timeout,UPI_AUTOPAY,1499,2026-08-17T20:15:00
6c758f7f,HDFC,insufficient_funds,Visa,4999,2026-08-17T20:21:00
7df874ab,Kotak,timeout,UPI_AUTOPAY,199,2026-08-17T20:23:00
7b411bf5,Axis,timeout,Visa,999,2026-08-17T20:29:00
4e6b8ff1,Axis,issuer_unavailable,UPI_AUTOPAY,2999,2026-08-17T20:29:00
ce4bcde8,ICICI,insufficient_funds,UPI_AUTOPAY,999,2026-08-17T20:29:00
4bbf1aca,Axis,hard_decline,Mastercard,199,2026-08-17T20:34:00
36e0240d,Kotak,insufficient_funds,Mastercard,2999,2026-08-17T20:34:00
a338488c,Kotak,issuer_unavailable,UPI_AUTOPAY,2999,2026-08-17T20:36:00
53faddc4,Axis,timeout,UPI_AUTOPAY,1499,2026-08-17T20:37:00
1adb540b,ICICI,timeout,RuPay,2999,2026-08-17T20:38:00
15b71db8,HDFC,insufficient_funds,UPI_AUTOPAY,1499,2026-08-17T20:38:00
b843ccdd,ICICI,insufficient_funds,UPI_AUTOPAY,199,2026-08-17T20:40:00
df6b3eb2,SBI,issuer_unavailable,UPI_AUTOPAY,2999,2026-08-17T20:44:00
bc056f8f,Kotak,insufficient_funds,RuPay,4999,2026-08-17T20:53:00
e038051d,Kotak,issuer_unavailable,Visa,999,2026-08-17T20:56:00
01065f46,ICICI,timeout,Mastercard,2999,2026-08-17T20:59:00
18f36ff8,Kotak,insufficient_funds,UPI_AUTOPAY,299,2026-08-17T21:03:00
d767c29b,HDFC,hard_decline,RuPay,4999,2026-08-17T21:07:00
dce152f7,ICICI,timeout,Visa,199,2026-08-17T21:08:00
7e28ef54,HDFC,insufficient_funds,Visa,999,2026-08-17T21:08:00
0d30cb33,Axis,issuer_unavailable,RuPay,199,2026-08-17T21:09:00
1fba399e,Axis,insufficient_funds,Visa,999,2026-08-17T21:17:00
8187af4a,Axis,timeout,UPI_AUTOPAY,199,2026-08-17T21:21:00
14d2ee20,Kotak,insufficient_funds,RuPay,499,2026-08-17T21:23:00
f5ef4987,Kotak,timeout,UPI_AUTOPAY,199,2026-08-17T21:29:00
8897cce0,ICICI,hard_decline,Visa,1499,2026-08-17T21:29:00
4566d614,ICICI,timeout,UPI_AUTOPAY,2999,2026-08-17T21:32:00
8df6c07d,SBI,issuer_unavailable,UPI_AUTOPAY,4999,2026-08-17T21:33:00
701ce32a,Axis,hard_decline,UPI_AUTOPAY,299,2026-08-17T21:33:00
8349f27a,Axis,issuer_unavailable,UPI_AUTOPAY,499,2026-08-17T21:36:00
b4c8caa5,Axis,insufficient_funds,UPI_AUTOPAY,499,2026-08-17T21:36:00
1ea671cd,SBI,issuer_unavailable,UPI_AUTOPAY,4999,2026-08-17T21:36:00
d49223cc,Axis,timeout,Visa,199,2026-08-17T21:36:00
ac82d278,SBI,insufficient_funds,Mastercard,499,2026-08-17T21:52:00
ebd095c4,Axis,issuer_unavailable,UPI_AUTOPAY,999,2026-08-17T21:52:00
e9f5e5c3,SBI,timeout,RuPay,299,2026-08-17T21:55:00
588a8f01,Axis,insufficient_funds,UPI_AUTOPAY,499,2026-08-17T22:03:00
0aeb48fb,Axis,issuer_unavailable,Visa,2999,2026-08-17T22:03:00
0b0b137a,HDFC,timeout,Visa,299,2026-08-17T22:04:00
402ce74f,Axis,insufficient_funds,Visa,4999,2026-08-17T22:08:00
b517987c,HDFC,issuer_unavailable,UPI_AUTOPAY,2999,2026-08-17T22:09:00
ef1f2f01,Axis,insufficient_funds,Mastercard,199,2026-08-17T22:10:00
1c85fb69,ICICI,insufficient_funds,Mastercard,4999,2026-08-17T22:11:00
a56724ad,SBI,timeout,Mastercard,199,2026-08-17T22:16:00
75b64a43,ICICI,timeout,UPI_AUTOPAY,1499,2026-08-17T22:20:00
98ba7e36,Kotak,timeout,UPI_AUTOPAY,999,2026-08-17T22:20:00
4cf5c6da,Kotak,timeout,RuPay,1499,2026-08-17T22:22:00
8d155c9b,Kotak,issuer_unavailable,RuPay,199,2026-08-17T22:23:00
ea86a640,Axis,issuer_unavailable,RuPay,199,2026-08-17T22:29:00
ac669bf4,HDFC,insufficient_funds,Visa,499,2026-08-17T22:32:00
0f8c3f10,ICICI,timeout,UPI_AUTOPAY,1499,2026-08-17T22:34:00
93c80a6f,Axis,issuer_unavailable,UPI_AUTOPAY,4999,2026-08-17T22:35:00
6f5aad9f,Axis,insufficient_funds,Mastercard,999,2026-08-17T22:35:00
5a6d80d6,Kotak,insufficient_funds,UPI_AUTOPAY,1499,2026-08-17T22:42:00
9785f665,ICICI,timeout,Mastercard,4999,2026-08-17T22:47:00
8db2c07b,HDFC,insufficient_funds,UPI_AUTOPAY,299,2026-08-17T22:59:00
dc0c4233,ICICI,issuer_unavailable,UPI_AUTOPAY,299,2026-08-17T23:02:00
9a1c3fb5,ICICI,insufficient_funds,Visa,1499,2026-08-17T23:02:00
e046f26c,Axis,hard_decline,Visa,999,2026-08-17T23:05:00
178138fe,HDFC,timeout,RuPay,2999,2026-08-17T23:06:00
5ed8bfcf,HDFC,timeout,UPI_AUTOPAY,199,2026-08-17T23:09:00
3235e3ee,ICICI,insufficient_funds,UPI_AUTOPAY,1499,2026-08-17T23:15:00
e20ba36c,HDFC,issuer_unavailable,RuPay,499,2026-08-17T23:18:00
9b19d317,SBI,insufficient_funds,UPI_AUTOPAY,1499,2026-08-17T23:18:00
95f70c18,ICICI,timeout,UPI_AUTOPAY,1499,2026-08-17T23:24:00
6b0ea4a8,Axis,insufficient_funds,Visa,299,2026-08-17T23:26:00
a6b7d611,Axis,timeout,RuPay,999,2026-08-17T23:27:00
4e0dfbad,HDFC,insufficient_funds,UPI_AUTOPAY,999,2026-08-17T23:27:00
31ab2682,Axis,hard_decline,UPI_AUTOPAY,499,2026-08-17T23:28:00
ed3fe107,ICICI,issuer_unavailable,Mastercard,2999,2026-08-17T23:28:00
038d2550,SBI,issuer_unavailable,UPI_AUTOPAY,199,2026-08-17T23:28:00
fcd642f4,SBI,hard_decline,Mastercard,2999,2026-08-17T23:31:00
2d5656cf,Kotak,insufficient_funds,Mastercard,499,2026-08-17T23:35:00
23c4c83f,ICICI,issuer_unavailable,RuPay,199,2026-08-17T23:39:00
865715c3,Axis,insufficient_funds,RuPay,199,2026-08-17T23:39:00
6dd08e56,HDFC,hard_decline,UPI_AUTOPAY,499,2026-08-17T23:44:00
51e41eb2,ICICI,insufficient_funds,RuPay,1499,2026-08-17T23:46:00
cf206b16,HDFC,timeout,Mastercard,499,2026-08-17T23:49:00
b411886d,Kotak,issuer_unavailable,UPI_AUTOPAY,299,2026-08-17T23:50:00
4fa99a6a,HDFC,timeout,Visa,2999,2026-08-17T23:54:00
6ce95f8b,SBI,hard_decline,UPI_AUTOPAY,299,2026-08-18T00:01:00
11d932fd,Kotak,timeout,Visa,999,2026-08-18T00:04:00
c9bd5ed8,Kotak,issuer_unavailable,UPI_AUTOPAY,1499,2026-08-18T00:05:00
86a4f8c2,ICICI,issuer_unavailable,RuPay,2999,2026-08-18T00:12:00
594dcf7d,Kotak,timeout,Visa,4999,2026-08-18T00:20:00
c14481cf,Kotak,hard_decline,UPI_AUTOPAY,4999,2026-08-18T00:22:00
1581c484,Kotak,insufficient_funds,UPI_AUTOPAY,4999,2026-08-18T00:24:00
f699047f,Axis,insufficient_funds,UPI_AUTOPAY,2999,2026-08-18T00:26:00
db1b67ef,ICICI,insufficient_funds,UPI_AUTOPAY,1499,2026-08-18T00:26:00
6f633a4d,ICICI,timeout,Visa,4999,2026-08-18T00:32:00
061abeb1,ICICI,insufficient_funds,Visa,499,2026-08-18T00:40:00
6b2dd3aa,SBI,hard_decline,UPI_AUTOPAY,999,2026-08-18T00:46:00
7b7fba83,SBI,timeout,Mastercard,999,2026-08-18T00:49:00
98cff289,Kotak,insufficient_funds,UPI_AUTOPAY,1499,2026-08-18T00:51:00
98744fb6,ICICI,issuer_unavailable,UPI_AUTOPAY,499,2026-08-18T00:57:00
c1b2b4a7,SBI,hard_decline,UPI_AUTOPAY,199,2026-08-18T00:57:00
12c6165a,HDFC,hard_decline,UPI_AUTOPAY,2999,2026-08-18T01:00:00
20435f5b,Kotak,insufficient_funds,RuPay,1499,2026-08-18T01:02:00
5f9671e2,ICICI,timeout,Visa,4999,2026-08-18T01:07:00
4b1c0cc0,Axis,timeout,UPI_AUTOPAY,2999,2026-08-18T01:18:00
81d4b003,Axis,timeout,UPI_AUTOPAY,499,2026-08-18T01:27:00
6fd9c422,Axis,timeout,UPI_AUTOPAY,299,2026-08-18T01:32:00
cd2ba1c1,Axis,insufficient_funds,RuPay,999,2026-08-18T01:33:00
62c3d370,HDFC,insufficient_funds,UPI_AUTOPAY,999,2026-08-18T01:34:00
b12f24b0,ICICI,issuer_unavailable,Visa,299,2026-08-18T01:34:00
80c4e289,ICICI,insufficient_funds,RuPay,299,2026-08-18T01:37:00
3fabdfdf,Kotak,timeout,Visa,2999,2026-08-18T01:38:00
4199c0d8,HDFC,issuer_unavailable,UPI_AUTOPAY,4999,2026-08-18T01:39:00
d82aa011,HDFC,insufficient_funds,UPI_AUTOPAY,1499,2026-08-18T01:43:00
cfc43416,ICICI,timeout,Visa,299,2026-08-18T01:46:00
213108ed,SBI,insufficient_funds,Visa,4999,2026-08-18T01:52:00
d0daf42c,SBI,timeout,Mastercard,299,2026-08-18T01:54:00
116eb8af,ICICI,issuer_unavailable,Visa,199,2026-08-18T01:54:00
3c66a51d,HDFC,insufficient_funds,UPI_AUTOPAY,4999,2026-08-18T01:59:00
b4da8e6e,ICICI,timeout,UPI_AUTOPAY,299,2026-08-18T02:00:00
5df1a865,Axis,insufficient_funds,Visa,299,2026-08-18T02:01:00
dd58340b,Kotak,insufficient_funds,UPI_AUTOPAY,4999,2026-08-18T02:03:00
ba8edb14,HDFC,issuer_unavailable,UPI_AUTOPAY,4999,2026-08-18T02:04:00
247d125f,ICICI,timeout,UPI_AUTOPAY,4999,2026-08-18T02:06:00
7c635713,Kotak,insufficient_funds,RuPay,499,2026-08-18T02:10:00
27582faa,SBI,issuer_unavailable,Visa,1499,2026-08-18T02:14:00
796fd218,Axis,hard_decline,RuPay,299,2026-08-18T02:16:00
8a847c51,Kotak,timeout,UPI_AUTOPAY,1499,2026-08-18T02:18:00
fdeadcbf,HDFC,issuer_unavailable,UPI_AUTOPAY,999,2026-08-18T02:22:00
311b3fda,ICICI,timeout,UPI_AUTOPAY,299,2026-08-18T02:23:00
5a2294d7,ICICI,insufficient_funds,UPI_AUTOPAY,299,2026-08-18T02:24:00
fa349c07,ICICI,timeout,UPI_AUTOPAY,999,2026-08-18T02:29:00
a4ca883f,Kotak,timeout,RuPay,4999,2026-08-18T02:32:00
4d8dc4ec,HDFC,timeout,RuPay,1499,2026-08-18T02:35:00
81474897,SBI,issuer_unavailable,UPI_AUTOPAY,1499,2026-08-18T02:38:00
20578d4d,SBI,insufficient_funds,UPI_AUTOPAY,2999,2026-08-18T02:41:00
89d794e2,Axis,issuer_unavailable,UPI_AUTOPAY,1499,2026-08-18T02:46:00
5b18fc73,ICICI,insufficient_funds,Visa,999,2026-08-18T02:50:00
c18c1dfb,Axis,hard_decline,UPI_AUTOPAY,199,2026-08-18T02:50:00
37391c48,ICICI,insufficient_funds,Mastercard,999,2026-08-18T02:54:00
33f33225,SBI,insufficient_funds,Visa,4999,2026-08-18T02:55:00
7141cc40,SBI,insufficient_funds,RuPay,499,2026-08-18T02:55:00
db30895c,Axis,issuer_unavailable,UPI_AUTOPAY,2999,2026-08-18T02:56:00
ff9b78d3,SBI,insufficient_funds,Visa,1499,2026-08-18T03:18:00
390d0054,ICICI,issuer_unavailable,UPI_AUTOPAY,999,2026-08-18T03:18:00
6cc5e003,Axis,timeout,UPI_AUTOPAY,4999,2026-08-18T03:23:00
ca8cd1f4,Axis,timeout,UPI_AUTOPAY,1499,2026-08-18T03:27:00
473b88bb,Kotak,hard_decline,UPI_AUTOPAY,1499,2026-08-18T03:28:00
a83b1dc0,SBI,issuer_unavailable,Visa,199,2026-08-18T03:31:00
b38aa522,ICICI,hard_decline,Mastercard,4999,2026-08-18T03:43:00
61a8703b,Kotak,issuer_unavailable,Visa,1499,2026-08-18T03:46:00
33052fa5,Axis,timeout,UPI_AUTOPAY,4999,2026-08-18T04:02:00
82aeaa97,Axis,hard_decline,UPI_AUTOPAY,999,2026-08-18T04:04:00
024cb672,SBI,timeout,RuPay,4999,2026-08-18T04:06:00
7a215b4a,Axis,issuer_unavailable,RuPay,499,2026-08-18T04:06:00
cfeb54b6,SBI,timeout,UPI_AUTOPAY,4999,2026-08-18T04:07:00
4e37d7bc,Kotak,timeout,Visa,299,2026-08-18T04:08:00
92fcaf4e,HDFC,timeout,Visa,4999,2026-08-18T04:11:00
70f8244b,ICICI,insufficient_funds,Mastercard,2999,2026-08-18T04:13:00
d2fdde84,SBI,insufficient_funds,RuPay,4999,2026-08-18T04:18:00
e04a0a92,ICICI,insufficient_funds,Visa,999,2026-08-18T04:20:00
70defbdb,HDFC,hard_decline,UPI_AUTOPAY,4999,2026-08-18T04:22:00
fec327f0,Axis,insufficient_funds,RuPay,2999,2026-08-18T04:27:00
45d9070a,Axis,insufficient_funds,UPI_AUTOPAY,299,2026-08-18T04:28:00
b2965f4e,HDFC,timeout,RuPay,999,2026-08-18T04:28:00
e1d74699,ICICI,timeout,UPI_AUTOPAY,999,2026-08-18T04:28:00
870b8511,ICICI,issuer_unavailable,RuPay,4999,2026-08-18T04:29:00
834b5e03,SBI,insufficient_funds,Visa,999,2026-08-18T04:38:00
f3deafd6,HDFC,insufficient_funds,UPI_AUTOPAY,299,2026-08-18T04:40:00
edb37545,Kotak,insufficient_funds,UPI_AUTOPAY,4999,2026-08-18T04:49:00
b7479cfc,ICICI,timeout,UPI_AUTOPAY,2999,2026-08-18T04:57:00
0d6c8b08,Axis,timeout,Visa,199,2026-08-18T04:57:00
a57137fc,Axis,timeout,RuPay,299,2026-08-18T04:59:00
d8419331,HDFC,timeout,Visa,2999,2026-08-18T05:02:00
f974a9fd,HDFC,timeout,Visa,4999,2026-08-18T05:03:00
c6ccf243,Axis,timeout,Mastercard,4999,2026-08-18T05:05:00
93dde20c,Axis,timeout,RuPay,299,2026-08-18T05:11:00
8564baf9,Axis,insufficient_funds,UPI_AUTOPAY,499,2026-08-18T05:13:00
7b7c2709,SBI,insufficient_funds,Visa,499,2026-08-18T05:13:00
1c2aeebb,Axis,timeout,Visa,4999,2026-08-18T05:14:00
c3a547fb,ICICI,insufficient_funds,Visa,199,2026-08-18T05:14:00
d0ed768d,SBI,issuer_unavailable,Visa,4999,2026-08-18T05:20:00
204de619,Axis,issuer_unavailable,Mastercard,199,2026-08-18T05:23:00
dbee606d,SBI,timeout,Mastercard,4999,2026-08-18T05:26:00
918dec17,Kotak,insufficient_funds,RuPay,1499,2026-08-18T05:27:00
13745798,SBI,issuer_unavailable,UPI_AUTOPAY,999,2026-08-18T05:29:00
abf9d6fd,Axis,insufficient_funds,RuPay,299,2026-08-18T05:29:00
61e4549f,SBI,issuer_unavailable,UPI_AUTOPAY,2999,2026-08-18T05:36:00
6506ad58,Kotak,timeout,UPI_AUTOPAY,999,2026-08-18T05:38:00
4cd1abc7,SBI,insufficient_funds,Mastercard,999,2026-08-18T05:39:00
bee120f4,SBI,insufficient_funds,UPI_AUTOPAY,1499,2026-08-18T05:41:00
1837d9b1,ICICI,insufficient_funds,RuPay,299,2026-08-18T05:49:00
186702dc,HDFC,timeout,Mastercard,4999,2026-08-18T05:49:00
537022ce,ICICI,insufficient_funds,Visa,1499,2026-08-18T05:54:00
9fe06d29,SBI,insufficient_funds,Visa,199,2026-08-18T05:55:00
6de528e2,ICICI,hard_decline,Visa,199,2026-08-18T05:56:00
7f84aaf1,Kotak,timeout,Visa,999,2026-08-18T05:58:00
6cd24b99,SBI,timeout,RuPay,499,2026-08-18T05:58:00
ec1c3fa8,Axis,issuer_unavailable,Visa,999,2026-08-18T05:59:00
9a74bbf4,SBI,insufficient_funds,RuPay,299,2026-08-18T06:04:00
60ad6bbb,HDFC,insufficient_funds,RuPay,999,2026-08-18T06:08:00
13373819,Axis,timeout,RuPay,2999,2026-08-18T06:08:00
7754e200,Kotak,hard_decline,RuPay,2999,2026-08-18T06:12:00
29a2804b,SBI,timeout,RuPay,299,2026-08-18T06:12:00
1bf86d27,Axis,hard_decline,RuPay,4999,2026-08-18T06:12:00
15f9b8cc,Kotak,insufficient_funds,Mastercard,4999,2026-08-18T06:17:00
805cf509,SBI,insufficient_funds,UPI_AUTOPAY,299,2026-08-18T06:19:00
fb5b9d37,ICICI,issuer_unavailable,UPI_AUTOPAY,499,2026-08-18T06:20:00
ab99f63f,SBI,issuer_unavailable,RuPay,2999,2026-08-18T06:22:00
c54887e0,Axis,insufficient_funds,Visa,999,2026-08-18T06:23:00
e076f10d,ICICI,issuer_unavailable,UPI_AUTOPAY,299,2026-08-18T06:23:00
3a747676,ICICI,issuer_unavailable,UPI_AUTOPAY,4999,2026-08-18T06:32:00
bcbb3915,SBI,issuer_unavailable,UPI_AUTOPAY,199,2026-08-18T06:35:00
efb516dd,SBI,timeout,UPI_AUTOPAY,199,2026-08-18T06:42:00
9e27047f,SBI,timeout,Visa,499,2026-08-18T06:44:00
a53b73e8,HDFC,insufficient_funds,UPI_AUTOPAY,2999,2026-08-18T06:45:00
da4131d3,ICICI,insufficient_funds,Visa,499,2026-08-18T06:46:00
845fa64e,ICICI,issuer_unavailable,RuPay,199,2026-08-18T06:46:00
71ce5ab1,HDFC,insufficient_funds,UPI_AUTOPAY,2999,2026-08-18T06:48:00
2cf71094,SBI,timeout,Mastercard,299,2026-08-18T06:48:00
e019df7d,HDFC,insufficient_funds,Mastercard,199,2026-08-18T06:50:00
4f956a84,HDFC,timeout,Mastercard,299,2026-08-18T07:02:00
39147f48,Kotak,insufficient_funds,UPI_AUTOPAY,2999,2026-08-18T07:07:00
85e4bb6b,Axis,hard_decline,UPI_AUTOPAY,4999,2026-08-18T07:11:00
33627462,Kotak,insufficient_funds,UPI_AUTOPAY,4999,2026-08-18T07:13:00
4c2881ae,HDFC,insufficient_funds,Visa,299,2026-08-18T07:17:00
8aba0177,SBI,timeout,Visa,2999,2026-08-18T07:21:00
2065387f,ICICI,timeout,UPI_AUTOPAY,1499,2026-08-18T07:22:00
f10c3fb2,SBI,insufficient_funds,UPI_AUTOPAY,4999,2026-08-18T07:22:00
3f19a264,SBI,issuer_unavailable,UPI_AUTOPAY,999,2026-08-18T07:26:00
9b4fb218,Axis,timeout,RuPay,2999,2026-08-18T07:27:00
99054927,ICICI,timeout,Visa,499,2026-08-18T07:36:00
e5f3464e,Kotak,issuer_unavailable,RuPay,2999,2026-08-18T07:37:00
1c4e50b5,ICICI,issuer_unavailable,RuPay,999,2026-08-18T07:38:00
bda607c9,HDFC,timeout,RuPay,299,2026-08-18T07:39:00
7dd331fd,SBI,timeout,UPI_AUTOPAY,299,2026-08-18T07:48:00
f4b619e7,Axis,timeout,Mastercard,999,2026-08-18T07:50:00
51a485c8,ICICI,timeout,Visa,499,2026-08-18T07:53:00
4d255844,Axis,insufficient_funds,UPI_AUTOPAY,2999,2026-08-18T07:56:00
77f7d6c0,Axis,insufficient_funds,UPI_AUTOPAY,999,2026-08-18T07:59:00
9eb70958,SBI,timeout,Visa,4999,2026-08-18T07:59:00
dcbd67fe,ICICI,hard_decline,Mastercard,499,2026-08-18T08:02:00
79a820bd,ICICI,hard_decline,Visa,499,2026-08-18T08:03:00
b071c7f3,Kotak,timeout,UPI_AUTOPAY,4999,2026-08-18T08:18:00
31116730,ICICI,timeout,UPI_AUTOPAY,1499,2026-08-18T08:20:00
d85e3785,HDFC,issuer_unavailable,UPI_AUTOPAY,4999,2026-08-18T08:21:00
2f631940,HDFC,insufficient_funds,RuPay,4999,2026-08-18T08:22:00
9e85cc6a,Kotak,timeout,UPI_AUTOPAY,4999,2026-08-18T08:24:00
eb33f977,HDFC,timeout,Mastercard,2999,2026-08-18T08:25:00
9a32c1c1,Kotak,hard_decline,RuPay,499,2026-08-18T08:25:00
2a00bce9,SBI,timeout,UPI_AUTOPAY,1499,2026-08-18T08:26:00
a82ce189,ICICI,timeout,RuPay,299,2026-08-18T08:30:00
d14dcfcf,Kotak,hard_decline,RuPay,4999,2026-08-18T08:30:00
357af6a9,ICICI,issuer_unavailable,UPI_AUTOPAY,199,2026-08-18T08:36:00
30b9a3b8,SBI,insufficient_funds,UPI_AUTOPAY,299,2026-08-18T08:39:00
988296e3,HDFC,insufficient_funds,RuPay,299,2026-08-18T08:49:00
62cd63c6,Axis,insufficient_funds,Mastercard,999,2026-08-18T08:50:00
266178aa,SBI,issuer_unavailable,UPI_AUTOPAY,2999,2026-08-18T08:52:00
6e18de15,Axis,timeout,Visa,199,2026-08-18T08:57:00
b0888e61,HDFC,insufficient_funds,UPI_AUTOPAY,999,2026-08-18T08:57:00
6886cf18,HDFC,issuer_unavailable,Mastercard,999,2026-08-18T09:09:00
2eea0717,Kotak,insufficient_funds,UPI_AUTOPAY,999,2026-08-18T09:17:00
dfebf107,HDFC,hard_decline,Mastercard,1499,2026-08-18T09:20:00
849c267d,SBI,issuer_unavailable,Mastercard,1499,2026-08-18T09:21:00
24da9142,ICICI,issuer_unavailable,UPI_AUTOPAY,1499,2026-08-18T09:28:00
8be5da21,Axis,insufficient_funds,UPI_AUTOPAY,299,2026-08-18T09:30:00
79ac7583,HDFC,insufficient_funds,RuPay,199,2026-08-18T09:30:00
c336a7b5,HDFC,hard_decline,Mastercard,1499,2026-08-18T09:33:00
7b2f7b4d,ICICI,insufficient_funds,Visa,499,2026-08-18T09:38:00
40a89ec8,Kotak,insufficient_funds,UPI_AUTOPAY,299,2026-08-18T09:40:00
fa907522,HDFC,timeout,Mastercard,499,2026-08-18T09:41:00
431bc856,ICICI,issuer_unavailable,Visa,4999,2026-08-18T09:42:00
378562a4,Kotak,issuer_unavailable,RuPay,999,2026-08-18T09:48:00
4b88262a,SBI,hard_decline,Visa,999,2026-08-18T09:50:00
09992f6a,Kotak,timeout,RuPay,2999,2026-08-18T10:00:00
d42ebb16,ICICI,timeout,Visa,499,2026-08-18T10:01:00
a0d76ff3,Axis,timeout,UPI_AUTOPAY,199,2026-08-18T10:04:00
cd2bb49e,SBI,hard_decline,UPI_AUTOPAY,2999,2026-08-18T10:07:00
6afd8c76,Kotak,timeout,RuPay,199,2026-08-18T10:12:00
89acdf27,SBI,issuer_unavailable,RuPay,1499,2026-08-18T10:13:00
b959e57f,ICICI,timeout,Visa,1499,2026-08-18T10:17:00
2c9ff7f8,SBI,hard_decline,Visa,499,2026-08-18T10:24:00
46760f9a,Kotak,issuer_unavailable,UPI_AUTOPAY,199,2026-08-18T10:33:00
8def3c31,Axis,hard_decline,Visa,199,2026-08-18T10:37:00
e708e153,SBI,hard_decline,UPI_AUTOPAY,4999,2026-08-18T10:37:00
5bf0b4a4,Kotak,insufficient_funds,UPI_AUTOPAY,499,2026-08-18T10:39:00
56a23342,Kotak,issuer_unavailable,Visa,1499,2026-08-18T10:39:00
1918d876,ICICI,issuer_unavailable,UPI_AUTOPAY,499,2026-08-18T10:40:00
ab8a3be8,ICICI,insufficient_funds,UPI_AUTOPAY,499,2026-08-18T10:41:00
e5dc3159,SBI,timeout,UPI_AUTOPAY,499,2026-08-18T10:42:00
28306f2c,HDFC,timeout,Mastercard,999,2026-08-18T10:42:00
bf211206,SBI,insufficient_funds,UPI_AUTOPAY,4999,2026-08-18T10:47:00
b83a7e80,Axis,timeout,RuPay,4999,2026-08-18T10:50:00
391f52bd,SBI,issuer_unavailable,Mastercard,2999,2026-08-18T10:50:00
67f13129,HDFC,hard_decline,UPI_AUTOPAY,499,2026-08-18T10:51:00
c0877065,Kotak,timeout,RuPay,2999,2026-08-18T10:58:00
7a1f4e37,HDFC,issuer_unavailable,UPI_AUTOPAY,1499,2026-08-18T11:04:00
9723d2a7,SBI,insufficient_funds,UPI_AUTOPAY,499,2026-08-18T11:05:00
a4e15f22,HDFC,insufficient_funds,UPI_AUTOPAY,999,2026-08-18T11:05:00
c5f6bfa7,ICICI,insufficient_funds,Mastercard,2999,2026-08-18T11:08:00
dc983ce7,HDFC,issuer_unavailable,UPI_AUTOPAY,4999,2026-08-18T11:11:00
ea97cf15,SBI,insufficient_funds,Visa,2999,2026-08-18T11:13:00
dcb16c07,HDFC,issuer_unavailable,RuPay,499,2026-08-18T11:13:00
87b19f27,Axis,insufficient_funds,Visa,2999,2026-08-18T11:17:00
0d74e68a,Axis,timeout,UPI_AUTOPAY,499,2026-08-18T11:25:00
677176f6,SBI,hard_decline,Mastercard,1499,2026-08-18T11:25:00
faaa62d8,Axis,timeout,UPI_AUTOPAY,4999,2026-08-18T11:26:00
fa5d6a60,ICICI,timeout,UPI_AUTOPAY,2999,2026-08-18T11:27:00
cf0112fd,Kotak,hard_decline,UPI_AUTOPAY,2999,2026-08-18T11:32:00
1f209fb4,Axis,timeout,Visa,999,2026-08-18T11:34:00
cfa89764,ICICI,issuer_unavailable,UPI_AUTOPAY,1499,2026-08-18T11:40:00
f2d92328,ICICI,timeout,RuPay,299,2026-08-18T11:43:00
a336c756,HDFC,insufficient_funds,Mastercard,2999,2026-08-18T11:46:00
1af35682,SBI,issuer_unavailable,RuPay,299,2026-08-18T11:49:00
55b0f435,ICICI,issuer_unavailable,Visa,499,2026-08-18T11:50:00
8287ec51,Axis,timeout,UPI_AUTOPAY,1499,2026-08-18T11:54:00
2f9e2f4e,HDFC,insufficient_funds,UPI_AUTOPAY,2999,2026-08-18T12:00:00
4fd42017,HDFC,timeout,Mastercard,499,2026-08-18T12:03:00
6b16fdc8,Kotak,issuer_unavailable,RuPay,499,2026-08-18T12:05:00
1e5ce0f0,ICICI,issuer_unavailable,Mastercard,999,2026-08-18T12:11:00
e5f9ed21,Axis,timeout,UPI_AUTOPAY,299,2026-08-18T12:15:00
706c2ff6,HDFC,insufficient_funds,UPI_AUTOPAY,1499,2026-08-18T12:16:00
270323e6,HDFC,insufficient_funds,UPI_AUTOPAY,199,2026-08-18T12:19:00
2bfa89ba,ICICI,insufficient_funds,UPI_AUTOPAY,4999,2026-08-18T12:23:00
7c42efe3,ICICI,insufficient_funds,UPI_AUTOPAY,4999,2026-08-18T12:30:00
aec60b50,HDFC,insufficient_funds,RuPay,499,2026-08-18T12:31:00
98e8d2d1,Kotak,timeout,Visa,199,2026-08-18T12:36:00
f2abe407,Axis,issuer_unavailable,UPI_AUTOPAY,499,2026-08-18T12:37:00
df480f3e,ICICI,timeout,Visa,2999,2026-08-18T12:43:00
32ba904f,ICICI,insufficient_funds,UPI_AUTOPAY,499,2026-08-18T12:52:00
ff771d9c,HDFC,insufficient_funds,UPI_AUTOPAY,299,2026-08-18T12:59:00
688b4351,ICICI,insufficient_funds,UPI_AUTOPAY,4999,2026-08-18T12:59:00
04c42428,HDFC,timeout,UPI_AUTOPAY,299,2026-08-18T13:04:00
fb36919f,Axis,issuer_unavailable,Mastercard,2999,2026-08-18T13:07:00
4c0cc4b5,SBI,timeout,UPI_AUTOPAY,1499,2026-08-18T13:10:00
583b6dd4,ICICI,insufficient_funds,Visa,199,2026-08-18T13:12:00
7f1cce24,HDFC,timeout,UPI_AUTOPAY,299,2026-08-18T13:13:00
33e5b1cc,ICICI,hard_decline,RuPay,1499,2026-08-18T13:13:00
8ee6cf3d,HDFC,timeout,Visa,1499,2026-08-18T13:14:00
87db2d7d,SBI,timeout,RuPay,1499,2026-08-18T13:15:00
52b19000,Axis,insufficient_funds,UPI_AUTOPAY,299,2026-08-18T13:17:00
59c9bdf4,SBI,insufficient_funds,UPI_AUTOPAY,1499,2026-08-18T13:23:00
fff506c0,HDFC,insufficient_funds,UPI_AUTOPAY,2999,2026-08-18T13:27:00
74b911ef,ICICI,insufficient_funds,UPI_AUTOPAY,999,2026-08-18T13:35:00
60f410b5,Axis,timeout,Visa,1499,2026-08-18T13:41:00
ea5d2695,Kotak,timeout,RuPay,2999,2026-08-18T13:41:00
8481eb25,ICICI,timeout,RuPay,1499,2026-08-18T13:52:00
6511ac69,SBI,issuer_unavailable,UPI_AUTOPAY,299,2026-08-18T13:52:00
003adec1,Kotak,hard_decline,UPI_AUTOPAY,1499,2026-08-18T13:56:00
1e3c2964,HDFC,insufficient_funds,UPI_AUTOPAY,2999,2026-08-18T13:58:00
080dfc04,HDFC,insufficient_funds,RuPay,2999,2026-08-18T13:59:00
9ef472e8,Axis,hard_decline,RuPay,999,2026-08-18T13:59:00
3b75c89c,Kotak,issuer_unavailable,Visa,2999,2026-08-18T14:02:00
c9ebc3ac,ICICI,issuer_unavailable,UPI_AUTOPAY,299,2026-08-18T14:08:00
044a6404,Kotak,insufficient_funds,RuPay,199,2026-08-18T14:12:00
800769f5,ICICI,issuer_unavailable,UPI_AUTOPAY,1499,2026-08-18T14:16:00
05b2455d,ICICI,timeout,Mastercard,4999,2026-08-18T14:17:00
d7c39e15,Kotak,issuer_unavailable,UPI_AUTOPAY,4999,2026-08-18T14:18:00
27a6d44a,SBI,issuer_unavailable,Mastercard,499,2026-08-18T14:20:00
6605ac0a,Kotak,hard_decline,UPI_AUTOPAY,2999,2026-08-18T14:31:00
1b4cadb6,Kotak,issuer_unavailable,RuPay,999,2026-08-18T14:35:00
236bc346,SBI,timeout,RuPay,499,2026-08-18T14:43:00
c81fabf3,Axis,timeout,Mastercard,499,2026-08-18T14:46:00
29650a32,ICICI,timeout,Mastercard,299,2026-08-18T14:47:00
da402ae7,Axis,timeout,Visa,299,2026-08-18T14:50:00
58ebb53f,Kotak,timeout,RuPay,299,2026-08-18T15:01:00
a20ee333,HDFC,timeout,UPI_AUTOPAY,299,2026-08-18T15:03:00
3a960502,ICICI,issuer_unavailable,Mastercard,999,2026-08-18T15:05:00
b38a69e6,HDFC,issuer_unavailable,RuPay,999,2026-08-18T15:14:00
d6265403,SBI,issuer_unavailable,Mastercard,1499,2026-08-18T15:14:00
a321034f,HDFC,issuer_unavailable,Visa,1499,2026-08-18T15:14:00
080c05b5,Axis,timeout,UPI_AUTOPAY,199,2026-08-18T15:18:00
735f6e31,Kotak,hard_decline,UPI_AUTOPAY,4999,2026-08-18T15:19:00
12150005,HDFC,issuer_unavailable,UPI_AUTOPAY,999,2026-08-18T15:22:00
84c32fa7,Axis,issuer_unavailable,Visa,4999,2026-08-18T15:23:00
0bac4a3a,HDFC,issuer_unavailable,UPI_AUTOPAY,199,2026-08-18T15:26:00
40d5af1a,ICICI,timeout,UPI_AUTOPAY,999,2026-08-18T15:28:00
31fdfe2f,ICICI,hard_decline,UPI_AUTOPAY,1499,2026-08-18T15:33:00
209e0461,Kotak,hard_decline,RuPay,2999,2026-08-18T15:38:00
ad5c3594,ICICI,issuer_unavailable,RuPay,1499,2026-08-18T15:39:00
8f59a134,SBI,timeout,UPI_AUTOPAY,1499,2026-08-18T15:43:00
45bd5c95,Kotak,insufficient_funds,UPI_AUTOPAY,2999,2026-08-18T15:44:00
e7eccfdf,Kotak,timeout,UPI_AUTOPAY,999,2026-08-18T15:46:00
baaa6a2c,Kotak,timeout,UPI_AUTOPAY,999,2026-08-18T15:58:00
68c44575,Kotak,insufficient_funds,RuPay,499,2026-08-18T16:00:00
625836a6,Kotak,issuer_unavailable,UPI_AUTOPAY,199,2026-08-18T16:06:00
cf830407,SBI,timeout,UPI_AUTOPAY,199,2026-08-18T16:11:00
a3d7d805,SBI,issuer_unavailable,UPI_AUTOPAY,1499,2026-08-18T16:12:00
6740181a,SBI,issuer_unavailable,RuPay,999,2026-08-18T16:13:00
edbe196e,HDFC,hard_decline,RuPay,299,2026-08-18T16:14:00
d521e06b,Axis,timeout,UPI_AUTOPAY,2999,2026-08-18T16:17:00
17e6a0c8,Axis,issuer_unavailable,UPI_AUTOPAY,1499,2026-08-18T16:19:00
7becbf9c,Axis,timeout,Mastercard,4999,2026-08-18T16:20:00
fcf545f5,HDFC,hard_decline,Visa,299,2026-08-18T16:22:00
4f0caf81,ICICI,issuer_unavailable,UPI_AUTOPAY,4999,2026-08-18T16:27:00
607ede27,SBI,insufficient_funds,Visa,1499,2026-08-18T16:31:00
f9076153,ICICI,issuer_unavailable,RuPay,2999,2026-08-18T16:33:00
4695fab1,Kotak,timeout,UPI_AUTOPAY,1499,2026-08-18T16:35:00
6cd31b52,Kotak,insufficient_funds,UPI_AUTOPAY,999,2026-08-18T16:36:00
20ca1830,Kotak,timeout,Mastercard,4999,2026-08-18T16:37:00
345f4ed0,Axis,timeout,Visa,2999,2026-08-18T16:39:00
b4645f84,ICICI,hard_decline,UPI_AUTOPAY,299,2026-08-18T16:48:00
e1749c3a,ICICI,timeout,UPI_AUTOPAY,4999,2026-08-18T16:48:00
ee6e6155,SBI,timeout,Visa,2999,2026-08-18T16:50:00
925cf9a2,SBI,timeout,UPI_AUTOPAY,299,2026-08-18T16:51:00
2c824d35,Kotak,timeout,Visa,299,2026-08-18T16:56:00
60d7bf5a,Axis,timeout,UPI_AUTOPAY,299,2026-08-18T16:58:00
fe529d5d,Axis,insufficient_funds,Visa,1499,2026-08-18T16:59:00
bc04cf4b,SBI,hard_decline,Mastercard,4999,2026-08-18T17:01:00
edda4922,HDFC,issuer_unavailable,UPI_AUTOPAY,199,2026-08-18T17:05:00
4c51c48f,Kotak,issuer_unavailable,RuPay,199,2026-08-18T17:08:00
ba855299,HDFC,hard_decline,Visa,1499,2026-08-18T17:16:00
49861609,HDFC,insufficient_funds,RuPay,999,2026-08-18T17:18:00
06a1cf0c,SBI,timeout,RuPay,499,2026-08-18T17:20:00
c8ee5698,SBI,insufficient_funds,Mastercard,199,2026-08-18T17:23:00
b2049fe9,Axis,insufficient_funds,UPI_AUTOPAY,2999,2026-08-18T17:26:00
40aaabc4,SBI,timeout,UPI_AUTOPAY,2999,2026-08-18T17:27:00
dd5b767e,Kotak,timeout,Visa,999,2026-08-18T17:29:00
354ecafb,ICICI,insufficient_funds,UPI_AUTOPAY,999,2026-08-18T17:31:00
98b6a954,Kotak,timeout,Mastercard,199,2026-08-18T17:33:00
25d5305c,Kotak,issuer_unavailable,RuPay,1499,2026-08-18T17:35:00
4560d3c5,Axis,insufficient_funds,UPI_AUTOPAY,1499,2026-08-18T17:37:00
1d27d0b2,Kotak,issuer_unavailable,UPI_AUTOPAY,199,2026-08-18T17:37:00
d1413149,Kotak,timeout,UPI_AUTOPAY,1499,2026-08-18T17:37:00
e16c3448,Kotak,hard_decline,Visa,299,2026-08-18T17:41:00
cf94b74e,SBI,insufficient_funds,UPI_AUTOPAY,4999,2026-08-18T17:41:00
cc2bfb7f,SBI,hard_decline,Mastercard,4999,2026-08-18T17:42:00
c37cafa3,Kotak,insufficient_funds,RuPay,199,2026-08-18T17:44:00
3161183a,Kotak,issuer_unavailable,UPI_AUTOPAY,299,2026-08-18T17:44:00
cbccb42f,ICICI,hard_decline,Visa,299,2026-08-18T17:45:00
d165e995,ICICI,insufficient_funds,Visa,299,2026-08-18T17:46:00
3043e056,ICICI,hard_decline,UPI_AUTOPAY,199,2026-08-18T17:47:00
df2325e3,Axis,hard_decline,RuPay,299,2026-08-18T17:50:00
160b698d,SBI,issuer_unavailable,RuPay,1499,2026-08-18T17:54:00
83976651,ICICI,insufficient_funds,RuPay,999,2026-08-18T18:07:00
4073beec,HDFC,hard_decline,UPI_AUTOPAY,2999,2026-08-18T18:10:00
75603426,SBI,timeout,Mastercard,4999,2026-08-18T18:12:00
5afa38d7,SBI,issuer_unavailable,Mastercard,4999,2026-08-18T18:12:00
bdf6b070,Kotak,insufficient_funds,RuPay,4999,2026-08-18T18:13:00
def29de8,SBI,timeout,Mastercard,299,2026-08-18T18:22:00
8e396f53,Kotak,timeout,RuPay,4999,2026-08-18T18:30:00
e48db241,Axis,issuer_unavailable,RuPay,499,2026-08-18T18:31:00
8e68cab1,Kotak,insufficient_funds,Mastercard,499,2026-08-18T18:36:00
4c2eed10,Axis,timeout,UPI_AUTOPAY,2999,2026-08-18T18:44:00
a2c8c8ac,SBI,timeout,UPI_AUTOPAY,199,2026-08-18T18:50:00
b85c6b90,Axis,timeout,UPI_AUTOPAY,999,2026-08-18T18:54:00
9ff0d432,Kotak,timeout,UPI_AUTOPAY,499,2026-08-18T18:57:00
3757a65c,Axis,timeout,UPI_AUTOPAY,2999,2026-08-18T19:03:00
60b2e30b,ICICI,hard_decline,UPI_AUTOPAY,199,2026-08-18T19:03:00
54f7e9ef,Kotak,timeout,UPI_AUTOPAY,999,2026-08-18T19:15:00
29c82c8f,SBI,issuer_unavailable,RuPay,4999,2026-08-18T19:17:00
2c8e4785,HDFC,issuer_unavailable,UPI_AUTOPAY,999,2026-08-18T19:18:00
ebbf86a9,SBI,issuer_unavailable,Visa,2999,2026-08-18T19:18:00
7488c05a,Axis,issuer_unavailable,UPI_AUTOPAY,2999,2026-08-18T19:19:00
ffbd7896,HDFC,timeout,Visa,1499,2026-08-18T19:22:00
9f0ca58f,Axis,timeout,Visa,499,2026-08-18T19:22:00
35c8385c,Kotak,issuer_unavailable,UPI_AUTOPAY,299,2026-08-18T19:33:00
1fc9a503,SBI,timeout,RuPay,499,2026-08-18T19:34:00
9e98c3f6,HDFC,insufficient_funds,Visa,2999,2026-08-18T19:36:00
9976826f,SBI,timeout,RuPay,199,2026-08-18T19:43:00
5de23384,SBI,hard_decline,RuPay,4999,2026-08-18T19:44:00
b2703478,SBI,hard_decline,RuPay,299,2026-08-18T19:44:00
429f5648,Axis,insufficient_funds,UPI_AUTOPAY,1499,2026-08-18T19:46:00
7df5cba6,HDFC,issuer_unavailable,RuPay,499,2026-08-18T19:47:00
6cc40bdb,Axis,timeout,Visa,499,2026-08-18T19:47:00
49f26e33,ICICI,timeout,UPI_AUTOPAY,499,2026-08-18T19:47:00
111c4b11,HDFC,issuer_unavailable,UPI_AUTOPAY,999,2026-08-18T19:47:00
19176d17,SBI,insufficient_funds,Mastercard,1499,2026-08-18T19:48:00
7736ab60,Kotak,insufficient_funds,UPI_AUTOPAY,299,2026-08-18T19:50:00
384de459,Axis,insufficient_funds,UPI_AUTOPAY,1499,2026-08-18T19:52:00
1ced5546,SBI,issuer_unavailable,RuPay,4999,2026-08-18T19:52:00
59563c33,ICICI,insufficient_funds,UPI_AUTOPAY,999,2026-08-18T19:54:00
9fc0f8dd,Kotak,timeout,Visa,999,2026-08-18T19:57:00
46ff1473,ICICI,insufficient_funds,Mastercard,199,2026-08-18T20:00:00
d2dae4bd,Kotak,timeout,UPI_AUTOPAY,1499,2026-08-18T20:00:00
84952bc6,Kotak,timeout,UPI_AUTOPAY,299,2026-08-18T20:05:00
2c099d69,HDFC,insufficient_funds,Visa,1499,2026-08-18T20:09:00
58be04c1,SBI,insufficient_funds,RuPay,2999,2026-08-18T20:13:00
8ff9500f,Axis,insufficient_funds,UPI_AUTOPAY,999,2026-08-18T20:13:00
6bb38644,Kotak,timeout,Mastercard,299,2026-08-18T20:20:00
609e6be6,Axis,timeout,Mastercard,499,2026-08-18T20:27:00
95fd8703,Axis,hard_decline,UPI_AUTOPAY,999,2026-08-18T20:29:00
0e9a8a8e,ICICI,hard_decline,UPI_AUTOPAY,2999,2026-08-18T20:31:00
46beba8f,HDFC,timeout,Visa,999,2026-08-18T20:32:00
dc06a848,Kotak,timeout,Mastercard,299,2026-08-18T20:34:00
59800339,ICICI,insufficient_funds,UPI_AUTOPAY,999,2026-08-18T20:39:00
f470a149,Axis,timeout,Visa,199,2026-08-18T20:44:00
9ad314a2,ICICI,timeout,UPI_AUTOPAY,4999,2026-08-18T20:45:00
120e5556,Axis,timeout,Visa,4999,2026-08-18T20:47:00
11725a1b,Axis,timeout,UPI_AUTOPAY,999,2026-08-18T20:48:00
de6d6d76,Axis,timeout,Visa,999,2026-08-18T20:49:00
25ca647f,Axis,insufficient_funds,UPI_AUTOPAY,4999,2026-08-18T20:54:00
146debbc,Kotak,hard_decline,UPI_AUTOPAY,299,2026-08-18T20:54:00
5eb75f2b,Kotak,insufficient_funds,Mastercard,199,2026-08-18T20:57:00
d139b1d6,Axis,timeout,UPI_AUTOPAY,1499,2026-08-18T20:58:00
3baa405b,Axis,insufficient_funds,RuPay,1499,2026-08-18T21:02:00
92812515,Axis,timeout,Visa,2999,2026-08-18T21:02:00
711ab29f,Kotak,timeout,UPI_AUTOPAY,999,2026-08-18T21:03:00
bacb50d7,SBI,timeout,Visa,1499,2026-08-18T21:06:00
8e35bf01,Axis,timeout,UPI_AUTOPAY,1499,2026-08-18T21:12:00
ab72d740,ICICI,timeout,Visa,2999,2026-08-18T21:26:00
50a5fb45,HDFC,insufficient_funds,Visa,4999,2026-08-18T21:29:00
aca6e406,SBI,issuer_unavailable,Visa,999,2026-08-18T21:43:00
aceeda58,ICICI,insufficient_funds,Visa,499,2026-08-18T21:58:00
60ea1a40,Axis,timeout,UPI_AUTOPAY,299,2026-08-18T22:00:00
3f545cd3,Axis,issuer_unavailable,Mastercard,2999,2026-08-18T22:03:00
9c255ff0,Axis,issuer_unavailable,UPI_AUTOPAY,499,2026-08-18T22:08:00
40c8a4fc,Kotak,timeout,Mastercard,499,2026-08-18T22:09:00
c7f84948,Axis,timeout,Mastercard,999,2026-08-18T22:10:00
4e685ac5,Axis,hard_decline,RuPay,4999,2026-08-18T22:11:00
01430cba,SBI,hard_decline,UPI_AUTOPAY,499,2026-08-18T22:11:00
8d800aa5,Kotak,timeout,Visa,499,2026-08-18T22:12:00
7befe833,SBI,issuer_unavailable,Mastercard,499,2026-08-18T22:13:00
e9c67ca4,HDFC,timeout,RuPay,4999,2026-08-18T22:13:00
17e88cad,Axis,timeout,UPI_AUTOPAY,499,2026-08-18T22:14:00
c5b2745e,SBI,issuer_unavailable,Mastercard,499,2026-08-18T22:25:00
1a254747,Axis,issuer_unavailable,UPI_AUTOPAY,4999,2026-08-18T22:33:00
53a484bc,HDFC,insufficient_funds,UPI_AUTOPAY,4999,2026-08-18T22:35:00
4d5c4d29,HDFC,issuer_unavailable,Mastercard,1499,2026-08-18T22:36:00
563db670,Axis,timeout,UPI_AUTOPAY,199,2026-08-18T22:40:00
b83920bf,ICICI,timeout,RuPay,499,2026-08-18T22:42:00
345545f5,SBI,timeout,UPI_AUTOPAY,199,2026-08-18T22:46:00
b70fea39,Kotak,timeout,UPI_AUTOPAY,999,2026-08-18T22:48:00
dd9075e1,SBI,insufficient_funds,UPI_AUTOPAY,299,2026-08-18T22:48:00
4fdac608,HDFC,insufficient_funds,RuPay,499,2026-08-18T22:49:00
da75e9aa,Kotak,insufficient_funds,UPI_AUTOPAY,999,2026-08-18T22:51:00
4d2f0ffb,SBI,insufficient_funds,RuPay,999,2026-08-18T22:56:00
ec789076,Axis,issuer_unavailable,Mastercard,499,2026-08-18T22:57:00
4f4ec4f3,Kotak,hard_decline,RuPay,2999,2026-08-18T22:58:00
ceb0131c,SBI,timeout,UPI_AUTOPAY,999,2026-08-18T22:59:00
1fcdcea2,SBI,timeout,UPI_AUTOPAY,4999,2026-08-18T23:02:00
0d722e41,SBI,issuer_unavailable,Visa,299,2026-08-18T23:04:00
fe4cb8d5,ICICI,timeout,Mastercard,199,2026-08-18T23:04:00
abf60321,HDFC,timeout,RuPay,499,2026-08-18T23:05:00
02fa29af,Axis,insufficient_funds,Mastercard,4999,2026-08-18T23:07:00
c2823f72,ICICI,timeout,UPI_AUTOPAY,999,2026-08-18T23:09:00
8e2a6f11,SBI,timeout,RuPay,999,2026-08-18T23:12:00
c0d7a7f4,ICICI,insufficient_funds,Mastercard,299,2026-08-18T23:20:00
9dc6e7f4,Axis,issuer_unavailable,RuPay,1499,2026-08-18T23:20:00
ccc1bcd3,Kotak,hard_decline,Visa,299,2026-08-18T23:20:00
c7e1a491,Kotak,timeout,Visa,999,2026-08-18T23:21:00
4f997760,HDFC,timeout,Mastercard,1499,2026-08-18T23:23:00
1eee5c16,SBI,timeout,RuPay,999,2026-08-18T23:24:00
fedeed9b,Kotak,timeout,Mastercard,199,2026-08-18T23:29:00
815cea27,SBI,timeout,UPI_AUTOPAY,499,2026-08-18T23:31:00
1123eb87,HDFC,timeout,UPI_AUTOPAY,299,2026-08-18T23:32:00
5084e983,Axis,timeout,Mastercard,499,2026-08-18T23:38:00
41f82549,ICICI,insufficient_funds,RuPay,999,2026-08-18T23:42:00
5f1ae760,ICICI,insufficient_funds,Visa,299,2026-08-18T23:48:00
1fe7fff2,SBI,timeout,UPI_AUTOPAY,1499,2026-08-18T23:49:00
3d50bc03,Axis,hard_decline,UPI_AUTOPAY,2999,2026-08-18T23:49:00
ac0d766c,Kotak,timeout,Mastercard,499,2026-08-18T23:54:00
a9fb2d28,HDFC,insufficient_funds,RuPay,199,2026-08-18T23:55:00
4be50ce7,ICICI,insufficient_funds,Visa,999,2026-08-19T00:06:00
b8c60272,ICICI,hard_decline,RuPay,499,2026-08-19T00:07:00
34ef1053,Kotak,issuer_unavailable,Mastercard,2999,2026-08-19T00:21:00
46ac8c03,ICICI,insufficient_funds,RuPay,999,2026-08-19T00:29:00
3ff50b01,Kotak,timeout,Visa,1499,2026-08-19T00:33:00
93e7478e,Axis,hard_decline,Mastercard,1499,2026-08-19T00:37:00
96dcb5e1,Kotak,issuer_unavailable,Visa,499,2026-08-19T00:39:00
6a5e81fb,ICICI,timeout,Mastercard,2999,2026-08-19T00:40:00
cd562e57,HDFC,insufficient_funds,UPI_AUTOPAY,299,2026-08-19T00:41:00
7cb55e7b,Kotak,insufficient_funds,UPI_AUTOPAY,299,2026-08-19T00:46:00
363d55d9,Kotak,timeout,UPI_AUTOPAY,4999,2026-08-19T00:47:00
2947ae82,SBI,issuer_unavailable,UPI_AUTOPAY,4999,2026-08-19T00:49:00
7a5b588e,SBI,timeout,Mastercard,999,2026-08-19T00:53:00
d603ed3d,ICICI,timeout,UPI_AUTOPAY,2999,2026-08-19T00:58:00
98f6a406,ICICI,insufficient_funds,Visa,1499,2026-08-19T01:03:00
8673f2ba,ICICI,insufficient_funds,UPI_AUTOPAY,499,2026-08-19T01:04:00
4e3f80a6,SBI,hard_decline,Visa,499,2026-08-19T01:12:00
058d0a2f,HDFC,timeout,Visa,199,2026-08-19T01:15:00
0bf411cf,ICICI,timeout,Visa,499,2026-08-19T01:24:00
aaae4250,Kotak,insufficient_funds,UPI_AUTOPAY,499,2026-08-19T01:27:00
59204220,Axis,timeout,UPI_AUTOPAY,999,2026-08-19T01:32:00
221c5482,SBI,issuer_unavailable,Visa,4999,2026-08-19T01:34:00
d8ab6edb,HDFC,issuer_unavailable,RuPay,999,2026-08-19T01:42:00
aeb43ebd,HDFC,issuer_unavailable,Mastercard,299,2026-08-19T01:46:00
e55218e7,Kotak,insufficient_funds,RuPay,199,2026-08-19T01:50:00
8c9ca6e4,ICICI,insufficient_funds,Visa,999,2026-08-19T01:53:00
1fd633be,ICICI,timeout,Visa,999,2026-08-19T01:54:00
9733c025,HDFC,timeout,UPI_AUTOPAY,499,2026-08-19T01:55:00
f9917170,ICICI,timeout,Visa,2999,2026-08-19T01:58:00
755e1209,Kotak,insufficient_funds,UPI_AUTOPAY,1499,2026-08-19T02:03:00
3eaef290,HDFC,hard_decline,Mastercard,199,2026-08-19T02:07:00
2a147bde,SBI,insufficient_funds,UPI_AUTOPAY,199,2026-08-19T02:07:00
32bd9028,Axis,insufficient_funds,RuPay,499,2026-08-19T02:13:00
23a77368,Axis,insufficient_funds,Visa,4999,2026-08-19T02:14:00
a4414954,ICICI,timeout,UPI_AUTOPAY,1499,2026-08-19T02:19:00
5866b2df,HDFC,insufficient_funds,RuPay,999,2026-08-19T02:23:00
86f25557,HDFC,insufficient_funds,RuPay,499,2026-08-19T02:24:00
c0852d54,SBI,issuer_unavailable,Mastercard,299,2026-08-19T02:25:00
82be9db3,ICICI,issuer_unavailable,RuPay,199,2026-08-19T02:28:00
0dffb906,Axis,timeout,UPI_AUTOPAY,4999,2026-08-19T02:29:00
728bec2a,Kotak,timeout,RuPay,4999,2026-08-19T02:30:00
91bf2595,Kotak,issuer_unavailable,UPI_AUTOPAY,999,2026-08-19T02:31:00
bade3f04,Axis,timeout,Mastercard,4999,2026-08-19T02:33:00
48d00f29,Axis,insufficient_funds,RuPay,2999,2026-08-19T02:36:00
587477c0,ICICI,insufficient_funds,UPI_AUTOPAY,299,2026-08-19T02:41:00
caf1423e,SBI,insufficient_funds,UPI_AUTOPAY,299,2026-08-19T02:44:00
2df007ea,Kotak,timeout,UPI_AUTOPAY,199,2026-08-19T02:45:00
ffab2032,ICICI,issuer_unavailable,UPI_AUTOPAY,299,2026-08-19T02:49:00
2a070cf4,Kotak,issuer_unavailable,RuPay,4999,2026-08-19T02:50:00
4f134857,ICICI,issuer_unavailable,Mastercard,2999,2026-08-19T02:51:00
c087377a,HDFC,issuer_unavailable,RuPay,199,2026-08-19T03:03:00
7fb0711b,SBI,insufficient_funds,Mastercard,4999,2026-08-19T03:03:00
321ca898,Axis,issuer_unavailable,Mastercard,1499,2026-08-19T03:05:00
ef5c050c,Axis,issuer_unavailable,UPI_AUTOPAY,4999,2026-08-19T03:07:00
121bd964,Kotak,insufficient_funds,RuPay,299,2026-08-19T03:09:00
c235b3ed,SBI,hard_decline,UPI_AUTOPAY,1499,2026-08-19T03:13:00
f7711f74,HDFC,insufficient_funds,Mastercard,4999,2026-08-19T03:15:00
17941fbe,HDFC,issuer_unavailable,RuPay,1499,2026-08-19T03:18:00
9133526d,HDFC,issuer_unavailable,UPI_AUTOPAY,4999,2026-08-19T03:18:00
fd555285,Kotak,issuer_unavailable,Visa,1499,2026-08-19T03:19:00
cd1d55be,Axis,issuer_unavailable,RuPay,199,2026-08-19T03:21:00
40900fdd,Kotak,timeout,UPI_AUTOPAY,1499,2026-08-19T03:25:00
b31b40bc,Axis,timeout,UPI_AUTOPAY,999,2026-08-19T03:28:00
e84d7210,Axis,insufficient_funds,UPI_AUTOPAY,2999,2026-08-19T03:29:00
2ed8b3f6,ICICI,insufficient_funds,UPI_AUTOPAY,999,2026-08-19T03:30:00
fbf668c8,SBI,issuer_unavailable,RuPay,4999,2026-08-19T03:35:00
21449cff,ICICI,hard_decline,UPI_AUTOPAY,1499,2026-08-19T03:36:00
b59896bf,Kotak,insufficient_funds,Mastercard,199,2026-08-19T03:39:00
754232a3,ICICI,issuer_unavailable,Mastercard,299,2026-08-19T03:40:00
73bb4d9d,Axis,insufficient_funds,RuPay,499,2026-08-19T03:43:00
4077c05c,ICICI,insufficient_funds,Visa,999,2026-08-19T03:44:00
54e6c129,ICICI,timeout,RuPay,199,2026-08-19T03:44:00
9e062d22,SBI,issuer_unavailable,UPI_AUTOPAY,499,2026-08-19T03:49:00
f2061e58,Kotak,issuer_unavailable,Visa,4999,2026-08-19T03:50:00
666ce0ef,ICICI,issuer_unavailable,Mastercard,499,2026-08-19T03:51:00
4d283ad2,Axis,hard_decline,Visa,199,2026-08-19T03:53:00
04e7174d,Axis,timeout,RuPay,999,2026-08-19T03:57:00
23e9322b,SBI,timeout,UPI_AUTOPAY,4999,2026-08-19T03:58:00
bc9be73e,ICICI,insufficient_funds,Visa,1499,2026-08-19T04:02:00
4c457063,Axis,timeout,Mastercard,4999,2026-08-19T04:06:00
4c77ee65,ICICI,hard_decline,UPI_AUTOPAY,2999,2026-08-19T04:09:00
d9879590,Axis,timeout,UPI_AUTOPAY,2999,2026-08-19T04:12:00
efd31df5,HDFC,timeout,Visa,4999,2026-08-19T04:14:00
dd86bba8,Axis,insufficient_funds,UPI_AUTOPAY,4999,2026-08-19T04:15:00
9d638e73,HDFC,timeout,UPI_AUTOPAY,199,2026-08-19T04:16:00
9045bf2f,ICICI,insufficient_funds,UPI_AUTOPAY,999,2026-08-19T04:21:00
112f8b34,Kotak,issuer_unavailable,Visa,1499,2026-08-19T04:25:00
aa8d0709,SBI,timeout,Mastercard,1499,2026-08-19T04:30:00
03ec4ac1,Axis,timeout,RuPay,299,2026-08-19T04:33:00
5a0f47af,Kotak,timeout,Visa,499,2026-08-19T04:33:00
13737a00,HDFC,insufficient_funds,UPI_AUTOPAY,2999,2026-08-19T04:34:00
0cf7dfb3,Kotak,timeout,Visa,2999,2026-08-19T04:35:00
eadef35b,SBI,insufficient_funds,UPI_AUTOPAY,1499,2026-08-19T04:36:00
e3eb7d5b,Axis,issuer_unavailable,RuPay,499,2026-08-19T04:37:00
6a3c1e5b,HDFC,timeout,UPI_AUTOPAY,4999,2026-08-19T04:42:00
0c877160,HDFC,issuer_unavailable,UPI_AUTOPAY,999,2026-08-19T04:43:00
d86f584f,Kotak,hard_decline,UPI_AUTOPAY,4999,2026-08-19T04:44:00
e97f3896,ICICI,timeout,UPI_AUTOPAY,999,2026-08-19T04:46:00
033be2ef,SBI,insufficient_funds,UPI_AUTOPAY,2999,2026-08-19T04:47:00
10cdde75,HDFC,issuer_unavailable,UPI_AUTOPAY,999,2026-08-19T04:47:00
bea38461,Kotak,insufficient_funds,Visa,1499,2026-08-19T04:47:00
bd73fde9,Kotak,issuer_unavailable,Mastercard,999,2026-08-19T04:48:00
87228ef4,Axis,timeout,Visa,2999,2026-08-19T04:49:00
8a597ac2,HDFC,issuer_unavailable,RuPay,4999,2026-08-19T04:52:00
24d173ef,ICICI,hard_decline,Mastercard,4999,2026-08-19T05:10:00
6ec7237d,SBI,timeout,Visa,4999,2026-08-19T05:11:00
b00a0e75,SBI,insufficient_funds,RuPay,999,2026-08-19T05:13:00
32427b24,Axis,timeout,Visa,4999,2026-08-19T05:14:00
8ec7a44a,Kotak,insufficient_funds,UPI_AUTOPAY,2999,2026-08-19T05:14:00
55c3d2d6,ICICI,insufficient_funds,UPI_AUTOPAY,299,2026-08-19T05:15:00
733b90f2,SBI,issuer_unavailable,RuPay,199,2026-08-19T05:17:00
54f23e48,Kotak,timeout,UPI_AUTOPAY,999,2026-08-19T05:18:00
120e10f4,Axis,insufficient_funds,UPI_AUTOPAY,2999,2026-08-19T05:19:00
e0ddaf20,HDFC,insufficient_funds,RuPay,2999,2026-08-19T05:21:00
e2f90f5f,Kotak,timeout,UPI_AUTOPAY,2999,2026-08-19T05:22:00
792bb03b,Axis,insufficient_funds,Visa,2999,2026-08-19T05:30:00
82616e20,Kotak,insufficient_funds,UPI_AUTOPAY,299,2026-08-19T05:37:00
ed499b40,Kotak,timeout,UPI_AUTOPAY,499,2026-08-19T05:39:00
f52b0dbc,HDFC,issuer_unavailable,UPI_AUTOPAY,499,2026-08-19T05:40:00
ee6927df,ICICI,issuer_unavailable,UPI_AUTOPAY,4999,2026-08-19T05:42:00
22372260,ICICI,timeout,UPI_AUTOPAY,299,2026-08-19T05:51:00
9aafaf22,Kotak,timeout,RuPay,1499,2026-08-19T05:54:00
7a49eee2,HDFC,hard_decline,UPI_AUTOPAY,299,2026-08-19T05:57:00
27f4c945,Kotak,timeout,Visa,499,2026-08-19T05:59:00
45a98c5d,SBI,insufficient_funds,UPI_AUTOPAY,2999,2026-08-19T06:02:00
21b92e8d,HDFC,timeout,UPI_AUTOPAY,299,2026-08-19T06:10:00
c2828160,HDFC,timeout,Visa,299,2026-08-19T06:21:00
b926f9dd,HDFC,timeout,UPI_AUTOPAY,2999,2026-08-19T06:29:00
c46d46b3,ICICI,timeout,RuPay,1499,2026-08-19T06:29:00
423bd376,ICICI,insufficient_funds,Mastercard,199,2026-08-19T06:33:00
92ac411c,HDFC,issuer_unavailable,RuPay,499,2026-08-19T06:36:00
5b610928,Axis,insufficient_funds,Visa,299,2026-08-19T06:36:00
f6575b2f,Kotak,insufficient_funds,UPI_AUTOPAY,999,2026-08-19T06:42:00
6e13f18f,HDFC,insufficient_funds,UPI_AUTOPAY,199,2026-08-19T06:44:00
15559055,Kotak,insufficient_funds,RuPay,2999,2026-08-19T06:45:00
12750d2e,SBI,insufficient_funds,UPI_AUTOPAY,4999,2026-08-19T06:45:00
2c943c59,ICICI,insufficient_funds,Visa,999,2026-08-19T06:45:00
8046e4a7,HDFC,timeout,UPI_AUTOPAY,299,2026-08-19T06:47:00
22a55ba4,SBI,timeout,Visa,2999,2026-08-19T06:51:00
576504ce,ICICI,timeout,RuPay,499,2026-08-19T06:52:00
9b97d358,SBI,timeout,UPI_AUTOPAY,299,2026-08-19T06:54:00
2e9fd691,ICICI,issuer_unavailable,UPI_AUTOPAY,999,2026-08-19T06:55:00
ec0f382d,ICICI,timeout,Visa,499,2026-08-19T07:00:00
a7f2c340,ICICI,insufficient_funds,Visa,1499,2026-08-19T07:03:00
5d78fd2a,Kotak,timeout,UPI_AUTOPAY,499,2026-08-19T07:05:00
3aadf100,SBI,hard_decline,RuPay,2999,2026-08-19T07:06:00
84c21f0d,HDFC,issuer_unavailable,RuPay,199,2026-08-19T07:08:00
a19052bd,ICICI,issuer_unavailable,Mastercard,499,2026-08-19T07:11:00
b637a696,Axis,hard_decline,UPI_AUTOPAY,1499,2026-08-19T07:19:00
03b3e699,HDFC,issuer_unavailable,UPI_AUTOPAY,1499,2026-08-19T07:19:00
67e3ab19,Axis,issuer_unavailable,UPI_AUTOPAY,2999,2026-08-19T07:25:00
44a35f82,ICICI,issuer_unavailable,UPI_AUTOPAY,499,2026-08-19T07:27:00
e0231465,Axis,insufficient_funds,RuPay,499,2026-08-19T07:31:00
c7ac6768,Kotak,hard_decline,Mastercard,299,2026-08-19T07:37:00
489d1955,HDFC,timeout,UPI_AUTOPAY,1499,2026-08-19T07:39:00
67606485,Axis,timeout,UPI_AUTOPAY,999,2026-08-19T07:40:00
3097fcb8,Axis,timeout,UPI_AUTOPAY,2999,2026-08-19T07:42:00
78554d94,ICICI,hard_decline,UPI_AUTOPAY,999,2026-08-19T07:42:00
e58aef4c,Axis,issuer_unavailable,Mastercard,1499,2026-08-19T07:42:00
7efc35e2,Axis,issuer_unavailable,Mastercard,199,2026-08-19T07:48:00
253e80eb,SBI,insufficient_funds,RuPay,1499,2026-08-19T07:49:00
fdaf0153,ICICI,timeout,UPI_AUTOPAY,999,2026-08-19T07:53:00
02958251,Kotak,insufficient_funds,RuPay,299,2026-08-19T07:55:00
4b1aac80,Kotak,insufficient_funds,RuPay,499,2026-08-19T07:56:00
706bb967,Axis,insufficient_funds,UPI_AUTOPAY,499,2026-08-19T07:59:00
0df7e627,ICICI,insufficient_funds,RuPay,999,2026-08-19T08:03:00
ed5f0843,ICICI,insufficient_funds,Visa,299,2026-08-19T08:03:00
b140651e,ICICI,issuer_unavailable,Visa,299,2026-08-19T08:05:00
3f09276c,Kotak,insufficient_funds,UPI_AUTOPAY,1499,2026-08-19T08:05:00
19285af1,HDFC,timeout,Visa,1499,2026-08-19T08:07:00
07dcc363,ICICI,timeout,UPI_AUTOPAY,299,2026-08-19T08:11:00
5dbe5e79,Kotak,insufficient_funds,Mastercard,499,2026-08-19T08:13:00
2bce5ef5,ICICI,timeout,Visa,999,2026-08-19T08:13:00
83ded7cd,HDFC,hard_decline,UPI_AUTOPAY,1499,2026-08-19T08:14:00
e0fbd14b,HDFC,hard_decline,Visa,199,2026-08-19T08:19:00
45a62d84,Kotak,timeout,Mastercard,299,2026-08-19T08:20:00
dd1244c9,ICICI,timeout,UPI_AUTOPAY,199,2026-08-19T08:21:00
613a24ae,Axis,issuer_unavailable,UPI_AUTOPAY,4999,2026-08-19T08:24:00
f205018a,HDFC,timeout,UPI_AUTOPAY,1499,2026-08-19T08:27:00
d35abf58,Kotak,insufficient_funds,Mastercard,499,2026-08-19T08:30:00
7afbb846,HDFC,hard_decline,RuPay,1499,2026-08-19T08:34:00
97234a5f,ICICI,issuer_unavailable,Mastercard,499,2026-08-19T08:38:00
0e729a0a,Axis,insufficient_funds,UPI_AUTOPAY,299,2026-08-19T08:45:00
5c54c379,HDFC,insufficient_funds,RuPay,2999,2026-08-19T08:46:00
51347546,Kotak,timeout,UPI_AUTOPAY,4999,2026-08-19T08:48:00
277118ab,Axis,timeout,Visa,199,2026-08-19T08:50:00
5f597735,HDFC,insufficient_funds,UPI_AUTOPAY,999,2026-08-19T09:00:00
4036cc44,SBI,timeout,UPI_AUTOPAY,299,2026-08-19T09:05:00
86917075,Axis,insufficient_funds,RuPay,199,2026-08-19T09:06:00
c36a1853,Kotak,insufficient_funds,UPI_AUTOPAY,4999,2026-08-19T09:08:00
47234fba,HDFC,timeout,UPI_AUTOPAY,199,2026-08-19T09:11:00
5844622f,ICICI,insufficient_funds,UPI_AUTOPAY,1499,2026-08-19T09:13:00
2f4a194d,HDFC,issuer_unavailable,UPI_AUTOPAY,999,2026-08-19T09:18:00
b424f403,ICICI,timeout,UPI_AUTOPAY,1499,2026-08-19T09:20:00
a0e384bf,SBI,issuer_unavailable,RuPay,999,2026-08-19T09:21:00
8e2d16e5,SBI,timeout,UPI_AUTOPAY,199,2026-08-19T09:22:00
a9d82458,HDFC,timeout,Visa,499,2026-08-19T09:30:00
72068650,Axis,timeout,UPI_AUTOPAY,2999,2026-08-19T09:31:00
43315d42,ICICI,timeout,UPI_AUTOPAY,999,2026-08-19T09:40:00
00d96106,Kotak,timeout,UPI_AUTOPAY,199,2026-08-19T09:43:00
b02a3887,Axis,insufficient_funds,Visa,4999,2026-08-19T09:45:00
2d2fc9f2,SBI,timeout,UPI_AUTOPAY,2999,2026-08-19T09:49:00
5cc504ba,Kotak,timeout,Visa,1499,2026-08-19T09:49:00
03ff8ebe,SBI,issuer_unavailable,UPI_AUTOPAY,2999,2026-08-19T09:50:00
fda15423,ICICI,issuer_unavailable,UPI_AUTOPAY,299,2026-08-19T09:52:00
a0001ed6,Axis,insufficient_funds,Mastercard,999,2026-08-19T09:53:00
e62fbee6,ICICI,issuer_unavailable,RuPay,299,2026-08-19T09:53:00
30c4772c,SBI,hard_decline,UPI_AUTOPAY,2999,2026-08-19T09:57:00
db9bac5b,SBI,timeout,RuPay,2999,2026-08-19T09:57:00
f83b4599,SBI,insufficient_funds,UPI_AUTOPAY,299,2026-08-19T10:02:00
71970785,HDFC,timeout,Mastercard,499,2026-08-19T10:03:00
831c76b9,HDFC,insufficient_funds,UPI_AUTOPAY,2999,2026-08-19T10:04:00
bda95e0d,Axis,insufficient_funds,UPI_AUTOPAY,199,2026-08-19T10:12:00
e1908333,SBI,issuer_unavailable,Mastercard,299,2026-08-19T10:19:00
493a4a65,SBI,timeout,RuPay,199,2026-08-19T10:20:00
73beb93f,Kotak,issuer_unavailable,UPI_AUTOPAY,199,2026-08-19T10:20:00
2fce87ce,HDFC,insufficient_funds,UPI_AUTOPAY,4999,2026-08-19T10:23:00
a2dad52c,Axis,timeout,UPI_AUTOPAY,4999,2026-08-19T10:24:00
206859f0,HDFC,issuer_unavailable,UPI_AUTOPAY,199,2026-08-19T10:26:00
23de126f,SBI,hard_decline,Mastercard,499,2026-08-19T10:29:00
99c5470a,Kotak,issuer_unavailable,Visa,2999,2026-08-19T10:29:00
cabf1dd1,Axis,timeout,UPI_AUTOPAY,299,2026-08-19T10:30:00
cdf18aa6,Kotak,timeout,RuPay,4999,2026-08-19T10:31:00
8ee9c99d,Axis,issuer_unavailable,RuPay,1499,2026-08-19T10:31:00
7825ca69,ICICI,timeout,UPI_AUTOPAY,2999,2026-08-19T10:34:00
386f36af,Axis,insufficient_funds,Visa,4999,2026-08-19T10:45:00
671bf8e2,Kotak,issuer_unavailable,UPI_AUTOPAY,499,2026-08-19T10:45:00
16d58eb5,Axis,timeout,RuPay,4999,2026-08-19T10:46:00
e6f8b393,Kotak,insufficient_funds,UPI_AUTOPAY,4999,2026-08-19T10:47:00
85bbd63f,SBI,timeout,Mastercard,199,2026-08-19T10:50:00
f72271aa,HDFC,timeout,UPI_AUTOPAY,1499,2026-08-19T11:00:00
d32c0d31,HDFC,timeout,Mastercard,299,2026-08-19T11:07:00
459e995e,Kotak,issuer_unavailable,Visa,299,2026-08-19T11:11:00
ad1f1915,Axis,issuer_unavailable,UPI_AUTOPAY,2999,2026-08-19T11:19:00
04bf2d3e,HDFC,issuer_unavailable,UPI_AUTOPAY,499,2026-08-19T11:22:00
8adc0683,ICICI,issuer_unavailable,UPI_AUTOPAY,299,2026-08-19T11:23:00
7e065929,Axis,issuer_unavailable,UPI_AUTOPAY,299,2026-08-19T11:28:00
ae086ab4,Axis,insufficient_funds,UPI_AUTOPAY,2999,2026-08-19T11:29:00
7069ec21,Kotak,issuer_unavailable,UPI_AUTOPAY,199,2026-08-19T11:30:00
575c39d5,HDFC,hard_decline,RuPay,299,2026-08-19T11:34:00
486a2c79,SBI,issuer_unavailable,UPI_AUTOPAY,2999,2026-08-19T11:37:00
53d4d64e,SBI,insufficient_funds,UPI_AUTOPAY,499,2026-08-19T11:38:00
54c16c41,Axis,insufficient_funds,UPI_AUTOPAY,199,2026-08-19T11:39:00
7cb97424,HDFC,hard_decline,Mastercard,299,2026-08-19T11:39:00
067d075d,Kotak,issuer_unavailable,UPI_AUTOPAY,1499,2026-08-19T11:45:00
61539164,SBI,insufficient_funds,RuPay,499,2026-08-19T11:46:00
31dd3977,HDFC,issuer_unavailable,UPI_AUTOPAY,199,2026-08-19T11:46:00
025fde47,SBI,insufficient_funds,UPI_AUTOPAY,499,2026-08-19T11:47:00
3b49dbcb,ICICI,insufficient_funds,UPI_AUTOPAY,1499,2026-08-19T11:48:00
fb4096e9,Kotak,issuer_unavailable,UPI_AUTOPAY,2999,2026-08-19T11:51:00
a3e49575,HDFC,timeout,Visa,4999,2026-08-19T11:52:00
45368c40,HDFC,insufficient_funds,UPI_AUTOPAY,199,2026-08-19T11:53:00
bbf7729d,HDFC,timeout,Visa,2999,2026-08-19T11:59:00
013c84ab,Axis,hard_decline,Mastercard,199,2026-08-19T12:03:00
3ec38af3,SBI,insufficient_funds,RuPay,199,2026-08-19T12:03:00
d6b8edfc,SBI,hard_decline,Visa,999,2026-08-19T12:07:00
dae9b4b8,SBI,timeout,UPI_AUTOPAY,2999,2026-08-19T12:11:00
89cdca3a,ICICI,timeout,RuPay,299,2026-08-19T12:12:00
d675eb33,ICICI,insufficient_funds,UPI_AUTOPAY,4999,2026-08-19T12:13:00
e6a1c0e0,SBI,insufficient_funds,Mastercard,499,2026-08-19T12:13:00
ac7e4562,Kotak,timeout,UPI_AUTOPAY,4999,2026-08-19T12:14:00
c0a33ed1,Kotak,timeout,Mastercard,199,2026-08-19T12:14:00
b0deb981,SBI,hard_decline,RuPay,1499,2026-08-19T12:25:00
12f0e261,SBI,insufficient_funds,UPI_AUTOPAY,499,2026-08-19T12:26:00
946e65f3,Axis,timeout,RuPay,299,2026-08-19T12:31:00
e0691550,HDFC,issuer_unavailable,Visa,1499,2026-08-19T12:31:00
e69ad3dc,SBI,hard_decline,Visa,199,2026-08-19T12:31:00
a838be8b,SBI,issuer_unavailable,UPI_AUTOPAY,2999,2026-08-19T12:35:00
e75a24b2,Axis,issuer_unavailable,Visa,999,2026-08-19T12:43:00
c7847a18,Kotak,issuer_unavailable,UPI_AUTOPAY,499,2026-08-19T12:44:00
e5a6e1be,Axis,insufficient_funds,RuPay,199,2026-08-19T12:45:00
202664cd,Kotak,timeout,Visa,2999,2026-08-19T12:45:00
c7025630,SBI,insufficient_funds,RuPay,4999,2026-08-19T12:47:00
6a68bb6b,Kotak,insufficient_funds,Mastercard,199,2026-08-19T12:48:00
ecd68d63,ICICI,issuer_unavailable,RuPay,4999,2026-08-19T12:51:00
27c1b948,HDFC,timeout,Visa,199,2026-08-19T12:54:00
4bad81b8,Kotak,issuer_unavailable,Visa,1499,2026-08-19T12:55:00
c1091ca5,SBI,insufficient_funds,Mastercard,2999,2026-08-19T12:56:00
db4c2260,HDFC,insufficient_funds,Mastercard,1499,2026-08-19T12:56:00
8b96ff4d,HDFC,hard_decline,Visa,4999,2026-08-19T12:59:00
e6dae83d,Kotak,insufficient_funds,UPI_AUTOPAY,499,2026-08-19T13:05:00
e39ad8b2,Kotak,insufficient_funds,UPI_AUTOPAY,2999,2026-08-19T13:06:00
55526569,ICICI,hard_decline,UPI_AUTOPAY,299,2026-08-19T13:09:00
7ea0947f,SBI,timeout,UPI_AUTOPAY,299,2026-08-19T13:19:00
01690efe,HDFC,issuer_unavailable,Mastercard,999,2026-08-19T13:21:00
7f41ac03,SBI,insufficient_funds,Mastercard,299,2026-08-19T13:23:00
a0f74db1,ICICI,timeout,Mastercard,1499,2026-08-19T13:27:00
d9e3e6ad,HDFC,hard_decline,UPI_AUTOPAY,199,2026-08-19T13:32:00
b8387464,SBI,hard_decline,Visa,299,2026-08-19T13:33:00
43db22ac,HDFC,timeout,UPI_AUTOPAY,199,2026-08-19T13:39:00
94ec069a,Axis,timeout,Visa,199,2026-08-19T13:48:00
8b9dc382,ICICI,timeout,RuPay,999,2026-08-19T13:48:00
0083693c,ICICI,issuer_unavailable,UPI_AUTOPAY,2999,2026-08-19T13:49:00
4ed358e6,Kotak,timeout,RuPay,2999,2026-08-19T13:50:00
48123b81,ICICI,timeout,UPI_AUTOPAY,2999,2026-08-19T13:51:00
1099d704,SBI,issuer_unavailable,Mastercard,1499,2026-08-19T13:52:00
78856e2d,Kotak,insufficient_funds,UPI_AUTOPAY,299,2026-08-19T13:55:00
8b2848e4,Axis,timeout,UPI_AUTOPAY,299,2026-08-19T13:57:00
ade18729,SBI,timeout,RuPay,499,2026-08-19T14:02:00
d46ed62a,ICICI,timeout,RuPay,499,2026-08-19T14:07:00
b03c5f79,ICICI,timeout,UPI_AUTOPAY,2999,2026-08-19T14:08:00
ca11e6a1,ICICI,insufficient_funds,Visa,499,2026-08-19T14:14:00
c0365a17,ICICI,timeout,UPI_AUTOPAY,299,2026-08-19T14:15:00
82c13958,Axis,hard_decline,RuPay,1499,2026-08-19T14:22:00
4f6b3bab,ICICI,issuer_unavailable,Mastercard,299,2026-08-19T14:22:00
26ae8819,HDFC,insufficient_funds,UPI_AUTOPAY,4999,2026-08-19T14:26:00
f649c272,HDFC,hard_decline,UPI_AUTOPAY,199,2026-08-19T14:26:00
5a49ec52,Axis,hard_decline,Visa,999,2026-08-19T14:27:00
a7aaace5,ICICI,insufficient_funds,UPI_AUTOPAY,1499,2026-08-19T14:27:00
15f6c324,HDFC,hard_decline,Visa,499,2026-08-19T14:28:00
be871880,Kotak,insufficient_funds,Visa,999,2026-08-19T14:31:00
29573901,HDFC,insufficient_funds,UPI_AUTOPAY,1499,2026-08-19T14:33:00
da3fdf32,Axis,issuer_unavailable,UPI_AUTOPAY,999,2026-08-19T14:35:00
aeaaa4d1,HDFC,insufficient_funds,Mastercard,299,2026-08-19T14:37:00
70ee3fc8,ICICI,hard_decline,UPI_AUTOPAY,999,2026-08-19T14:40:00
f04a215c,SBI,issuer_unavailable,Visa,499,2026-08-19T14:41:00
760b9fe5,ICICI,issuer_unavailable,UPI_AUTOPAY,299,2026-08-19T14:41:00
a2a70beb,ICICI,timeout,UPI_AUTOPAY,2999,2026-08-19T14:41:00
a1dafc79,ICICI,timeout,UPI_AUTOPAY,199,2026-08-19T14:41:00
4fcf8b7c,Kotak,timeout,RuPay,199,2026-08-19T14:45:00
a390fefd,Kotak,timeout,Mastercard,2999,2026-08-19T14:46:00
6b13a4e6,ICICI,issuer_unavailable,Mastercard,4999,2026-08-19T14:50:00
1482c29b,HDFC,issuer_unavailable,RuPay,299,2026-08-19T14:56:00
1536a4c7,HDFC,timeout,UPI_AUTOPAY,4999,2026-08-19T14:59:00
412a54fe,Kotak,issuer_unavailable,Visa,4999,2026-08-19T15:00:00
09664117,Axis,insufficient_funds,RuPay,299,2026-08-19T15:04:00
41c72c0d,ICICI,issuer_unavailable,UPI_AUTOPAY,199,2026-08-19T15:05:00
f143b834,SBI,issuer_unavailable,UPI_AUTOPAY,999,2026-08-19T15:07:00
ead2eb5f,SBI,issuer_unavailable,Mastercard,299,2026-08-19T15:07:00
d556a2a8,SBI,timeout,Mastercard,999,2026-08-19T15:08:00
0c4fd94d,SBI,issuer_unavailable,Mastercard,4999,2026-08-19T15:08:00
8fac9ce9,SBI,insufficient_funds,UPI_AUTOPAY,199,2026-08-19T15:12:00
a33f9895,Axis,insufficient_funds,Mastercard,1499,2026-08-19T15:12:00
2f87bcbe,Kotak,insufficient_funds,Mastercard,199,2026-08-19T15:13:00
2273e6d1,Kotak,hard_decline,UPI_AUTOPAY,2999,2026-08-19T15:22:00
730b4806,ICICI,insufficient_funds,UPI_AUTOPAY,1499,2026-08-19T15:23:00
62512ea4,SBI,insufficient_funds,RuPay,2999,2026-08-19T15:25:00
f92043b9,ICICI,insufficient_funds,RuPay,199,2026-08-19T15:26:00
393cdb7e,SBI,timeout,RuPay,299,2026-08-19T15:26:00
e69151c3,HDFC,insufficient_funds,Mastercard,499,2026-08-19T15:27:00
4ec1b4b4,HDFC,timeout,Mastercard,1499,2026-08-19T15:32:00
a36eda26,Axis,issuer_unavailable,Mastercard,299,2026-08-19T15:33:00
65f02e56,ICICI,timeout,UPI_AUTOPAY,4999,2026-08-19T15:35:00
95685b75,HDFC,insufficient_funds,RuPay,199,2026-08-19T15:39:00
b760f249,SBI,issuer_unavailable,Visa,2999,2026-08-19T15:40:00
04c46ccf,HDFC,timeout,UPI_AUTOPAY,299,2026-08-19T15:47:00
9d7deefe,ICICI,timeout,UPI_AUTOPAY,499,2026-08-19T15:51:00
686d9778,ICICI,timeout,UPI_AUTOPAY,4999,2026-08-19T15:53:00
1689a8e9,Kotak,timeout,UPI_AUTOPAY,2999,2026-08-19T15:54:00
b76605ff,SBI,hard_decline,RuPay,199,2026-08-19T15:55:00
a4a37fa8,SBI,insufficient_funds,RuPay,299,2026-08-19T15:55:00
96d34d50,HDFC,timeout,Visa,2999,2026-08-19T15:58:00
089a92bc,ICICI,insufficient_funds,Mastercard,199,2026-08-19T15:58:00
937b5f5c,ICICI,issuer_unavailable,UPI_AUTOPAY,199,2026-08-19T15:59:00
4ddb431b,Kotak,timeout,Mastercard,999,2026-08-19T16:02:00
b4fbc667,Kotak,timeout,UPI_AUTOPAY,2999,2026-08-19T16:05:00
ab8a8500,Kotak,timeout,UPI_AUTOPAY,199,2026-08-19T16:06:00
bce35b26,SBI,hard_decline,UPI_AUTOPAY,2999,2026-08-19T16:08:00
e0adc663,Kotak,insufficient_funds,Visa,299,2026-08-19T16:08:00
91e74649,Axis,insufficient_funds,UPI_AUTOPAY,199,2026-08-19T16:14:00
8425c5cf,HDFC,timeout,Mastercard,199,2026-08-19T16:17:00
c1e18a94,Axis,timeout,UPI_AUTOPAY,299,2026-08-19T16:17:00
524cf012,Kotak,insufficient_funds,UPI_AUTOPAY,199,2026-08-19T16:19:00
8636c510,ICICI,hard_decline,Mastercard,2999,2026-08-19T16:20:00
9e8e54cf,Kotak,insufficient_funds,UPI_AUTOPAY,2999,2026-08-19T16:21:00
3428c26a,Axis,insufficient_funds,UPI_AUTOPAY,499,2026-08-19T16:22:00
7421b1fa,ICICI,insufficient_funds,UPI_AUTOPAY,299,2026-08-19T16:28:00
d4428ccd,SBI,insufficient_funds,Mastercard,199,2026-08-19T16:29:00
a5a559fe,ICICI,timeout,UPI_AUTOPAY,1499,2026-08-19T16:33:00
82ecf22c,Kotak,timeout,Mastercard,4999,2026-08-19T16:38:00
ba72abe1,Kotak,issuer_unavailable,Visa,1499,2026-08-19T16:44:00
040cd9af,Kotak,timeout,Visa,999,2026-08-19T16:50:00
6a8a29f7,SBI,hard_decline,UPI_AUTOPAY,299,2026-08-19T16:50:00
4d04c625,ICICI,hard_decline,RuPay,199,2026-08-19T16:51:00
f9575d5c,Kotak,insufficient_funds,Mastercard,1499,2026-08-19T16:57:00
e3b7d6d8,Axis,timeout,RuPay,2999,2026-08-19T17:03:00
b43a8703,SBI,insufficient_funds,UPI_AUTOPAY,199,2026-08-19T17:06:00
61b76c84,ICICI,hard_decline,UPI_AUTOPAY,499,2026-08-19T17:13:00
2bca0150,SBI,insufficient_funds,RuPay,4999,2026-08-19T17:13:00
dfc2c515,Axis,hard_decline,RuPay,999,2026-08-19T17:16:00
2c3afe54,Axis,issuer_unavailable,Visa,999,2026-08-19T17:18:00
e7b40f89,Kotak,hard_decline,UPI_AUTOPAY,299,2026-08-19T17:18:00
e1145df9,HDFC,timeout,Visa,2999,2026-08-19T17:22:00
358137dc,HDFC,hard_decline,Visa,199,2026-08-19T17:23:00
c313bb36,SBI,timeout,UPI_AUTOPAY,4999,2026-08-19T17:25:00
05f02238,Kotak,insufficient_funds,RuPay,199,2026-08-19T17:27:00
0c0dcafb,ICICI,insufficient_funds,Visa,4999,2026-08-19T17:28:00
e0ca87c4,SBI,insufficient_funds,UPI_AUTOPAY,499,2026-08-19T17:42:00
0b3e6abf,SBI,timeout,Visa,4999,2026-08-19T17:43:00
733e12a3,SBI,insufficient_funds,UPI_AUTOPAY,4999,2026-08-19T17:46:00
68255101,ICICI,timeout,UPI_AUTOPAY,299,2026-08-19T17:51:00
c0038608,HDFC,hard_decline,UPI_AUTOPAY,1499,2026-08-19T17:51:00
cb1b672f,HDFC,timeout,UPI_AUTOPAY,4999,2026-08-19T17:51:00
874ba0bb,Kotak,issuer_unavailable,RuPay,199,2026-08-19T17:52:00
2f28071f,SBI,issuer_unavailable,UPI_AUTOPAY,2999,2026-08-19T17:55:00
bd01a5a2,Axis,issuer_unavailable,RuPay,1499,2026-08-19T17:57:00
49a890b0,SBI,insufficient_funds,Visa,1499,2026-08-19T18:02:00
3bef0b86,ICICI,timeout,UPI_AUTOPAY,199,2026-08-19T18:02:00
46f7b5b5,Axis,timeout,UPI_AUTOPAY,1499,2026-08-19T18:05:00
9e99020c,Axis,hard_decline,UPI_AUTOPAY,299,2026-08-19T18:12:00
2b95efef,HDFC,timeout,UPI_AUTOPAY,2999,2026-08-19T18:15:00
44dc52e3,Axis,hard_decline,Mastercard,4999,2026-08-19T18:19:00
8644dd54,ICICI,timeout,Visa,499,2026-08-19T18:19:00
fc8938bd,ICICI,hard_decline,RuPay,4999,2026-08-19T18:26:00
719f5d4a,HDFC,insufficient_funds,Visa,2999,2026-08-19T18:27:00
97ee7c03,Axis,insufficient_funds,UPI_AUTOPAY,199,2026-08-19T18:27:00
3b61a174,Axis,insufficient_funds,Mastercard,4999,2026-08-19T18:27:00
b9727f80,ICICI,timeout,Visa,1499,2026-08-19T18:30:00
db952a84,SBI,insufficient_funds,Mastercard,499,2026-08-19T18:32:00
d71ca1a4,Axis,timeout,UPI_AUTOPAY,4999,2026-08-19T18:34:00
2942f5c6,Kotak,insufficient_funds,Mastercard,199,2026-08-19T18:34:00
1b0038b7,HDFC,hard_decline,UPI_AUTOPAY,999,2026-08-19T18:37:00
79ff4ade,SBI,timeout,UPI_AUTOPAY,999,2026-08-19T18:38:00
65589dfa,Kotak,insufficient_funds,Mastercard,199,2026-08-19T18:47:00
5d79519c,Kotak,insufficient_funds,UPI_AUTOPAY,499,2026-08-19T19:03:00
c1a72660,Axis,insufficient_funds,UPI_AUTOPAY,499,2026-08-19T19:05:00
ce680d98,HDFC,insufficient_funds,Visa,199,2026-08-19T19:06:00
7f62dc36,Kotak,timeout,Visa,499,2026-08-19T19:07:00
c80f784f,HDFC,timeout,RuPay,499,2026-08-19T19:09:00
49984b00,SBI,insufficient_funds,UPI_AUTOPAY,2999,2026-08-19T19:11:00
82646dce,Kotak,timeout,RuPay,999,2026-08-19T19:12:00
ccc6601c,SBI,hard_decline,Mastercard,2999,2026-08-19T19:16:00
8f640d05,Axis,timeout,Mastercard,499,2026-08-19T19:19:00
85e6b23d,Axis,insufficient_funds,UPI_AUTOPAY,4999,2026-08-19T19:22:00
79e2c1bd,SBI,hard_decline,UPI_AUTOPAY,199,2026-08-19T19:38:00
acb2c709,SBI,issuer_unavailable,RuPay,1499,2026-08-19T19:44:00
39667f1d,Kotak,issuer_unavailable,Mastercard,199,2026-08-19T19:47:00
2ca5466a,Axis,issuer_unavailable,UPI_AUTOPAY,199,2026-08-19T19:49:00
4c81f3cb,ICICI,issuer_unavailable,UPI_AUTOPAY,999,2026-08-19T19:50:00
42891bae,SBI,timeout,UPI_AUTOPAY,499,2026-08-19T19:55:00
080b205f,SBI,insufficient_funds,UPI_AUTOPAY,2999,2026-08-19T19:58:00
4601fbeb,Axis,hard_decline,Visa,499,2026-08-19T20:05:00
6e5d3df5,SBI,hard_decline,RuPay,1499,2026-08-19T20:06:00
8aba825e,ICICI,timeout,UPI_AUTOPAY,2999,2026-08-19T20:08:00
7cb2bba3,Axis,hard_decline,RuPay,299,2026-08-19T20:11:00
5d2647dd,ICICI,issuer_unavailable,UPI_AUTOPAY,299,2026-08-19T20:15:00
8c18172d,Kotak,issuer_unavailable,Visa,299,2026-08-19T20:21:00
591e5dcd,Kotak,insufficient_funds,UPI_AUTOPAY,4999,2026-08-19T20:23:00
9a290764,SBI,issuer_unavailable,UPI_AUTOPAY,199,2026-08-19T20:23:00
da31a16e,Axis,issuer_unavailable,UPI_AUTOPAY,499,2026-08-19T20:24:00
0c58dfc8,Axis,issuer_unavailable,Mastercard,2999,2026-08-19T20:27:00
8e0b45d1,Kotak,insufficient_funds,RuPay,299,2026-08-19T20:30:00
6ab83001,SBI,insufficient_funds,UPI_AUTOPAY,499,2026-08-19T20:32:00
0409088b,SBI,hard_decline,Visa,999,2026-08-19T20:33:00
fbb724d1,SBI,insufficient_funds,UPI_AUTOPAY,1499,2026-08-19T20:33:00
1ec92555,Axis,timeout,UPI_AUTOPAY,2999,2026-08-19T20:36:00
2dd00c91,Kotak,timeout,Mastercard,2999,2026-08-19T20:37:00
cec5fb53,HDFC,timeout,Mastercard,2999,2026-08-19T20:43:00
6798a7c0,HDFC,insufficient_funds,UPI_AUTOPAY,199,2026-08-19T20:43:00
d4d1903d,SBI,insufficient_funds,UPI_AUTOPAY,2999,2026-08-19T20:47:00
6d386390,HDFC,timeout,UPI_AUTOPAY,4999,2026-08-19T20:49:00
0e16b709,HDFC,insufficient_funds,Mastercard,2999,2026-08-19T20:50:00
35488811,HDFC,hard_decline,UPI_AUTOPAY,2999,2026-08-19T20:51:00
8c93b2cb,Axis,timeout,Visa,1499,2026-08-19T20:54:00
0560f41f,SBI,timeout,UPI_AUTOPAY,1499,2026-08-19T21:00:00
55c0d9ae,HDFC,timeout,UPI_AUTOPAY,1499,2026-08-19T21:05:00
250019d0,Kotak,timeout,Mastercard,1499,2026-08-19T21:11:00
7d11f0a8,Kotak,insufficient_funds,Mastercard,299,2026-08-19T21:16:00
7f92d8de,SBI,insufficient_funds,UPI_AUTOPAY,199,2026-08-19T21:18:00
03de18be,HDFC,issuer_unavailable,Mastercard,4999,2026-08-19T21:20:00
d0801d1b,SBI,timeout,Mastercard,299,2026-08-19T21:22:00
faec5801,ICICI,issuer_unavailable,RuPay,499,2026-08-19T21:24:00
2142d97d,ICICI,timeout,Visa,999,2026-08-19T21:27:00
ecf50fa6,HDFC,insufficient_funds,RuPay,499,2026-08-19T21:28:00
3e553588,ICICI,hard_decline,RuPay,2999,2026-08-19T21:33:00
ef98a7b5,SBI,insufficient_funds,UPI_AUTOPAY,499,2026-08-19T21:38:00
4e2732a3,Axis,issuer_unavailable,RuPay,199,2026-08-19T21:45:00
cec630ce,ICICI,hard_decline,UPI_AUTOPAY,2999,2026-08-19T21:45:00
89d95c5f,Axis,issuer_unavailable,UPI_AUTOPAY,499,2026-08-19T21:46:00
7d2afba3,ICICI,timeout,UPI_AUTOPAY,2999,2026-08-19T21:51:00
ec0c63bd,Kotak,timeout,Visa,499,2026-08-19T22:04:00
e85ddf90,SBI,issuer_unavailable,UPI_AUTOPAY,299,2026-08-19T22:04:00
230b9ddd,SBI,hard_decline,Visa,499,2026-08-19T22:06:00
0fdd9903,Kotak,insufficient_funds,UPI_AUTOPAY,4999,2026-08-19T22:13:00
86a6277e,HDFC,hard_decline,RuPay,499,2026-08-19T22:15:00
9cd27610,Kotak,timeout,UPI_AUTOPAY,299,2026-08-19T22:15:00
1f7400d7,HDFC,timeout,Mastercard,999,2026-08-19T22:20:00
533ee60c,SBI,timeout,Visa,999,2026-08-19T22:21:00
aee6f69f,ICICI,issuer_unavailable,Visa,4999,2026-08-19T22:21:00
39f21c13,SBI,timeout,Visa,199,2026-08-19T22:23:00
1fd62ba9,Axis,hard_decline,UPI_AUTOPAY,4999,2026-08-19T22:24:00
c4974c54,SBI,insufficient_funds,UPI_AUTOPAY,999,2026-08-19T22:28:00
e457ef92,HDFC,timeout,Mastercard,299,2026-08-19T22:31:00
ca1013fc,HDFC,insufficient_funds,RuPay,499,2026-08-19T22:40:00
95d351d0,Axis,timeout,UPI_AUTOPAY,2999,2026-08-19T22:44:00
1a1db5a2,SBI,issuer_unavailable,Mastercard,199,2026-08-19T22:47:00
c45494ab,Kotak,issuer_unavailable,UPI_AUTOPAY,1499,2026-08-19T22:51:00
4d5202fc,Axis,timeout,UPI_AUTOPAY,1499,2026-08-19T22:52:00
f51082aa,Axis,issuer_unavailable,UPI_AUTOPAY,499,2026-08-19T22:52:00
07f3f6f7,SBI,issuer_unavailable,UPI_AUTOPAY,1499,2026-08-19T22:53:00
d6c835d8,Axis,hard_decline,UPI_AUTOPAY,199,2026-08-19T22:57:00
869e9b57,HDFC,timeout,RuPay,1499,2026-08-19T23:00:00
cc90793e,HDFC,timeout,Visa,4999,2026-08-19T23:01:00
b911e8d3,ICICI,issuer_unavailable,UPI_AUTOPAY,499,2026-08-19T23:06:00
b64e32ca,HDFC,insufficient_funds,UPI_AUTOPAY,4999,2026-08-19T23:08:00
ce2e371c,SBI,timeout,UPI_AUTOPAY,2999,2026-08-19T23:09:00
30158779,Axis,hard_decline,UPI_AUTOPAY,4999,2026-08-19T23:11:00
b0ace35e,Kotak,timeout,UPI_AUTOPAY,499,2026-08-19T23:21:00
29c74e3b,Kotak,timeout,RuPay,2999,2026-08-19T23:24:00
575d0b3a,SBI,insufficient_funds,UPI_AUTOPAY,4999,2026-08-19T23:24:00
1b343c20,Kotak,timeout,RuPay,4999,2026-08-19T23:26:00
c787e0c1,SBI,issuer_unavailable,UPI_AUTOPAY,299,2026-08-19T23:29:00
1ded3236,SBI,timeout,UPI_AUTOPAY,499,2026-08-19T23:36:00
2b90b9a4,HDFC,timeout,UPI_AUTOPAY,2999,2026-08-19T23:38:00
b1ff3cc4,Axis,hard_decline,RuPay,4999,2026-08-19T23:39:00
a72c28b0,HDFC,insufficient_funds,UPI_AUTOPAY,2999,2026-08-19T23:43:00
dce9e8d9,HDFC,issuer_unavailable,Visa,199,2026-08-19T23:43:00
6ae2a3fc,HDFC,insufficient_funds,Visa,199,2026-08-19T23:44:00
3b4f73b2,HDFC,issuer_unavailable,Visa,499,2026-08-19T23:49:00
1b0a566f,Kotak,timeout,RuPay,2999,2026-08-19T23:56:00
f2190aa4,Kotak,timeout,UPI_AUTOPAY,999,2026-08-19T23:57:00
de763124,ICICI,hard_decline,RuPay,999,2026-08-20T00:00:00
05f7a3b5,ICICI,timeout,UPI_AUTOPAY,2999,2026-08-20T00:03:00
9846822c,HDFC,issuer_unavailable,UPI_AUTOPAY,299,2026-08-20T00:06:00
2de6e504,HDFC,insufficient_funds,Mastercard,199,2026-08-20T00:11:00
2160362a,HDFC,insufficient_funds,RuPay,2999,2026-08-20T00:11:00
d4e749b0,Axis,hard_decline,Mastercard,199,2026-08-20T00:13:00
d6aed1d9,Axis,hard_decline,RuPay,199,2026-08-20T00:14:00
07d8f845,Axis,issuer_unavailable,Visa,199,2026-08-20T00:15:00
0415f0fd,Axis,timeout,Mastercard,4999,2026-08-20T00:25:00
06cabe17,ICICI,insufficient_funds,UPI_AUTOPAY,2999,2026-08-20T00:28:00
75cf3b9d,SBI,timeout,UPI_AUTOPAY,499,2026-08-20T00:30:00
c25db4af,ICICI,timeout,Visa,299,2026-08-20T00:30:00
09c2b842,Kotak,timeout,RuPay,199,2026-08-20T00:36:00
3db406be,SBI,insufficient_funds,UPI_AUTOPAY,2999,2026-08-20T00:37:00
c9caa759,SBI,hard_decline,Mastercard,2999,2026-08-20T00:41:00
8f7bd952,Kotak,insufficient_funds,Visa,2999,2026-08-20T00:42:00
9d910204,SBI,insufficient_funds,UPI_AUTOPAY,499,2026-08-20T00:42:00
1a64dfa1,HDFC,timeout,UPI_AUTOPAY,999,2026-08-20T00:43:00
6c86346a,HDFC,hard_decline,RuPay,4999,2026-08-20T00:50:00
7b97a68d,ICICI,issuer_unavailable,Mastercard,1499,2026-08-20T00:50:00
3f67c448,SBI,issuer_unavailable,Visa,1499,2026-08-20T00:53:00
425dc5c3,ICICI,timeout,Mastercard,199,2026-08-20T00:57:00
40378c05,ICICI,hard_decline,RuPay,4999,2026-08-20T01:01:00
0cce4425,SBI,timeout,UPI_AUTOPAY,999,2026-08-20T01:03:00
f3d28b27,SBI,issuer_unavailable,RuPay,2999,2026-08-20T01:06:00
f3ca71a2,HDFC,issuer_unavailable,RuPay,999,2026-08-20T01:10:00
182b4ac2,HDFC,hard_decline,RuPay,4999,2026-08-20T01:12:00
f457c375,ICICI,insufficient_funds,RuPay,999,2026-08-20T01:13:00
47b9b133,ICICI,insufficient_funds,RuPay,2999,2026-08-20T01:15:00
0bc2167b,SBI,timeout,UPI_AUTOPAY,2999,2026-08-20T01:24:00
c4271ada,ICICI,insufficient_funds,RuPay,1499,2026-08-20T01:28:00
69a1aaa7,HDFC,hard_decline,UPI_AUTOPAY,999,2026-08-20T01:30:00
a1803678,Kotak,insufficient_funds,RuPay,4999,2026-08-20T01:31:00
d5cb5ffc,Kotak,timeout,Visa,2999,2026-08-20T01:31:00
f8151550,SBI,insufficient_funds,UPI_AUTOPAY,4999,2026-08-20T01:33:00
c7732d43,HDFC,issuer_unavailable,UPI_AUTOPAY,199,2026-08-20T01:34:00
c0a2ec78,Axis,timeout,RuPay,999,2026-08-20T01:39:00
47317cce,ICICI,timeout,Mastercard,1499,2026-08-20T01:43:00
f4d75c86,ICICI,hard_decline,Mastercard,1499,2026-08-20T01:46:00
3bd5db62,ICICI,timeout,Mastercard,299,2026-08-20T01:49:00
f6751d29,ICICI,issuer_unavailable,UPI_AUTOPAY,999,2026-08-20T01:50:00
3e3a2a9e,ICICI,timeout,UPI_AUTOPAY,499,2026-08-20T01:50:00
6c83c323,SBI,issuer_unavailable,RuPay,999,2026-08-20T01:53:00
0f1682e3,Axis,timeout,Mastercard,299,2026-08-20T01:55:00
5eff9a0b,HDFC,insufficient_funds,Visa,999,2026-08-20T01:56:00
c6bc784d,ICICI,issuer_unavailable,UPI_AUTOPAY,999,2026-08-20T01:59:00
3c479910,Kotak,issuer_unavailable,UPI_AUTOPAY,2999,2026-08-20T01:59:00
a9e8bae6,ICICI,insufficient_funds,Visa,1499,2026-08-20T02:03:00
6f19ac03,Kotak,insufficient_funds,UPI_AUTOPAY,999,2026-08-20T02:06:00
5c6f0cfb,ICICI,timeout,Visa,2999,2026-08-20T02:06:00
c28023c0,Axis,timeout,Visa,299,2026-08-20T02:13:00
171ee544,SBI,insufficient_funds,UPI_AUTOPAY,299,2026-08-20T02:14:00
894fa182,Axis,hard_decline,Mastercard,2999,2026-08-20T02:18:00
66a49342,ICICI,timeout,Visa,199,2026-08-20T02:19:00
fc5c0e3b,SBI,timeout,RuPay,299,2026-08-20T02:22:00
8acc91db,ICICI,hard_decline,Visa,1499,2026-08-20T02:22:00
f4d47867,Axis,insufficient_funds,UPI_AUTOPAY,199,2026-08-20T02:26:00
d743a7d9,Axis,hard_decline,RuPay,299,2026-08-20T02:31:00
f2e008f1,Axis,issuer_unavailable,UPI_AUTOPAY,199,2026-08-20T02:34:00
1ce5332b,ICICI,issuer_unavailable,Mastercard,999,2026-08-20T02:34:00
f83771bd,Kotak,timeout,UPI_AUTOPAY,4999,2026-08-20T02:35:00
02025183,ICICI,hard_decline,UPI_AUTOPAY,299,2026-08-20T02:41:00
86adff22,Kotak,issuer_unavailable,UPI_AUTOPAY,2999,2026-08-20T02:43:00
88d36bcb,Kotak,insufficient_funds,Mastercard,199,2026-08-20T02:48:00
46f203ca,HDFC,insufficient_funds,UPI_AUTOPAY,199,2026-08-20T02:50:00
869c0e51,HDFC,insufficient_funds,Visa,499,2026-08-20T02:51:00
37cd774e,Axis,timeout,Mastercard,199,2026-08-20T02:52:00
9e703248,HDFC,insufficient_funds,UPI_AUTOPAY,499,2026-08-20T02:57:00
6aff56f5,Kotak,insufficient_funds,RuPay,1499,2026-08-20T02:57:00
c0c902b5,HDFC,timeout,Visa,2999,2026-08-20T02:57:00
a1d55703,ICICI,hard_decline,RuPay,199,2026-08-20T02:58:00
eeae5805,Axis,insufficient_funds,Visa,1499,2026-08-20T03:01:00
e86bb6a0,Axis,insufficient_funds,UPI_AUTOPAY,2999,2026-08-20T03:03:00
3b57f3ba,ICICI,timeout,UPI_AUTOPAY,2999,2026-08-20T03:03:00
bf994ebe,Kotak,timeout,Visa,4999,2026-08-20T03:09:00
c11b3bee,ICICI,timeout,UPI_AUTOPAY,1499,2026-08-20T03:11:00
b0d03df9,Axis,insufficient_funds,UPI_AUTOPAY,2999,2026-08-20T03:11:00
cee8a5cd,Kotak,timeout,Visa,1499,2026-08-20T03:11:00
f6d54005,ICICI,timeout,UPI_AUTOPAY,2999,2026-08-20T03:13:00
05b439fb,ICICI,insufficient_funds,Visa,499,2026-08-20T03:16:00
048bfd1d,ICICI,issuer_unavailable,UPI_AUTOPAY,199,2026-08-20T03:17:00
21d7a8be,Axis,timeout,Visa,199,2026-08-20T03:19:00
da436692,Kotak,hard_decline,Visa,499,2026-08-20T03:23:00
2e7580c1,Kotak,timeout,Visa,299,2026-08-20T03:23:00
457af5f4,Axis,insufficient_funds,UPI_AUTOPAY,2999,2026-08-20T03:23:00
1c7daba4,Kotak,timeout,UPI_AUTOPAY,499,2026-08-20T03:24:00
d2ff4dfe,HDFC,insufficient_funds,UPI_AUTOPAY,299,2026-08-20T03:30:00
ba1ca239,HDFC,hard_decline,UPI_AUTOPAY,1499,2026-08-20T03:31:00
971c7ee1,HDFC,issuer_unavailable,UPI_AUTOPAY,1499,2026-08-20T03:47:00
415f9ed7,ICICI,timeout,UPI_AUTOPAY,499,2026-08-20T03:49:00
afe4c9bc,SBI,issuer_unavailable,RuPay,299,2026-08-20T03:54:00
9f1efde6,SBI,timeout,Visa,4999,2026-08-20T04:00:00
58fae0bc,ICICI,insufficient_funds,UPI_AUTOPAY,4999,2026-08-20T04:06:00
e43b5767,Kotak,insufficient_funds,Visa,4999,2026-08-20T04:17:00
7236fd1a,Kotak,issuer_unavailable,Visa,4999,2026-08-20T04:21:00
35e1c9a1,HDFC,insufficient_funds,UPI_AUTOPAY,299,2026-08-20T04:29:00
df6d33ad,SBI,timeout,Mastercard,999,2026-08-20T04:38:00
b2d01961,SBI,issuer_unavailable,Visa,299,2026-08-20T04:48:00
a9903841,Kotak,insufficient_funds,Mastercard,1499,2026-08-20T04:48:00
f7a473d6,Axis,hard_decline,UPI_AUTOPAY,199,2026-08-20T04:48:00
adcad9d5,Kotak,insufficient_funds,Visa,1499,2026-08-20T04:58:00
c9013bcc,SBI,timeout,UPI_AUTOPAY,499,2026-08-20T04:59:00
53ae78ec,Kotak,issuer_unavailable,Visa,499,2026-08-20T05:12:00
c486674a,SBI,hard_decline,UPI_AUTOPAY,2999,2026-08-20T05:13:00
33588d26,ICICI,timeout,Visa,499,2026-08-20T05:16:00
647c10c5,Kotak,insufficient_funds,UPI_AUTOPAY,199,2026-08-20T05:16:00
1b22e184,SBI,hard_decline,UPI_AUTOPAY,999,2026-08-20T05:20:00
95de1c27,HDFC,issuer_unavailable,Visa,1499,2026-08-20T05:22:00
cb307f73,Axis,issuer_unavailable,RuPay,499,2026-08-20T05:23:00
9dc05f76,ICICI,issuer_unavailable,Mastercard,1499,2026-08-20T05:24:00
cb7cb364,ICICI,insufficient_funds,UPI_AUTOPAY,999,2026-08-20T05:26:00
2373c80f,ICICI,timeout,UPI_AUTOPAY,499,2026-08-20T05:26:00
29d77947,SBI,timeout,UPI_AUTOPAY,1499,2026-08-20T05:26:00
257c9504,SBI,hard_decline,Visa,299,2026-08-20T05:29:00
b4af6b9d,Kotak,hard_decline,UPI_AUTOPAY,4999,2026-08-20T05:29:00
e7389f06,Axis,timeout,Mastercard,2999,2026-08-20T05:35:00
db9fd84b,Axis,issuer_unavailable,UPI_AUTOPAY,2999,2026-08-20T05:57:00
0094a18c,HDFC,insufficient_funds,RuPay,1499,2026-08-20T05:59:00
02dbaa24,HDFC,timeout,UPI_AUTOPAY,299,2026-08-20T06:00:00
47cc8c6a,ICICI,timeout,RuPay,1499,2026-08-20T06:03:00
9772e56b,SBI,insufficient_funds,UPI_AUTOPAY,299,2026-08-20T06:03:00
41cbe25f,ICICI,timeout,Mastercard,2999,2026-08-20T06:05:00
e9324640,ICICI,insufficient_funds,UPI_AUTOPAY,199,2026-08-20T06:12:00
c956a464,ICICI,insufficient_funds,UPI_AUTOPAY,1499,2026-08-20T06:13:00
2579b7d9,HDFC,timeout,RuPay,2999,2026-08-20T06:16:00
1ca2b8b6,ICICI,issuer_unavailable,UPI_AUTOPAY,4999,2026-08-20T06:24:00
b025c07e,SBI,issuer_unavailable,Mastercard,1499,2026-08-20T06:29:00
7b390a7a,HDFC,hard_decline,UPI_AUTOPAY,499,2026-08-20T06:34:00
fc49d670,SBI,timeout,Visa,1499,2026-08-20T06:36:00
a512d4db,ICICI,insufficient_funds,Visa,999,2026-08-20T06:38:00
16e8178c,ICICI,insufficient_funds,UPI_AUTOPAY,2999,2026-08-20T06:38:00
0750da57,Kotak,insufficient_funds,Mastercard,999,2026-08-20T06:40:00
19b1284f,SBI,insufficient_funds,UPI_AUTOPAY,1499,2026-08-20T06:43:00
e644fc56,ICICI,hard_decline,UPI_AUTOPAY,499,2026-08-20T06:48:00
ada4d797,Kotak,issuer_unavailable,UPI_AUTOPAY,4999,2026-08-20T07:00:00
54d1293d,SBI,insufficient_funds,UPI_AUTOPAY,299,2026-08-20T07:01:00
7ffe222e,SBI,issuer_unavailable,RuPay,2999,2026-08-20T07:03:00
c36326e8,ICICI,timeout,Visa,4999,2026-08-20T07:04:00
4858c4e8,SBI,timeout,UPI_AUTOPAY,299,2026-08-20T07:09:00
ba2b15dc,SBI,timeout,UPI_AUTOPAY,499,2026-08-20T07:11:00
5a15570e,SBI,timeout,UPI_AUTOPAY,199,2026-08-20T07:12:00
ed6ef4be,ICICI,issuer_unavailable,UPI_AUTOPAY,1499,2026-08-20T07:14:00
9be83b64,ICICI,timeout,Visa,299,2026-08-20T07:14:00
c2934141,SBI,issuer_unavailable,RuPay,199,2026-08-20T07:15:00
1f04afc4,Axis,insufficient_funds,RuPay,299,2026-08-20T07:19:00
24710c78,ICICI,issuer_unavailable,UPI_AUTOPAY,4999,2026-08-20T07:20:00
1e9a159b,ICICI,issuer_unavailable,Visa,1499,2026-08-20T07:20:00
8a008209,Axis,timeout,RuPay,4999,2026-08-20T07:29:00
0d3a18d4,ICICI,timeout,RuPay,499,2026-08-20T07:39:00
58122bb0,Axis,insufficient_funds,Visa,2999,2026-08-20T07:41:00
dc35a1c7,SBI,insufficient_funds,UPI_AUTOPAY,4999,2026-08-20T07:42:00
0cb39bb5,SBI,issuer_unavailable,RuPay,199,2026-08-20T07:42:00
ce97c238,SBI,insufficient_funds,RuPay,299,2026-08-20T07:44:00
18199491,ICICI,timeout,RuPay,4999,2026-08-20T07:46:00
93d1f5c4,HDFC,timeout,RuPay,499,2026-08-20T07:49:00
b28749d2,Axis,timeout,Visa,499,2026-08-20T07:52:00
61800235,Kotak,timeout,UPI_AUTOPAY,4999,2026-08-20T07:52:00
85df8a97,SBI,issuer_unavailable,Visa,499,2026-08-20T07:53:00
5a4ef0bb,Axis,insufficient_funds,UPI_AUTOPAY,199,2026-08-20T07:58:00
e3e92e93,ICICI,issuer_unavailable,Mastercard,299,2026-08-20T07:59:00
6b266702,Axis,insufficient_funds,UPI_AUTOPAY,1499,2026-08-20T08:07:00
197d5d01,Kotak,timeout,UPI_AUTOPAY,999,2026-08-20T08:10:00
3fed23e1,ICICI,timeout,Visa,199,2026-08-20T08:16:00
6be4c4f6,SBI,insufficient_funds,UPI_AUTOPAY,1499,2026-08-20T08:19:00
b3b227be,Kotak,hard_decline,RuPay,199,2026-08-20T08:20:00
61ed5761,Kotak,timeout,UPI_AUTOPAY,4999,2026-08-20T08:23:00
0ed7d6b3,SBI,hard_decline,UPI_AUTOPAY,999,2026-08-20T08:30:00
4ead0b53,Axis,insufficient_funds,Mastercard,499,2026-08-20T08:34:00
98ef8374,HDFC,timeout,UPI_AUTOPAY,2999,2026-08-20T08:36:00
0db9657b,Axis,timeout,UPI_AUTOPAY,499,2026-08-20T08:39:00
42e01f37,HDFC,timeout,RuPay,299,2026-08-20T08:39:00
ee7059c4,Axis,timeout,Mastercard,299,2026-08-20T08:40:00
97749b53,Kotak,timeout,RuPay,4999,2026-08-20T08:45:00
47a27fbb,SBI,insufficient_funds,Mastercard,4999,2026-08-20T08:45:00
e63e0d87,Axis,issuer_unavailable,UPI_AUTOPAY,1499,2026-08-20T08:48:00
965aa8c3,Axis,insufficient_funds,UPI_AUTOPAY,999,2026-08-20T08:50:00
ee09f4f9,HDFC,timeout,RuPay,4999,2026-08-20T08:51:00
db7ab4b3,Kotak,insufficient_funds,RuPay,199,2026-08-20T08:53:00
a2a7de81,Kotak,insufficient_funds,UPI_AUTOPAY,299,2026-08-20T08:55:00
1f940611,Axis,issuer_unavailable,UPI_AUTOPAY,4999,2026-08-20T08:58:00
bfe06cd3,SBI,timeout,Visa,999,2026-08-20T09:04:00
fd88f598,Kotak,timeout,RuPay,499,2026-08-20T09:07:00
ca1b7f49,ICICI,insufficient_funds,Visa,2999,2026-08-20T09:12:00
262f68d7,HDFC,timeout,Mastercard,4999,2026-08-20T09:13:00
5e38f837,HDFC,insufficient_funds,Visa,2999,2026-08-20T09:15:00
dd6843ee,SBI,issuer_unavailable,Visa,2999,2026-08-20T09:28:00
467932fe,HDFC,issuer_unavailable,UPI_AUTOPAY,4999,2026-08-20T09:30:00
156ef3ce,SBI,hard_decline,UPI_AUTOPAY,1499,2026-08-20T09:30:00
2e178b47,HDFC,insufficient_funds,UPI_AUTOPAY,199,2026-08-20T09:30:00
69015dd0,Kotak,timeout,RuPay,1499,2026-08-20T09:33:00
724f0e98,Kotak,timeout,Visa,1499,2026-08-20T09:34:00
cc5c2856,SBI,issuer_unavailable,Mastercard,2999,2026-08-20T09:39:00
8bfe8689,SBI,insufficient_funds,Visa,199,2026-08-20T09:40:00
9cf7e100,ICICI,timeout,UPI_AUTOPAY,299,2026-08-20T09:45:00
3b1c6293,HDFC,timeout,UPI_AUTOPAY,1499,2026-08-20T09:49:00
af47155b,Kotak,insufficient_funds,RuPay,299,2026-08-20T09:56:00
27930832,HDFC,insufficient_funds,UPI_AUTOPAY,1499,2026-08-20T10:01:00
4ff3aea1,SBI,insufficient_funds,Visa,199,2026-08-20T10:02:00
6127b15e,HDFC,insufficient_funds,RuPay,199,2026-08-20T10:06:00
a4c3d14e,Axis,insufficient_funds,Visa,4999,2026-08-20T10:13:00
e842bfee,Axis,timeout,Visa,499,2026-08-20T10:13:00
48783852,HDFC,hard_decline,Mastercard,499,2026-08-20T10:16:00
493f9288,SBI,insufficient_funds,Mastercard,2999,2026-08-20T10:16:00
6301629c,HDFC,issuer_unavailable,UPI_AUTOPAY,2999,2026-08-20T10:22:00
628ffe78,Kotak,insufficient_funds,RuPay,2999,2026-08-20T10:27:00
c09c4d97,ICICI,timeout,RuPay,4999,2026-08-20T10:27:00
94c8f524,HDFC,insufficient_funds,Visa,1499,2026-08-20T10:29:00
47a46a3f,SBI,hard_decline,Visa,299,2026-08-20T10:35:00
c565ba16,HDFC,timeout,UPI_AUTOPAY,199,2026-08-20T10:42:00
3fab397b,Kotak,issuer_unavailable,UPI_AUTOPAY,299,2026-08-20T10:43:00
19f8e4e6,Axis,insufficient_funds,UPI_AUTOPAY,499,2026-08-20T10:50:00
9c94a998,ICICI,issuer_unavailable,Visa,2999,2026-08-20T10:53:00
7b453824,Axis,issuer_unavailable,Visa,299,2026-08-20T10:55:00
2719c817,ICICI,timeout,Visa,499,2026-08-20T10:55:00
91f0a46b,SBI,timeout,UPI_AUTOPAY,199,2026-08-20T11:03:00
8fae4202,Kotak,issuer_unavailable,RuPay,999,2026-08-20T11:06:00
2c94febc,SBI,insufficient_funds,UPI_AUTOPAY,199,2026-08-20T11:13:00
846f40ea,HDFC,insufficient_funds,RuPay,1499,2026-08-20T11:15:00
531ab72a,HDFC,insufficient_funds,UPI_AUTOPAY,999,2026-08-20T11:17:00
52e3d8f1,SBI,issuer_unavailable,UPI_AUTOPAY,299,2026-08-20T11:23:00
046bc0e3,SBI,hard_decline,Visa,299,2026-08-20T11:24:00
6f9a8aeb,Kotak,hard_decline,UPI_AUTOPAY,499,2026-08-20T11:25:00
7dbadd53,Axis,insufficient_funds,UPI_AUTOPAY,4999,2026-08-20T11:28:00
bebef7d4,ICICI,timeout,RuPay,4999,2026-08-20T11:28:00
a82d701e,SBI,timeout,UPI_AUTOPAY,299,2026-08-20T11:36:00
a8e8555e,SBI,hard_decline,UPI_AUTOPAY,199,2026-08-20T11:41:00
63c5065b,Axis,insufficient_funds,UPI_AUTOPAY,1499,2026-08-20T11:50:00
6d8d3810,Kotak,timeout,UPI_AUTOPAY,4999,2026-08-20T11:51:00
9611af2b,ICICI,timeout,Visa,499,2026-08-20T11:58:00
a691bab3,HDFC,insufficient_funds,RuPay,499,2026-08-20T12:01:00
05367dcd,Axis,issuer_unavailable,UPI_AUTOPAY,999,2026-08-20T12:01:00
0d53a620,ICICI,timeout,RuPay,1499,2026-08-20T12:01:00
0787fa11,Kotak,issuer_unavailable,UPI_AUTOPAY,2999,2026-08-20T12:03:00
3412eb02,Axis,insufficient_funds,Mastercard,499,2026-08-20T12:07:00
edc7f920,SBI,insufficient_funds,RuPay,199,2026-08-20T12:09:00
42d25437,Kotak,issuer_unavailable,Mastercard,499,2026-08-20T12:10:00
90343412,Kotak,timeout,UPI_AUTOPAY,1499,2026-08-20T12:13:00
80cd66cc,HDFC,timeout,UPI_AUTOPAY,2999,2026-08-20T12:17:00
ee57ddda,SBI,issuer_unavailable,UPI_AUTOPAY,999,2026-08-20T12:22:00
353326d8,SBI,insufficient_funds,Visa,4999,2026-08-20T12:23:00
d9ddac94,ICICI,insufficient_funds,Mastercard,199,2026-08-20T12:23:00
af8c8fdf,HDFC,timeout,Mastercard,4999,2026-08-20T12:23:00
fa456955,Kotak,insufficient_funds,UPI_AUTOPAY,299,2026-08-20T12:31:00
04bddcce,HDFC,insufficient_funds,Mastercard,199,2026-08-20T12:33:00
42f72f29,HDFC,hard_decline,Visa,499,2026-08-20T12:36:00
0c07284f,Axis,timeout,UPI_AUTOPAY,199,2026-08-20T12:45:00
0c7165c2,Axis,insufficient_funds,RuPay,999,2026-08-20T12:53:00
c435a863,HDFC,timeout,RuPay,499,2026-08-20T12:56:00
c97314ec,ICICI,insufficient_funds,RuPay,299,2026-08-20T12:56:00
87f61ca5,Kotak,hard_decline,UPI_AUTOPAY,2999,2026-08-20T13:02:00
5b607a6d,HDFC,issuer_unavailable,Mastercard,1499,2026-08-20T13:03:00
36bd2d7a,Axis,insufficient_funds,RuPay,199,2026-08-20T13:09:00
cddc831c,Axis,timeout,Visa,4999,2026-08-20T13:10:00
529628b1,Axis,timeout,Visa,1499,2026-08-20T13:16:00
51823787,ICICI,issuer_unavailable,UPI_AUTOPAY,499,2026-08-20T13:18:00
202ff642,Kotak,timeout,UPI_AUTOPAY,299,2026-08-20T13:19:00
8c93e836,HDFC,hard_decline,UPI_AUTOPAY,499,2026-08-20T13:19:00
6c1507a6,HDFC,issuer_unavailable,RuPay,1499,2026-08-20T13:21:00
08af5301,ICICI,timeout,Mastercard,999,2026-08-20T13:32:00
34b6c685,ICICI,hard_decline,Visa,499,2026-08-20T13:33:00
53422b69,Axis,insufficient_funds,Visa,499,2026-08-20T13:34:00
0c0bfea3,SBI,issuer_unavailable,Visa,999,2026-08-20T13:39:00
fa8acc9c,ICICI,insufficient_funds,Mastercard,999,2026-08-20T13:40:00
c86632cf,HDFC,issuer_unavailable,RuPay,4999,2026-08-20T13:46:00
3403190e,HDFC,timeout,RuPay,499,2026-08-20T14:04:00
7a5894d9,SBI,timeout,UPI_AUTOPAY,4999,2026-08-20T14:06:00
653853fe,SBI,timeout,Visa,199,2026-08-20T14:07:00
5c2119a3,Kotak,issuer_unavailable,UPI_AUTOPAY,299,2026-08-20T14:08:00
9920f5d1,Axis,timeout,Visa,299,2026-08-20T14:13:00
a891aad7,Axis,issuer_unavailable,Visa,499,2026-08-20T14:20:00
48f90862,Axis,insufficient_funds,UPI_AUTOPAY,199,2026-08-20T14:20:00
8bda588a,HDFC,hard_decline,Mastercard,4999,2026-08-20T14:23:00
6a4e7143,SBI,insufficient_funds,Mastercard,4999,2026-08-20T14:28:00
f7b2c300,SBI,issuer_unavailable,RuPay,299,2026-08-20T14:31:00
b2a3aa3a,Kotak,timeout,RuPay,499,2026-08-20T14:42:00
50750bf5,Kotak,issuer_unavailable,Mastercard,4999,2026-08-20T14:49:00
29ad44bc,Axis,issuer_unavailable,RuPay,2999,2026-08-20T14:52:00
92c30c7e,ICICI,insufficient_funds,Mastercard,299,2026-08-20T14:57:00
be90a310,ICICI,hard_decline,RuPay,499,2026-08-20T14:59:00
4d308cb6,Axis,timeout,UPI_AUTOPAY,499,2026-08-20T15:00:00
db32417b,ICICI,issuer_unavailable,UPI_AUTOPAY,999,2026-08-20T15:15:00
100b9122,Kotak,insufficient_funds,RuPay,299,2026-08-20T15:18:00
748113e2,ICICI,insufficient_funds,UPI_AUTOPAY,4999,2026-08-20T15:18:00
59ea4895,SBI,hard_decline,UPI_AUTOPAY,999,2026-08-20T15:25:00
ce491717,ICICI,timeout,Visa,299,2026-08-20T15:29:00
b8385330,Axis,insufficient_funds,Mastercard,4999,2026-08-20T15:38:00
037cba50,Kotak,insufficient_funds,Mastercard,4999,2026-08-20T15:40:00
4cda6597,HDFC,issuer_unavailable,RuPay,4999,2026-08-20T15:49:00
b901d651,SBI,insufficient_funds,RuPay,4999,2026-08-20T15:51:00
b8236c5d,SBI,hard_decline,Visa,499,2026-08-20T15:52:00
d534b1db,Kotak,insufficient_funds,Mastercard,499,2026-08-20T15:54:00
ef24840a,Axis,timeout,UPI_AUTOPAY,2999,2026-08-20T15:55:00
b7ef99f7,ICICI,timeout,Visa,2999,2026-08-20T16:00:00
ab006a85,ICICI,timeout,UPI_AUTOPAY,199,2026-08-20T16:08:00
96156a12,SBI,hard_decline,RuPay,199,2026-08-20T16:09:00
fc2c0b41,HDFC,timeout,UPI_AUTOPAY,199,2026-08-20T16:12:00
6ea870a1,Kotak,issuer_unavailable,UPI_AUTOPAY,2999,2026-08-20T16:14:00
092ebc2e,Kotak,timeout,UPI_AUTOPAY,299,2026-08-20T16:17:00
859d06e4,HDFC,timeout,UPI_AUTOPAY,1499,2026-08-20T16:18:00
0e490c7a,Axis,hard_decline,Mastercard,4999,2026-08-20T16:38:00
f6be9885,ICICI,hard_decline,UPI_AUTOPAY,999,2026-08-20T16:42:00
0641c445,HDFC,timeout,Mastercard,4999,2026-08-20T16:46:00
6274c622,HDFC,timeout,UPI_AUTOPAY,199,2026-08-20T17:03:00
3e2e2c93,Axis,hard_decline,Visa,2999,2026-08-20T17:06:00
156abb52,SBI,timeout,UPI_AUTOPAY,299,2026-08-20T17:07:00
e7c6e665,HDFC,insufficient_funds,Visa,499,2026-08-20T17:08:00
77ce12fc,SBI,issuer_unavailable,UPI_AUTOPAY,499,2026-08-20T17:10:00
18a728d7,HDFC,issuer_unavailable,Visa,2999,2026-08-20T17:12:00
85735d2f,ICICI,hard_decline,UPI_AUTOPAY,199,2026-08-20T17:12:00
6fc7ae35,Axis,issuer_unavailable,RuPay,299,2026-08-20T17:13:00
4699c826,HDFC,timeout,Mastercard,4999,2026-08-20T17:19:00
391978b5,Kotak,insufficient_funds,UPI_AUTOPAY,199,2026-08-20T17:28:00
11808eec,SBI,insufficient_funds,UPI_AUTOPAY,299,2026-08-20T17:31:00
3bbda3e9,Axis,timeout,UPI_AUTOPAY,1499,2026-08-20T17:32:00
b14d4744,HDFC,hard_decline,Mastercard,999,2026-08-20T17:37:00
91730434,HDFC,issuer_unavailable,UPI_AUTOPAY,1499,2026-08-20T17:40:00
2fc471b3,HDFC,hard_decline,UPI_AUTOPAY,199,2026-08-20T17:41:00
a8a3eede,SBI,timeout,UPI_AUTOPAY,299,2026-08-20T17:45:00
80236f4a,HDFC,timeout,RuPay,4999,2026-08-20T17:45:00
fde07afe,Kotak,timeout,UPI_AUTOPAY,299,2026-08-20T17:46:00
fc3ba71d,Kotak,insufficient_funds,UPI_AUTOPAY,199,2026-08-20T17:46:00
98fab879,Kotak,insufficient_funds,Mastercard,299,2026-08-20T17:47:00
7e7ccb18,Kotak,timeout,Mastercard,199,2026-08-20T17:56:00
ed2f679e,SBI,hard_decline,UPI_AUTOPAY,4999,2026-08-20T17:57:00
baa9a63e,SBI,issuer_unavailable,UPI_AUTOPAY,499,2026-08-20T18:00:00
1c494d70,HDFC,insufficient_funds,Visa,4999,2026-08-20T18:01:00
b7815660,Kotak,insufficient_funds,RuPay,499,2026-08-20T18:02:00
b0c1b240,Axis,issuer_unavailable,RuPay,499,2026-08-20T18:06:00
e7cbf797,SBI,timeout,UPI_AUTOPAY,1499,2026-08-20T18:07:00
df4729da,SBI,insufficient_funds,UPI_AUTOPAY,4999,2026-08-20T18:20:00
4ee66099,Axis,timeout,UPI_AUTOPAY,4999,2026-08-20T18:20:00
c138a6e8,ICICI,insufficient_funds,Visa,199,2026-08-20T18:22:00
7e417abb,Kotak,timeout,UPI_AUTOPAY,999,2026-08-20T18:23:00
a6748534,HDFC,timeout,RuPay,999,2026-08-20T18:24:00
58d8cf29,HDFC,timeout,UPI_AUTOPAY,199,2026-08-20T18:26:00
bb66bdac,SBI,timeout,Visa,1499,2026-08-20T18:26:00
d7baa632,Kotak,hard_decline,Mastercard,999,2026-08-20T18:28:00
28b93a6a,ICICI,timeout,RuPay,1499,2026-08-20T18:32:00
667151c8,Kotak,hard_decline,UPI_AUTOPAY,4999,2026-08-20T18:36:00
0349a21f,ICICI,issuer_unavailable,UPI_AUTOPAY,2999,2026-08-20T18:36:00
6b6f5a68,Axis,issuer_unavailable,Mastercard,999,2026-08-20T18:37:00
cf93271b,SBI,timeout,UPI_AUTOPAY,199,2026-08-20T18:40:00
c5fdee18,ICICI,timeout,RuPay,1499,2026-08-20T18:41:00
eec656e5,SBI,insufficient_funds,UPI_AUTOPAY,999,2026-08-20T18:41:00
7d42ac12,SBI,issuer_unavailable,RuPay,299,2026-08-20T18:53:00
26e948ce,ICICI,hard_decline,UPI_AUTOPAY,4999,2026-08-20T18:54:00
3db2849e,Kotak,timeout,UPI_AUTOPAY,2999,2026-08-20T18:57:00
63298ab6,Axis,insufficient_funds,UPI_AUTOPAY,1499,2026-08-20T19:04:00
9d63a8f8,HDFC,hard_decline,UPI_AUTOPAY,999,2026-08-20T19:05:00
f8e6d6d2,Kotak,hard_decline,UPI_AUTOPAY,1499,2026-08-20T19:05:00
8697f6b2,Axis,insufficient_funds,UPI_AUTOPAY,4999,2026-08-20T19:05:00
0de83033,Axis,issuer_unavailable,Visa,199,2026-08-20T19:07:00
1226dab8,HDFC,insufficient_funds,UPI_AUTOPAY,1499,2026-08-20T19:08:00
1fd71021,Kotak,insufficient_funds,UPI_AUTOPAY,499,2026-08-20T19:13:00
53c3fd61,HDFC,insufficient_funds,UPI_AUTOPAY,4999,2026-08-20T19:17:00
997d750e,HDFC,timeout,UPI_AUTOPAY,299,2026-08-20T19:18:00
749acf12,HDFC,timeout,UPI_AUTOPAY,999,2026-08-20T19:18:00
12b5ec99,HDFC,insufficient_funds,RuPay,2999,2026-08-20T19:28:00
7fbbd0e9,SBI,issuer_unavailable,Visa,2999,2026-08-20T19:34:00
c01269cc,Axis,timeout,Visa,1499,2026-08-20T19:38:00
97f4abe6,ICICI,issuer_unavailable,UPI_AUTOPAY,499,2026-08-20T19:42:00
3df5fb2a,SBI,insufficient_funds,RuPay,499,2026-08-20T19:55:00
66b70138,Kotak,hard_decline,RuPay,1499,2026-08-20T19:56:00
3c887778,ICICI,timeout,RuPay,299,2026-08-20T19:56:00
dcb39b28,HDFC,timeout,Visa,199,2026-08-20T19:59:00
ee26b2ca,Kotak,insufficient_funds,UPI_AUTOPAY,199,2026-08-20T20:10:00
1b311e7b,ICICI,timeout,UPI_AUTOPAY,299,2026-08-20T20:11:00
29b6a342,HDFC,hard_decline,UPI_AUTOPAY,299,2026-08-20T20:12:00
e2f51a3d,ICICI,timeout,UPI_AUTOPAY,2999,2026-08-20T20:19:00
3f83725f,ICICI,timeout,Mastercard,299,2026-08-20T20:20:00
80541675,SBI,issuer_unavailable,Visa,1499,2026-08-20T20:24:00
867cb5fe,Kotak,insufficient_funds,UPI_AUTOPAY,499,2026-08-20T20:24:00
93dccb60,Axis,insufficient_funds,Visa,999,2026-08-20T20:26:00
9b89d144,HDFC,timeout,UPI_AUTOPAY,499,2026-08-20T20:32:00
b225b0ec,SBI,issuer_unavailable,UPI_AUTOPAY,2999,2026-08-20T20:34:00
97293d24,SBI,hard_decline,RuPay,199,2026-08-20T20:39:00
5282554d,ICICI,issuer_unavailable,UPI_AUTOPAY,999,2026-08-20T20:40:00
de77cd7d,Axis,insufficient_funds,RuPay,199,2026-08-20T20:48:00
d68e371a,Axis,timeout,Mastercard,299,2026-08-20T20:54:00
ae8d0a6a,SBI,hard_decline,Mastercard,4999,2026-08-20T20:55:00
c76d3324,Kotak,hard_decline,RuPay,4999,2026-08-20T20:56:00
77423fb6,SBI,issuer_unavailable,Visa,499,2026-08-20T20:56:00
e353f760,ICICI,timeout,Visa,499,2026-08-20T20:56:00
923212ca,HDFC,insufficient_funds,Visa,999,2026-08-20T20:57:00
cc103112,Axis,hard_decline,RuPay,299,2026-08-20T20:59:00
a88768dc,Kotak,issuer_unavailable,Mastercard,4999,2026-08-20T21:10:00
1ac9fb60,HDFC,timeout,UPI_AUTOPAY,999,2026-08-20T21:11:00
9791f601,Axis,insufficient_funds,Mastercard,299,2026-08-20T21:18:00
2501a7f5,SBI,timeout,UPI_AUTOPAY,199,2026-08-20T21:19:00
2624c8da,SBI,issuer_unavailable,UPI_AUTOPAY,299,2026-08-20T21:23:00
ad69b7a2,SBI,issuer_unavailable,UPI_AUTOPAY,2999,2026-08-20T21:25:00
3c6874da,Axis,insufficient_funds,Mastercard,999,2026-08-20T21:25:00
fb80d297,Kotak,issuer_unavailable,UPI_AUTOPAY,299,2026-08-20T21:26:00
bd408034,SBI,timeout,UPI_AUTOPAY,299,2026-08-20T21:27:00
f609ce4f,ICICI,issuer_unavailable,Visa,4999,2026-08-20T21:27:00
b609c6f4,SBI,issuer_unavailable,Visa,299,2026-08-20T21:28:00
09e6273a,Axis,issuer_unavailable,UPI_AUTOPAY,999,2026-08-20T21:32:00
e11334c5,Axis,timeout,Visa,199,2026-08-20T21:32:00
0c648335,Kotak,timeout,Mastercard,299,2026-08-20T21:32:00
b634f866,Axis,insufficient_funds,UPI_AUTOPAY,4999,2026-08-20T21:38:00
54005d6e,HDFC,insufficient_funds,UPI_AUTOPAY,2999,2026-08-20T21:38:00
6d6dd7b3,HDFC,timeout,Visa,2999,2026-08-20T21:42:00
3a0e6c27,HDFC,timeout,UPI_AUTOPAY,299,2026-08-20T21:45:00
0094c53d,SBI,issuer_unavailable,RuPay,499,2026-08-20T21:48:00
4d2a9596,SBI,timeout,Visa,299,2026-08-20T21:49:00
95fa0643,SBI,issuer_unavailable,Visa,1499,2026-08-20T21:50:00
709f0b14,ICICI,issuer_unavailable,UPI_AUTOPAY,1499,2026-08-20T21:51:00
46abbc79,ICICI,insufficient_funds,RuPay,1499,2026-08-20T21:56:00
90bd8f57,SBI,insufficient_funds,RuPay,1499,2026-08-20T21:57:00
8691a85e,Kotak,timeout,RuPay,299,2026-08-20T21:58:00
8105bb37,Kotak,insufficient_funds,UPI_AUTOPAY,499,2026-08-20T21:59:00
a776481c,SBI,timeout,UPI_AUTOPAY,2999,2026-08-20T22:05:00
299e63a4,HDFC,issuer_unavailable,RuPay,4999,2026-08-20T22:07:00
8822607b,ICICI,insufficient_funds,RuPay,299,2026-08-20T22:09:00
6e320203,ICICI,insufficient_funds,RuPay,199,2026-08-20T22:11:00
2fd76feb,HDFC,insufficient_funds,UPI_AUTOPAY,1499,2026-08-20T22:14:00
e985648f,ICICI,insufficient_funds,Visa,999,2026-08-20T22:22:00
3cd13701,Axis,hard_decline,Visa,1499,2026-08-20T22:25:00
2e79d2bc,Axis,timeout,UPI_AUTOPAY,999,2026-08-20T22:28:00
6a3db40a,Axis,issuer_unavailable,UPI_AUTOPAY,199,2026-08-20T22:29:00
85234728,HDFC,timeout,UPI_AUTOPAY,199,2026-08-20T22:32:00
1fdc6fad,HDFC,timeout,UPI_AUTOPAY,499,2026-08-20T22:34:00
22b636d7,Kotak,timeout,RuPay,4999,2026-08-20T22:37:00
e992d7c6,ICICI,insufficient_funds,Visa,1499,2026-08-20T22:38:00
a1469ed8,SBI,insufficient_funds,UPI_AUTOPAY,499,2026-08-20T22:38:00
96e5f7e2,Kotak,timeout,UPI_AUTOPAY,299,2026-08-20T22:40:00
7a0d3019,Kotak,insufficient_funds,RuPay,1499,2026-08-20T22:50:00
75ceeb9c,Axis,timeout,UPI_AUTOPAY,2999,2026-08-20T22:52:00
348174ed,ICICI,insufficient_funds,Visa,199,2026-08-20T22:53:00
c30199ff,Axis,timeout,Visa,199,2026-08-20T22:54:00
8a17e961,SBI,timeout,UPI_AUTOPAY,4999,2026-08-20T22:55:00
dbd7ac48,ICICI,timeout,UPI_AUTOPAY,1499,2026-08-20T22:59:00
e0406895,SBI,timeout,Visa,2999,2026-08-20T23:05:00
3b74dd11,ICICI,issuer_unavailable,Mastercard,1499,2026-08-20T23:06:00
851c8875,Axis,issuer_unavailable,UPI_AUTOPAY,999,2026-08-20T23:08:00
a087ce44,SBI,issuer_unavailable,RuPay,499,2026-08-20T23:14:00
eff5bab8,Axis,insufficient_funds,Mastercard,299,2026-08-20T23:16:00
e59ad648,HDFC,hard_decline,Mastercard,1499,2026-08-20T23:43:00
0777fc2d,HDFC,issuer_unavailable,Visa,4999,2026-08-20T23:45:00
049dcb9c,ICICI,insufficient_funds,Visa,499,2026-08-20T23:46:00
005e5e0f,ICICI,insufficient_funds,Visa,499,2026-08-20T23:46:00
25f84777,SBI,timeout,Mastercard,999,2026-08-20T23:52:00
50c3fce9,Kotak,timeout,UPI_AUTOPAY,2999,2026-08-20T23:52:00
d1d01403,HDFC,issuer_unavailable,UPI_AUTOPAY,199,2026-08-20T23:54:00
9a88f040,SBI,insufficient_funds,Visa,2999,2026-08-21T00:00:00
d4be17f3,HDFC,timeout,Visa,2999,2026-08-21T00:01:00
c9e62a3a,Axis,hard_decline,Visa,1499,2026-08-21T00:02:00
e365d947,SBI,insufficient_funds,Visa,299,2026-08-21T00:05:00
8c5d9aac,HDFC,timeout,UPI_AUTOPAY,4999,2026-08-21T00:07:00
ac93838b,SBI,timeout,Visa,199,2026-08-21T00:08:00
bbdc6f13,SBI,hard_decline,UPI_AUTOPAY,499,2026-08-21T00:15:00
0af9c630,Axis,hard_decline,Visa,4999,2026-08-21T00:19:00
937402ce,HDFC,timeout,Mastercard,999,2026-08-21T00:24:00
4fdf8008,ICICI,insufficient_funds,RuPay,499,2026-08-21T00:29:00
9b3fb023,ICICI,insufficient_funds,Visa,999,2026-08-21T00:33:00
e21b829b,HDFC,hard_decline,Visa,2999,2026-08-21T00:34:00
45f17223,HDFC,hard_decline,Visa,299,2026-08-21T00:34:00
55d248ee,SBI,timeout,UPI_AUTOPAY,499,2026-08-21T00:36:00
5394612e,HDFC,timeout,Visa,4999,2026-08-21T00:36:00
3dbfefbb,Kotak,timeout,RuPay,499,2026-08-21T00:42:00
3610344b,Kotak,timeout,Visa,2999,2026-08-21T00:47:00
ef7994d1,SBI,hard_decline,UPI_AUTOPAY,299,2026-08-21T00:55:00
48d8adc5,Kotak,insufficient_funds,Mastercard,499,2026-08-21T00:59:00
92bd8c66,ICICI,insufficient_funds,UPI_AUTOPAY,999,2026-08-21T00:59:00
6f0c4ccb,HDFC,issuer_unavailable,UPI_AUTOPAY,499,2026-08-21T01:03:00
5aab6281,Axis,insufficient_funds,Visa,499,2026-08-21T01:08:00
23b577db,HDFC,issuer_unavailable,RuPay,1499,2026-08-21T01:09:00
2bba693c,Kotak,issuer_unavailable,Mastercard,299,2026-08-21T01:11:00
70b81708,ICICI,timeout,UPI_AUTOPAY,199,2026-08-21T01:23:00
b683dee6,HDFC,issuer_unavailable,Mastercard,999,2026-08-21T01:24:00
fd3ebaf3,Kotak,insufficient_funds,RuPay,2999,2026-08-21T01:25:00
b18ec876,ICICI,hard_decline,Visa,4999,2026-08-21T01:28:00
6186f5ab,Axis,hard_decline,Visa,499,2026-08-21T01:28:00
f21c4663,HDFC,timeout,UPI_AUTOPAY,4999,2026-08-21T01:28:00
2dca1e39,Kotak,hard_decline,RuPay,199,2026-08-21T01:28:00
c174f872,Axis,issuer_unavailable,Visa,999,2026-08-21T01:30:00
8a438722,Axis,insufficient_funds,UPI_AUTOPAY,999,2026-08-21T01:31:00
82895844,Axis,timeout,UPI_AUTOPAY,1499,2026-08-21T01:37:00
451e2f74,Axis,insufficient_funds,RuPay,199,2026-08-21T01:39:00
0d8dc9dd,Kotak,insufficient_funds,Visa,499,2026-08-21T01:42:00
afcf6496,Axis,insufficient_funds,UPI_AUTOPAY,999,2026-08-21T01:50:00
cbd110b3,SBI,hard_decline,UPI_AUTOPAY,499,2026-08-21T02:01:00
182bc4f4,Kotak,timeout,UPI_AUTOPAY,499,2026-08-21T02:02:00
7f594c4b,Kotak,insufficient_funds,UPI_AUTOPAY,2999,2026-08-21T02:02:00
8cc35968,Kotak,timeout,Mastercard,499,2026-08-21T02:04:00
463e6441,ICICI,timeout,UPI_AUTOPAY,499,2026-08-21T02:07:00
1aa1a3d8,HDFC,issuer_unavailable,Visa,299,2026-08-21T02:07:00
9ed0b93c,ICICI,insufficient_funds,UPI_AUTOPAY,199,2026-08-21T02:09:00
80f296d0,ICICI,timeout,Mastercard,199,2026-08-21T02:15:00
e5b1bb36,Kotak,hard_decline,Mastercard,4999,2026-08-21T02:16:00
36e20e28,HDFC,hard_decline,UPI_AUTOPAY,4999,2026-08-21T02:22:00
7ca1732f,SBI,insufficient_funds,RuPay,1499,2026-08-21T02:27:00
076fc3af,ICICI,insufficient_funds,RuPay,199,2026-08-21T02:28:00
ebbd64c4,SBI,timeout,Visa,199,2026-08-21T02:31:00
ddf3be10,ICICI,insufficient_funds,Visa,199,2026-08-21T02:32:00
1d2a2b15,SBI,timeout,Mastercard,4999,2026-08-21T02:34:00
54769f45,SBI,timeout,Mastercard,999,2026-08-21T02:34:00
021452b8,SBI,timeout,RuPay,4999,2026-08-21T02:35:00
2cb00260,HDFC,timeout,RuPay,999,2026-08-21T02:39:00
d3ed4e01,SBI,hard_decline,Visa,299,2026-08-21T02:41:00
a0532adb,SBI,insufficient_funds,Mastercard,499,2026-08-21T02:43:00
f5244aff,HDFC,insufficient_funds,UPI_AUTOPAY,499,2026-08-21T02:45:00
03f007a0,ICICI,insufficient_funds,RuPay,1499,2026-08-21T02:45:00
69b49233,Axis,issuer_unavailable,UPI_AUTOPAY,1499,2026-08-21T02:45:00
96a342ad,Kotak,timeout,UPI_AUTOPAY,999,2026-08-21T02:47:00
17a27af8,HDFC,timeout,Mastercard,1499,2026-08-21T02:47:00
3dfc6028,Kotak,issuer_unavailable,Mastercard,999,2026-08-21T02:48:00
76c05d8a,ICICI,issuer_unavailable,Mastercard,4999,2026-08-21T02:48:00
ba932268,SBI,hard_decline,Mastercard,1499,2026-08-21T02:49:00
1d4134cf,ICICI,timeout,Visa,299,2026-08-21T02:53:00
8d91a832,SBI,hard_decline,UPI_AUTOPAY,999,2026-08-21T02:57:00
ebf3567a,HDFC,insufficient_funds,RuPay,2999,2026-08-21T02:57:00
82be67f6,HDFC,insufficient_funds,RuPay,1499,2026-08-21T03:03:00
043383e0,HDFC,hard_decline,UPI_AUTOPAY,4999,2026-08-21T03:05:00
077f762c,Kotak,insufficient_funds,UPI_AUTOPAY,1499,2026-08-21T03:05:00
8f8fd167,SBI,timeout,Mastercard,4999,2026-08-21T03:06:00
33e7b46c,ICICI,issuer_unavailable,Mastercard,4999,2026-08-21T03:09:00
9b42104a,Kotak,issuer_unavailable,UPI_AUTOPAY,199,2026-08-21T03:15:00
fb261403,Axis,insufficient_funds,UPI_AUTOPAY,1499,2026-08-21T03:27:00
fb5fd78f,HDFC,timeout,RuPay,299,2026-08-21T03:27:00
722fb966,Kotak,issuer_unavailable,Visa,299,2026-08-21T03:42:00
c0afaac3,ICICI,timeout,UPI_AUTOPAY,299,2026-08-21T03:46:00
b0ceef99,Kotak,hard_decline,Mastercard,299,2026-08-21T03:47:00
90c1af30,ICICI,issuer_unavailable,Visa,2999,2026-08-21T03:49:00
e262bb50,Axis,issuer_unavailable,UPI_AUTOPAY,1499,2026-08-21T03:49:00
b784de96,Axis,insufficient_funds,Mastercard,999,2026-08-21T03:55:00
0ca4b2c1,HDFC,timeout,UPI_AUTOPAY,299,2026-08-21T03:58:00
e7843e95,SBI,insufficient_funds,RuPay,2999,2026-08-21T04:03:00
4d179b42,Axis,insufficient_funds,UPI_AUTOPAY,999,2026-08-21T04:08:00
97d00497,Axis,timeout,UPI_AUTOPAY,999,2026-08-21T04:11:00
a6d5a230,Kotak,hard_decline,RuPay,2999,2026-08-21T04:12:00
78214ed8,Axis,timeout,UPI_AUTOPAY,999,2026-08-21T04:12:00
6f2caf12,HDFC,issuer_unavailable,Visa,499,2026-08-21T04:13:00
151bada0,HDFC,timeout,Visa,2999,2026-08-21T04:15:00
dd57cdfe,SBI,timeout,Mastercard,4999,2026-08-21T04:15:00
c980bf57,ICICI,insufficient_funds,Visa,4999,2026-08-21T04:16:00
b19e4dcf,SBI,hard_decline,UPI_AUTOPAY,1499,2026-08-21T04:19:00
6c2194e6,HDFC,timeout,UPI_AUTOPAY,299,2026-08-21T04:23:00
2d72f6d1,Kotak,timeout,Visa,499,2026-08-21T04:23:00
40059880,ICICI,issuer_unavailable,UPI_AUTOPAY,2999,2026-08-21T04:24:00
92a7374b,Kotak,issuer_unavailable,RuPay,199,2026-08-21T04:25:00
16f993cb,SBI,insufficient_funds,Mastercard,499,2026-08-21T04:26:00
398d2145,ICICI,timeout,RuPay,499,2026-08-21T04:28:00
b6a64e0e,Kotak,issuer_unavailable,Mastercard,4999,2026-08-21T04:28:00
c7b2c8e2,Axis,hard_decline,RuPay,299,2026-08-21T04:33:00
67f1ccb4,SBI,timeout,UPI_AUTOPAY,199,2026-08-21T04:34:00
a14da470,HDFC,issuer_unavailable,Mastercard,1499,2026-08-21T04:50:00
0dfe49c1,Kotak,insufficient_funds,Mastercard,2999,2026-08-21T04:51:00
ce177ace,ICICI,insufficient_funds,UPI_AUTOPAY,4999,2026-08-21T04:56:00
31591014,SBI,hard_decline,UPI_AUTOPAY,4999,2026-08-21T04:59:00
99d9fd3a,ICICI,timeout,UPI_AUTOPAY,499,2026-08-21T05:00:00
3f45eb76,Kotak,timeout,Visa,4999,2026-08-21T05:08:00
fcb40b7e,HDFC,issuer_unavailable,Visa,299,2026-08-21T05:09:00
762d6f43,SBI,timeout,RuPay,299,2026-08-21T05:16:00
730c7011,HDFC,insufficient_funds,Mastercard,2999,2026-08-21T05:17:00
95b9a996,SBI,timeout,Mastercard,2999,2026-08-21T05:20:00
35d703ea,Axis,issuer_unavailable,UPI_AUTOPAY,2999,2026-08-21T05:23:00
dec1acf1,Axis,insufficient_funds,RuPay,1499,2026-08-21T05:26:00
6e72816a,ICICI,timeout,UPI_AUTOPAY,1499,2026-08-21T05:33:00
e7a30ca3,SBI,insufficient_funds,Visa,199,2026-08-21T05:37:00
8f9cf989,Kotak,insufficient_funds,UPI_AUTOPAY,1499,2026-08-21T05:49:00
77fcd1d5,SBI,issuer_unavailable,Visa,1499,2026-08-21T05:50:00
8702b7e7,Kotak,insufficient_funds,UPI_AUTOPAY,4999,2026-08-21T05:50:00
1f94f750,Kotak,insufficient_funds,Mastercard,199,2026-08-21T05:54:00
827fd766,SBI,issuer_unavailable,UPI_AUTOPAY,199,2026-08-21T05:58:00
47cd534b,ICICI,timeout,UPI_AUTOPAY,4999,2026-08-21T06:01:00
c06eea25,SBI,timeout,UPI_AUTOPAY,299,2026-08-21T06:06:00
947f4f06,HDFC,timeout,UPI_AUTOPAY,1499,2026-08-21T06:06:00
d8c0ce8b,Kotak,insufficient_funds,UPI_AUTOPAY,999,2026-08-21T06:07:00
bfae9e5e,HDFC,issuer_unavailable,UPI_AUTOPAY,2999,2026-08-21T06:13:00
ae72e1a0,SBI,insufficient_funds,UPI_AUTOPAY,999,2026-08-21T06:14:00
085f76fc,SBI,hard_decline,Mastercard,2999,2026-08-21T06:14:00
de863eb4,SBI,timeout,RuPay,999,2026-08-21T06:15:00
056c16b0,Axis,hard_decline,RuPay,499,2026-08-21T06:23:00
8858c028,ICICI,timeout,Visa,4999,2026-08-21T06:35:00
b447a8ab,Axis,insufficient_funds,Visa,2999,2026-08-21T06:37:00
683814a4,Kotak,insufficient_funds,UPI_AUTOPAY,199,2026-08-21T06:37:00
2fd4f4dd,Kotak,timeout,UPI_AUTOPAY,4999,2026-08-21T06:43:00
fde25c98,SBI,timeout,UPI_AUTOPAY,1499,2026-08-21T06:45:00
bbb96f77,ICICI,issuer_unavailable,Mastercard,499,2026-08-21T06:52:00
103c40bf,Kotak,timeout,Visa,299,2026-08-21T06:56:00
699ad514,HDFC,issuer_unavailable,UPI_AUTOPAY,499,2026-08-21T07:02:00
63419697,ICICI,timeout,UPI_AUTOPAY,199,2026-08-21T07:03:00
247bc19c,Kotak,insufficient_funds,Visa,199,2026-08-21T07:07:00
2abf25c0,ICICI,insufficient_funds,RuPay,299,2026-08-21T07:09:00
0800ed76,SBI,hard_decline,UPI_AUTOPAY,999,2026-08-21T07:09:00
087d6b0d,Axis,timeout,UPI_AUTOPAY,499,2026-08-21T07:09:00
a66bc62e,ICICI,issuer_unavailable,RuPay,499,2026-08-21T07:13:00
d9ca2b21,Axis,insufficient_funds,Mastercard,2999,2026-08-21T07:18:00
275e4efa,Kotak,hard_decline,UPI_AUTOPAY,299,2026-08-21T07:24:00
d2b85203,Kotak,insufficient_funds,UPI_AUTOPAY,999,2026-08-21T07:29:00
ecee53f8,Kotak,timeout,Visa,499,2026-08-21T07:33:00
e9b0441f,ICICI,timeout,Mastercard,1499,2026-08-21T07:36:00
b1697f67,Axis,timeout,Mastercard,4999,2026-08-21T07:39:00
cc803608,Axis,hard_decline,UPI_AUTOPAY,4999,2026-08-21T07:39:00
f39313e3,Axis,issuer_unavailable,UPI_AUTOPAY,2999,2026-08-21T07:45:00
08cd49cf,ICICI,insufficient_funds,UPI_AUTOPAY,999,2026-08-21T07:47:00
1d1b649e,SBI,hard_decline,UPI_AUTOPAY,1499,2026-08-21T07:49:00
77ece4cc,SBI,issuer_unavailable,UPI_AUTOPAY,999,2026-08-21T07:49:00
f95aaba3,HDFC,insufficient_funds,RuPay,499,2026-08-21T07:51:00
0ef94ddd,ICICI,issuer_unavailable,Mastercard,499,2026-08-21T07:55:00
5fc8e432,SBI,timeout,UPI_AUTOPAY,999,2026-08-21T07:55:00
c7b88484,SBI,insufficient_funds,UPI_AUTOPAY,499,2026-08-21T07:56:00
61f4d5c7,HDFC,insufficient_funds,RuPay,2999,2026-08-21T08:03:00
28bf5521,ICICI,hard_decline,Visa,999,2026-08-21T08:04:00
a64c6241,Kotak,timeout,UPI_AUTOPAY,1499,2026-08-21T08:06:00
6a7ef62e,HDFC,insufficient_funds,Visa,2999,2026-08-21T08:07:00
32ba7d07,HDFC,insufficient_funds,RuPay,199,2026-08-21T08:08:00
732c7f77,HDFC,issuer_unavailable,RuPay,499,2026-08-21T08:10:00
6315b518,ICICI,timeout,RuPay,4999,2026-08-21T08:16:00
3100fffa,HDFC,insufficient_funds,RuPay,4999,2026-08-21T08:22:00
0ffbedc2,ICICI,issuer_unavailable,RuPay,1499,2026-08-21T08:25:00
eccf2030,SBI,timeout,RuPay,499,2026-08-21T08:26:00
dee6a3d4,ICICI,timeout,UPI_AUTOPAY,4999,2026-08-21T08:26:00
800b1f65,Kotak,issuer_unavailable,UPI_AUTOPAY,1499,2026-08-21T08:35:00
d8a4112a,HDFC,timeout,UPI_AUTOPAY,299,2026-08-21T08:36:00
de535abb,HDFC,issuer_unavailable,Visa,499,2026-08-21T08:39:00
50f8aed8,ICICI,timeout,RuPay,4999,2026-08-21T08:47:00
d049d7f9,ICICI,timeout,Mastercard,4999,2026-08-21T08:49:00
4e40840b,HDFC,hard_decline,UPI_AUTOPAY,299,2026-08-21T08:56:00
bdf87104,ICICI,timeout,UPI_AUTOPAY,299,2026-08-21T08:56:00
